mag,Sq0,Sq10000000
1.0,0.8532762376092567,3.2975902506796277
2.0,0.9525991163542321,6.414946816989577
3.0,0.5652641361186909,7.159563499999013
4.0,0.727301961634194,7.559288185225592
5.0,0.8152680910729775,9.01329809078376
6.0,0.9151474691667465,9.373195492184113
8.0,0.9217060986952494,11.548969690783368
9.0,0.7452211400118366,9.403725889323281
10.0,0.8454945025753388,10.250190183778857
11.0,0.8640977216617667,11.21843134207967
12.0,1.0320736738859788,7.696563108572575
13.0,0.8071915010482529,10.112508755895254
14.0,0.7852539469348991,9.528066034433223
16.0,0.9480207478233283,9.816767349621669
17.0,0.8722287770030902,8.458678437187237
18.0,0.8072233985608481,8.765485232586075
19.0,0.9533646032034748,8.55963708745521
20.0,0.8737925501463242,6.291853665938071
21.0,0.7399016679226481,7.219786470509432
22.0,0.8308878015232822,7.7553309259482575
24.0,0.8175017989589571,6.757063031275022
25.0,0.7326215512758723,7.572462391753566
26.0,0.8773991847267453,6.7292270809565435
27.0,0.9744679728107267,6.9594639609379705
29.0,0.7676910237205404,6.654506705516799
30.0,0.9168827635699709,6.110069421485047
32.0,0.9919064646788825,5.151441693349602
33.0,0.8788626007935855,5.438707395857688
34.0,0.8490127972176043,5.424590535664177
35.0,0.7971079681588978,5.490447243313292
36.0,0.8444515530242336,5.298956040068845
37.0,0.7750698439246548,6.3081380524957105
38.0,0.8124825984587238,5.092022354788501
40.0,0.8150170303434926,5.703854389717632
41.0,0.8718576373366732,5.4648826311815855
42.0,0.7249662201951618,5.33090235886066
43.0,1.025429819349149,5.603542071327626
44.0,0.7887563690711399,4.224810868548978
45.0,0.8385334804102478,4.383963525778082
46.0,0.8911734995622798,4.625967861679933
48.0,0.8014053718610418,3.9904266319510318
49.0,0.8943231393762073,4.280384142460845
50.0,0.7920495556271712,4.119614399994399
51.0,0.8399985577804103,4.528038734368133
52.0,0.700190781209658,4.802261073317113
53.0,0.823454595779181,4.1969177153480315
54.0,0.7469127480536838,3.8800304504303336
56.0,0.953355084566233,3.9066407242811962
57.0,0.8240886619149398,3.8130156913581543
58.0,0.8776141250616294,4.115004993048701
59.0,0.8125276811253236,3.597203219016643
61.0,0.874464922834787,4.0409766493338
62.0,0.8914131136539876,3.8607870007745557
64.0,0.7511513215903336,2.8833021432769743
65.0,0.8519127286915933,3.7854563745315506
66.0,0.8809407484731737,3.6608739464526647
67.0,0.9184225040360702,3.5913118785518114
68.0,0.9207285565578637,3.4867084802427235
69.0,0.8889650280368123,3.74110564742187
70.0,0.7901663936558123,3.724603130167466
72.0,0.8175224716077389,3.3880398577485975
73.0,0.774564360573989,3.24548928657552
74.0,0.8412929162162496,3.2469508464693417
75.0,0.7846450192445845,3.057394034254827
76.0,0.9676082839681689,3.114793799937322
77.0,0.8561342491753577,3.2345108603396553
78.0,0.9300214010534336,3.3817175896053553
80.0,0.8973876653865047,3.016939772896038
81.0,0.8315276299077108,3.0132350410552413
82.0,0.8714572889832987,2.8854950272683313
83.0,0.8755909640492066,3.1069568494073487
84.0,0.7398116576930645,3.0190695131180125
85.0,0.7616786636326327,2.8007734288491632
86.0,0.8447968448138296,3.0870478910621157
88.0,0.9941367664561842,2.9823886435460754
89.0,0.8292879284989269,2.9654991440372
90.0,0.8848160664378846,2.968769634985914
91.0,0.7623616338930683,2.6604424233384067
93.0,0.9034373255531278,2.656396769111356
94.0,0.9109268874026014,2.844234259032055
96.0,0.8830573516794195,2.9154345031645414
97.0,0.8100303504505808,2.6927145506905483
98.0,0.8718477330342667,2.8278275100942825
99.0,0.8611347056438211,2.786908299339805
100.0,0.8645737563608312,2.691015346151973
101.0,0.8656254601596446,2.9358717956342413
102.0,0.9445765013037428,2.5600239088570054
104.0,0.7895532326370469,2.8088716279841814
105.0,0.8901264956786099,2.3379851130364506
106.0,0.8870151429161837,2.5734059883405345
107.0,0.8697850231942493,2.3634678523362114
108.0,0.9591821435466734,2.6236660345584446
109.0,0.8969456661079314,2.6571306022910735
110.0,0.8531655781997525,2.4250871897844637
113.0,0.8074128925883213,2.556487136641786
114.0,0.8636147787067837,2.590495610189521
115.0,0.8571146365529269,2.519270228303376
116.0,0.9140179262393465,2.5408319953095324
117.0,0.8276488302345378,2.579910693562247
118.0,0.927447426446825,2.35587691490035
120.0,0.9462333193932367,2.559245148972296
121.0,0.8626068446729052,2.377756617683933
122.0,0.8370945683531438,2.4625753268677646
123.0,0.8334443440797459,2.329770225110319
125.0,0.9179747076535217,2.3060435737978144
126.0,0.9240799847732538,2.4539175576180234
128.0,0.8533016584068389,2.348237775086062
129.0,0.8648675677817328,2.3655788846623986
130.0,0.8638718228549583,2.5071891275486564
131.0,0.8305017372952945,2.324245335794655
132.0,0.8426764898342777,2.122870982974708
133.0,0.7803257909992054,2.412639342547704
134.0,0.8676186133479116,2.3310201617077415
136.0,0.9782352630342129,2.5080921127879185
137.0,0.7998933255587225,2.3957142861033516
138.0,0.8391767609110738,2.2515707361735
139.0,0.8079120571487287,2.3738937762406325
140.0,0.8502816575667596,2.127945507936512
141.0,0.8325644474646351,2.1983700091926535
142.0,0.8932296985339919,2.232743681483262
144.0,0.705157862853229,2.342578525358567
145.0,0.829197511293647,2.413849004594526
146.0,0.8526629929044931,2.219447694812255
147.0,0.833308780069041,2.153994235279507
148.0,0.7932898218448088,2.111656310585848
149.0,0.8771671275286215,2.1745683663484607
150.0,0.8660287435751834,2.2182254825786023
152.0,1.0306329578644051,2.2948026066704448
153.0,0.8102273421335487,2.223963083814526
154.0,0.842390456247367,2.0975398242280328
155.0,0.8753417677504883,2.253453281798462
157.0,0.8947788762261937,2.1193603873652664
158.0,0.9017876302440684,2.0741430765065694
160.0,0.8314999750005916,2.347646045624025
161.0,0.8480309403469056,2.0975473063200547
162.0,0.9748022447803427,2.336004532173053
163.0,0.8638989483068874,2.030305585638783
164.0,0.8137538183230074,2.0242311093814394
165.0,0.7974445957061528,2.2558834904096656
166.0,0.8455858120229279,1.980547045083005
168.0,1.001742413500371,2.0603003259922037
169.0,0.9739192860192978,1.8658169629798897
170.0,0.8613438568248947,1.9868136647215673
171.0,0.8887745795980644,1.9154022963569184
172.0,0.7377204854603095,2.075122581380596
173.0,0.8629448757866055,2.1074607780593473
174.0,0.8677034951556628,1.8644878053321328
176.0,0.8733670926075767,2.0004472087493586
177.0,0.8532663342745562,1.806577495456739
178.0,0.9119059536269338,1.9653665972444334
179.0,0.8762386909102983,1.8761357409306827
180.0,0.8887184240346216,2.019003784106627
181.0,0.953256959566016,2.120504726833522
182.0,0.8397529896414675,2.0076221827652643
184.0,0.8551946053444168,2.0612505877450666
185.0,0.9370402638833754,2.0108978598484524
186.0,0.9261166643628485,1.8825244537619958
187.0,0.8329307559649509,2.0979756524649695
189.0,0.8683722263593814,1.9599643889758018
190.0,0.8935222997995039,1.899206661960906
192.0,1.0031602599419236,2.098422198441907
193.0,0.8302010527346676,1.746101434367829
194.0,0.8689300700202062,2.0812067758876016
195.0,0.9156338383297336,2.0407330694915546
196.0,0.8348324849607991,2.014592986003157
197.0,0.8546559759106503,1.9848737238692113
198.0,0.8776224535166793,1.8477229470480059
200.0,0.8830503644919582,1.86323003021148
201.0,0.8336070443708179,1.8650538079678673
202.0,0.8636005533013363,1.7695831467158398
203.0,0.8499664848537297,1.787054443916207
204.0,0.8367401714080713,1.6855378120667683
205.0,0.9509046452650167,1.7192277673338678
206.0,0.8830994831699595,1.8399146989130342
208.0,0.817824008762927,2.0651341716312848
209.0,0.8136181257194789,1.8563067031679643
210.0,0.8450309489268355,1.7999930023017998
211.0,0.9261490707377387,1.8831408730730559
212.0,0.8426750865405155,1.8914783523437828
213.0,0.8774917507116439,1.9485475862240957
214.0,0.7624902468650708,1.7814821998831012
216.0,0.9011517331853792,1.8340836860221699
217.0,0.8112155607588201,1.6929390550734948
218.0,0.874414178223969,1.8159101052557558
219.0,0.9373119296138704,1.6510385909475462
221.0,0.8845961778840669,1.7246713270233165
222.0,0.927309843522334,1.849204783086892
224.0,0.9350549453579537,1.81881885042713
225.0,0.9371580393077126,1.7440853386464474
226.0,0.9249977408059437,1.8424103768640383
227.0,0.8367437601782822,1.7416675455073378
228.0,0.8576166646526558,1.8416202550096334
229.0,0.8595270191965237,1.6259520945254156
230.0,0.8625762526753188,1.7857061684876538
232.0,0.8908327018221464,1.987541111520737
233.0,0.8797514692794499,1.7051291771756985
234.0,0.8155988372119061,1.7634965435268817
235.0,0.8545017320513529,1.6999982827442859
236.0,0.8773577375617461,1.6834195398046685
237.0,0.8634164907630105,1.7972081162633706
238.0,0.881603859256128,1.6708338080881737
241.0,0.913551106162838,1.6458122959866164
242.0,0.8600068386693358,1.7694184088791538
243.0,0.8232207602135634,1.7746905407264353
244.0,0.8610900650864067,1.7894365917887314
245.0,0.8726939070293067,1.7615446072251253
246.0,0.8771806205159824,1.6955813976111915
248.0,1.0102851425022767,1.6992039809857016
249.0,0.902310037263792,1.748559314343616
250.0,0.8583422182635105,1.7530052059597805
251.0,0.903884522995735,1.689570535187988
253.0,0.7218868997609651,1.4954621517465487
254.0,0.9048551678264781,1.7006168365522012
256.0,0.8897055909891914,1.620121491823934
257.0,0.8722978311208973,1.5621911588812527
258.0,0.9040647142081353,1.6678847064373983
259.0,0.8308501541311334,1.5695675807987954
260.0,0.8609169043644189,1.6039758016343926
261.0,0.8572070294333723,1.6590560713249838
262.0,0.8766037496703483,1.6924759324019305
264.0,0.9172449551172577,1.7450274679014475
265.0,1.0023067555751146,1.639020976287044
266.0,0.8768235653628098,1.70036909334484
267.0,0.8600691935450441,1.6953981784877652
268.0,0.8752591405791008,1.654085663623326
269.0,0.9019687685023695,1.5862015477291753
270.0,0.877142428001611,1.6450765843488446
272.0,0.9406144034917916,1.7169246689653213
273.0,1.0117572442570077,1.7164770251062604
274.0,0.9079598844968979,1.5653919851372962
275.0,0.9274650673924248,1.6465786695597702
276.0,0.8503424254881362,1.6222692732098973
277.0,0.8186266169371004,1.5603635059253858
278.0,0.938068853815951,1.4357404301794776
280.0,0.9349329321547509,1.5651562240559147
281.0,0.9301433067541056,1.5435153111521585
282.0,0.859402142080738,1.506711426349458
283.0,0.859097388762068,1.5177826511304275
285.0,0.9302828380394381,1.6483503743081023
286.0,0.9169724554697033,1.5145555768790055
288.0,1.0087274193157512,1.6235347681812518
289.0,0.8635643876564152,1.490300480760046
290.0,0.9209398435053685,1.5696460161721664
291.0,0.943866082452205,1.5454102045938725
292.0,0.7878962284213261,1.7477218012530644
293.0,0.8849231304898272,1.5777660323004763
294.0,0.941249887474866,1.4652201788538077
296.0,0.8696058532226353,1.4617307464934564
297.0,0.8233340512156223,1.5698367226886354
298.0,0.8963904060897244,1.6291445406737082
299.0,0.8581906378879763,1.6378332823821848
300.0,0.8724572260319876,1.4835786617994817
301.0,0.8920619485989492,1.4452042526139504
302.0,0.8824827548226692,1.5006434915583922
304.0,0.6684289928176844,1.6284916089915298
305.0,0.9205931155308599,1.605626145029556
306.0,0.8608367005814962,1.5170441481065375
307.0,0.9220027495690376,1.5030208719744322
308.0,0.8922245131620894,1.5209818702008093
309.0,0.9146237480567514,1.4735138909577479
310.0,0.8651990274249874,1.4721493230349834
312.0,0.9209696195394806,1.6455620807441316
313.0,0.8272487958325686,1.5429977452700132
314.0,0.9123573940025325,1.5020349807115025
315.0,0.8862884253681296,1.5261631076058488
317.0,0.9428625583424076,1.585405134217359
318.0,0.9118859625269607,1.4547676255445592
320.0,0.8086681282384366,1.6142435139701814
321.0,0.9183265698486966,1.5425132802380368
322.0,0.8794399596491483,1.3753514082610827
323.0,0.9774885764749351,1.4764944762756838
324.0,0.929021625258364,1.4821521421310617
325.0,0.8749296197458627,1.5298723544103614
326.0,0.9072326065441377,1.490379154670928
328.0,0.9136431111829537,1.4518308322825926
329.0,0.8982216102086168,1.4306688212130514
330.0,0.9358404771489562,1.4876017032025777
331.0,0.9504354072540807,1.3537438761452776
332.0,0.9162510796473667,1.4485531159002936
333.0,0.8812161605754756,1.4662202750004485
334.0,0.8954029662917036,1.4931379630299297
336.0,0.7773795280123165,1.3263573987929786
337.0,0.9431428211406537,1.4744793859826621
338.0,0.8909964054341124,1.475362407907145
339.0,0.8272856847301598,1.4770651965265518
340.0,0.8380641911773619,1.4108146142099454
341.0,0.8454147487862685,1.468500646176527
342.0,0.8862676775321104,1.449057459325883
344.0,0.8475829261543144,1.3777446646655227
345.0,0.884329640127387,1.5791101802107046
346.0,0.9040705957085562,1.4425550767218756
347.0,0.8406079809739689,1.4310032454480528
349.0,0.9960893538045137,1.3744925897940456
350.0,0.8755609569533289,1.4190613507388459
352.0,0.9166432965100958,1.5769586848577977
353.0,0.8457705499931196,1.4703699070828637
354.0,0.898799225421354,1.4800092885484533
355.0,0.9528458494600858,1.336887478512679
356.0,0.9503016597246727,1.5184320175183115
357.0,0.8897930025809974,1.4720296693933397
358.0,0.9086797978939234,1.3058007142961214
360.0,0.8634386111891261,1.3236389121255887
361.0,0.9093216975804982,1.53104160696376
362.0,0.9038395549144695,1.4617042259402877
363.0,0.8468970549098341,1.3770982908638065
364.0,0.9541534431215407,1.4819339842568975
365.0,0.9829566574019222,1.3618867262902217
366.0,0.8943948674160125,1.4264988215149803
369.0,0.902078526797363,1.405559783430593
370.0,0.9142904752186317,1.4335899665987994
371.0,0.9122587625509446,1.36649078000791
372.0,0.9657758917963174,1.3926359408200044
373.0,0.860138919012969,1.4169191224940763
374.0,0.9022983125933726,1.3681884218642555
376.0,0.8468201598688103,1.3548401357253246
377.0,0.9463766402307183,1.3921165058937202
378.0,0.8745451259964407,1.379104353402858
379.0,0.8852914442968789,1.3864081633127283
381.0,0.9510337286745298,1.3675845558694408
382.0,0.8437716815525946,1.3764611085842882
384.0,0.7549519113446024,1.2651417450817035
385.0,0.8734507496028384,1.2951211300111842
386.0,0.931561499106197,1.3876059771159408
387.0,0.9013321507237122,1.3145090694697705
388.0,0.8275754398640555,1.3191993885265045
389.0,0.8646370296026918,1.4163511758308773
390.0,0.897807690505189,1.3040115297761563
392.0,0.9890455483072872,1.3869262584896414
393.0,0.8586175936402307,1.362204478790966
394.0,1.0075652012177516,1.4224560103281376
395.0,0.9483281180937156,1.3863689421035807
396.0,0.9504033225930217,1.5371521980762628
397.0,0.9169768643404242,1.3551617667584583
398.0,0.8690834819635933,1.355105068179336
400.0,0.8016988820895375,1.504222298415872
401.0,0.891556289521217,1.336635917795748
402.0,0.9012942207798833,1.3119022303860468
403.0,0.8996201736092005,1.4244521872245892
404.0,0.9223491498101108,1.3432728319510232
405.0,0.9031289834687884,1.3515113932124605
406.0,0.841114349291692,1.3436566105240149
408.0,1.0179232078953178,1.4043064639175669
409.0,0.9304776182981143,1.410826931320567
410.0,0.8948665293072959,1.3635332804982752
411.0,0.9667721849067693,1.3719429277456774
413.0,0.9273436237142619,1.3221162583995127
414.0,0.8886170758394084,1.3357101232254462
416.0,0.8517609149614099,1.3696111242179625
417.0,0.911290156107759,1.2910676083059367
418.0,0.8449224167559061,1.3137836503320677
419.0,0.9671590927054645,1.2934208570573227
420.0,0.9430325272840774,1.3065445168230074
421.0,0.905559066118082,1.2395158976763772
422.0,0.9378694486043696,1.2882468528178368
424.0,1.0062534835261994,1.4007526672383992
425.0,0.9257217605860723,1.2566913108403075
426.0,0.9328678273404132,1.314768540856472
427.0,1.0258046375949157,1.332162059920724
428.0,0.854616879561216,1.3264872851242349
429.0,0.9702078207052306,1.285797829032176
430.0,0.9525763054486855,1.3771397620863741
432.0,0.8281989618974328,1.3449947734687924
433.0,0.9715082248131949,1.3292958695894157
434.0,0.9669155718656725,1.2786702271727257
435.0,0.8457209222508772,1.3029331238143862
436.0,0.8202625895940302,1.1767811503492955
437.0,0.9060573285865597,1.3720630009166923
438.0,0.8533455993062827,1.283318857076127
440.0,0.9079409763112138,1.3132727295146436
441.0,0.9390409795129914,1.2470447011221735
442.0,0.9507144433084758,1.2662585047548678
443.0,0.9302553192624203,1.3070807820243682
445.0,0.8904155620841213,1.3047703753719737
446.0,0.9437746033450174,1.2719176678341582
449.0,0.965702393309145,1.2219104481013752
450.0,0.9496027445881718,1.3132598994743503
451.0,0.937636182036931,1.2448340000340208
452.0,0.9200541559851197,1.232475800225892
453.0,0.9136692080422163,1.2154873490384595
454.0,0.9131823568346051,1.2438353100776058
456.0,0.8713899098748632,1.1965695980370246
457.0,0.9264926221252258,1.393348772800549
458.0,0.912012791703039,1.2574070469799663
459.0,0.9485194639986428,1.3036635631852984
460.0,0.9221447149328488,1.2951740134101137
461.0,0.9395758589150263,1.258439307283173
462.0,0.8737970763306595,1.2312699983506803
464.0,0.9729736592702714,1.1988210156340005
465.0,0.9058459681874663,1.229587213386976
466.0,0.9439627318260105,1.0349748198802518
467.0,0.9260769164705185,1.294937170367064
468.0,0.8896491279965074,1.2069257793028072
469.0,0.9102473571925982,1.1589757960900282
470.0,0.9029939888127965,1.2358964328432482
472.0,0.8813742700544012,1.3161751652679876
473.0,0.8851764173330801,1.3129222256402666
474.0,0.9225802235566387,1.2411751414826082
475.0,0.8939342695048844,1.2595321462764388
477.0,0.9540186362449292,1.204982782937442
478.0,0.965074630638477,1.230840212192667
480.0,0.8938342243929989,1.1803957189312102
481.0,0.9865362278996151,1.2387285042648661
482.0,0.9423379941090365,1.2248058348848516
483.0,1.0095755300282938,1.285943063826346
484.0,0.9141536877466809,1.2476662144087758
485.0,1.0010117552240239,1.1914661665231132
486.0,0.8855227583105859,1.249573657599348
488.0,0.8783021605342086,1.2955664390263386
489.0,0.9502904571177645,1.2389899916817988
490.0,0.9178568796180442,1.2421072302888485
491.0,0.9142414059315337,1.1556631819814576
492.0,0.935220095326822,1.0861496434062905
493.0,0.8843342834554593,1.2198309374690786
494.0,0.9163379593333834,1.177132399264661
497.0,0.90511399580238,1.2564493881571184
498.0,0.9598614335394239,1.3058309579583263
499.0,0.8557836564627623,1.175891980030498
500.0,0.8705174024453994,1.2131098351744027
501.0,0.9649634370654215,1.167691076060357
502.0,0.9052359462963244,1.2512347383109883
504.0,0.9729576907238141,1.2472691157889144
505.0,0.9716753776120033,1.2061336585087776
506.0,0.9302871599164652,1.2505080434507465
507.0,0.8673532953377114,1.2486534760848353
509.0,0.9516059488179622,1.1640557480139795
510.0,0.9472959593558893,1.2651785770002042
512.0,1.1506141593731511,1.0793656061496297
513.0,0.9478213263675157,1.2446583930094322
514.0,0.9304366083513794,1.2152306172990661
515.0,0.9486239112702964,1.162163391602426
516.0,0.92595764961238,1.1657155098000351
517.0,0.9477855724933492,1.147567379489666
518.0,0.8697209159434631,1.137727343630787
520.0,1.062418623960576,1.055047639042143
521.0,0.9507334002540813,1.1882816049838703
522.0,0.9261587289498652,1.1524170049266302
523.0,0.9450948852349522,1.176756613296148
524.0,0.9469542694013644,1.1385370655050342
525.0,0.9267665711297762,1.2237201872773844
526.0,0.959972978738844,1.1436557050076346
528.0,0.9914244540769492,1.1810525028146202
529.0,1.0153121036272754,1.1637702835377517
530.0,0.9268628971134533,1.2051308342011435
531.0,0.9422400006132646,1.1869940830542698
532.0,0.9732108908741417,1.240593550465586
533.0,1.0114486982227273,1.138050278757066
534.0,0.9520737028708907,1.1493505298378837
536.0,0.9609709211844251,1.1674015579694004
537.0,1.0157540861734446,1.112698067820063
538.0,1.0523319174472772,1.1539120279591693
539.0,0.8988422534651761,1.1744507563594788
541.0,0.870739339452957,1.1429342048925266
542.0,0.9310030139760216,1.1520510148941863
544.0,1.0070005443073404,1.1641531205685047
545.0,0.9314535477090922,1.1828334295537002
546.0,0.9072158159782495,1.2032144694186069
547.0,0.9733570061340846,1.152160032373273
548.0,0.908776030474164,1.1456601367811121
549.0,0.9357255335977291,1.1980659569919196
550.0,0.9460165760731677,1.1606752189911487
552.0,0.9224056408516428,1.2061369102258974
553.0,0.9073927841268076,1.0887610136269683
554.0,0.9788211967731326,1.1155540643484667
555.0,0.9086516842573066,1.0428754539577736
556.0,0.8320946409488493,1.1527555653434722
557.0,1.0098871464478976,1.115966839636486
558.0,0.9186226716673218,1.152088273028737
560.0,0.8612218079357522,1.1152974384871097
561.0,0.9677320022521141,1.0921975391734982
562.0,0.9249775563570898,1.1360867541067425
563.0,0.8877908213762774,1.1268643532164317
564.0,0.940121763190136,1.1578329678365409
565.0,0.9895086973023263,1.10826225179668
566.0,0.9435261830974865,1.1654263918839318
568.0,0.9702838829098588,1.1090995090748768
569.0,0.9569243348904296,1.1372000516871432
570.0,0.9933849703121068,1.0949290923973125
571.0,0.9846146775015384,1.0860822806972867
573.0,0.9836410878351226,1.10345037589938
574.0,0.8949970933513096,1.083213993245413
576.0,1.0336725615954174,1.1841916465640987
577.0,0.9226579549506115,1.117705159521271
578.0,0.9913248439216044,1.121375779505671
579.0,0.909470097862701,1.1137448183097847
580.0,0.9375754324285758,1.0897564911631674
581.0,0.9276237940086736,1.0587536165712617
582.0,0.9022216352276441,1.1317429697729626
584.0,0.9659354786428827,1.0786768036276682
585.0,0.9315738288745707,1.1608598612011802
586.0,0.9625076090740294,1.0542040272985507
587.0,0.9486954673997301,1.1527746749458878
588.0,0.9130373652606953,1.1596641832823367
589.0,0.9727432766726679,1.123854634629457
590.0,0.9042795651788967,1.1265238101075528
592.0,0.8987233624691972,0.9607786947945504
593.0,0.9312056193375831,1.1403450307860015
594.0,0.9397469719890454,1.1447519361398282
595.0,0.9643446810273901,1.2128400117595328
596.0,0.9507174697442456,1.1242616896651925
597.0,0.9394885478140008,1.0652511327131151
598.0,0.9019067749596443,1.1084819889969084
600.0,1.0106288916989656,1.0599565240336613
601.0,0.9174028057831356,1.1259050173993774
602.0,0.9744358765731448,1.102543115376133
603.0,0.9877887490025048,1.048158663810285
605.0,0.9093887411368822,1.0710245609901008
606.0,0.9224205497031418,1.093599111779652
608.0,0.8831170842364223,1.143396951849792
609.0,0.8967683619123483,1.1295390051291818
610.0,0.8948197706474567,1.1116010501944011
611.0,0.9577797907324768,1.0706025504857304
612.0,0.9224018898957489,1.1527090096940849
613.0,0.9269345016869726,1.160006826684234
614.0,0.9674711548006224,1.0818192904385144
616.0,0.9363547273301652,1.102370627822437
617.0,0.9589218618834399,1.04608126265956
618.0,0.9087165069403591,1.030734531488794
619.0,1.0085966466837146,1.0577171892761301
620.0,0.9706173715164476,1.0578238096165264
621.0,0.9183375969188097,1.1504319304688861
622.0,0.8889454090188006,0.9854865031594225
625.0,0.9380185635394435,1.0925989165969698
626.0,0.9418382804138069,1.0852121674264064
627.0,0.9568239451654903,1.1105819290484875
628.0,0.983337893295938,1.0939659669927746
629.0,0.9629671158461066,1.0788943139578036
630.0,0.9472538836531661,1.053494305249119
632.0,0.9165118224422164,1.0844683217928535
633.0,0.9295037144188307,1.0956695774737648
634.0,0.903913742310007,1.023541648656984
635.0,0.8918464449662044,1.0826244375741272
637.0,0.9931578981936775,1.070617457235398
638.0,0.9719189657960448,1.0823703994671683
640.0,0.8309638255295524,1.2002080255685297
641.0,0.9105851403538628,1.075094681685199
642.0,0.9591242983622177,1.0832276022055396
643.0,0.8936307916230908,1.1254302460582308
644.0,0.9612470900658604,1.1000183437927955
645.0,0.9997512425435758,0.9915240602546044
646.0,1.021147786315207,1.0667792063908865
648.0,0.9539130387111551,0.9253272094599688
649.0,0.9323726475676795,1.0789222532744218
650.0,0.9501332791113689,1.01590653889263
651.0,0.9714491439041787,1.0579607826413746
652.0,0.9794392272405532,1.0652332577624972
653.0,1.0421315158467452,1.0447228781845292
654.0,0.97708483613015,1.0370467782837138
656.0,0.8772440772773149,1.0148700832555875
657.0,0.9299320073344642,1.0822311699753746
658.0,0.9292815318826116,1.0801181511440894
659.0,0.9160083818739455,1.1123725310775816
660.0,0.9166159278686767,1.0983372087996854
661.0,0.9539827309117529,1.0845650313527075
662.0,0.9114343688052894,1.060603462122316
664.0,0.900897007276657,0.9856728764993526
665.0,0.964842915613661,1.0527613704078747
666.0,0.9321693972662466,1.03060402192219
667.0,0.9231367875840135,1.0501818321928689
669.0,0.9418031817943671,1.0906282953513062
670.0,0.934033071939808,1.0242111478648828
672.0,1.0256159012774817,0.9681141589692157
673.0,1.0055791141766772,1.0130623152786646
674.0,0.9387098590008142,1.0021129058888114
675.0,0.9681206393898785,1.0852565077960432
676.0,0.9649341800589325,1.0703370647722144
677.0,0.9762055461307083,1.059293315194435
678.0,0.9914121685749776,1.0766159733027707
680.0,0.9214005157144053,1.1021302760564673
681.0,0.9722053319419262,1.0290635735675606
682.0,0.8766374057923011,1.0695548934158148
683.0,0.9190174977401508,0.9907672933163091
684.0,0.9269438966053929,1.0181883600474042
685.0,0.9644297606969303,1.0141452963767572
686.0,0.950786062441351,1.0291656130148388
688.0,0.9252603341972201,0.9824136603910827
689.0,0.9461891428837085,1.0731829390362124
690.0,1.0574483539056405,1.0516824338753796
691.0,0.9677958925568286,1.0931753162717486
692.0,0.9522254084612507,1.0412250482935292
693.0,0.921858556447079,1.0198205140051433
694.0,0.9874313892867561,1.0576482926229782
696.0,0.9654598560506503,1.04270628695038
697.0,1.0067414557649874,0.9895918104878201
698.0,1.0425545334185564,1.058830507932095
699.0,1.0266279532003852,1.031826926632972
701.0,0.9593785984370803,1.0542276775602373
702.0,0.9967226279695959,1.0150583562281412
704.0,1.2265969430327233,0.8925732203906754
705.0,0.967816136560258,1.017128577442453
706.0,1.004165081347475,1.0251754427310442
707.0,0.9101504548765775,1.0223939698079532
708.0,0.8737299713676937,1.0871146224329842
709.0,0.9424099961388227,1.0376598730549627
710.0,0.9870834504803857,1.010009228611054
712.0,0.9402261762840586,0.8860799934716904
713.0,0.9541151127383178,1.0107272190553764
714.0,1.0019014029265811,1.0069054121716507
715.0,1.0039789212711234,1.0834305063546694
716.0,0.9313968438736742,0.9068848398779966
717.0,0.9638331967526099,1.018782709606088
718.0,0.9536517605432823,1.0608523860506467
720.0,0.9245838629298517,1.0163747107392385
721.0,1.00761178478202,1.049675892160822
722.0,0.9453767385248141,1.050640697005668
723.0,0.9547054727481347,0.965147611572131
724.0,1.0763084362793345,1.0187036937691827
725.0,1.0052390051825757,1.0418163252750503
726.0,1.004696679056851,0.9801866894300841
728.0,0.9049004618489894,1.0299901917017347
729.0,0.9891028983206679,0.991269707431998
730.0,0.9834607256892319,0.9956025085845674
731.0,0.9739991262296446,1.0107794719243797
733.0,0.9647606042693003,1.0396777230869536
734.0,1.01498384243085,1.0200543523462415
736.0,1.0122243672776956,0.8937471505953792
737.0,0.9849566876332349,0.9771244973332627
738.0,0.9228817534842924,0.934026173331049
739.0,0.9646198417412788,0.9700374823458553
740.0,1.0025198174165708,0.9685228804902756
741.0,0.9390311312633359,1.0026996849550862
742.0,1.0041107990349156,1.0114683836580445
744.0,1.009987657225789,1.0485025075181291
745.0,0.9628611917801658,0.9765716106661643
746.0,0.9471609156162835,0.9842718040316136
747.0,0.8938616354962956,1.0528621241141822
748.0,0.975929349092348,1.0288844365325998
749.0,0.9393278468997834,1.0082889469603347
750.0,0.9499745130476683,1.0545102011012655
753.0,0.978881266304425,0.9989881920708529
754.0,0.9368053406550343,0.9957801694681986
755.0,0.9499465337379376,0.9437515482457731
756.0,0.9459927773229511,0.973563476172131
757.0,0.996793656175867,0.9438070216754224
758.0,0.9552221259492675,0.942563988352104
760.0,0.9210666395983986,0.9781533383328204
761.0,0.9506205496126764,0.9876180565666289
762.0,0.968771761859424,0.9916279363236618
763.0,0.9611432307648642,0.991309150683021
765.0,0.9609964849104469,0.9937909913487664
766.0,0.9994430682861802,0.9822990731641376
768.0,0.6569598688332894,0.9035229132613094
769.0,0.9624107636188961,0.9758287367510772
770.0,0.951757716972884,1.0001769958050728
771.0,0.9667796498412811,0.9490016089034854
772.0,1.0748681502085353,1.0062173172192177
773.0,0.998851504957452,0.9871657558489947
774.0,0.8711352012535306,0.9985465991824716
776.0,1.016284856553885,0.9980331055068183
777.0,1.0443451289296084,1.025822242149033
778.0,0.9994511459059499,1.0172665410001187
779.0,0.9517936203074567,0.919841610341765
780.0,0.8706551304613548,0.9523553553220357
781.0,0.904600848681177,0.9431917562165949
782.0,0.9293235424473613,0.9900490031329605
784.0,0.9952941649827153,1.0023927902321341
785.0,0.8912053825957843,0.9475505582061065
786.0,1.0467743847601954,0.9667865573190162
787.0,0.9692189122130082,0.9979827080226569
788.0,1.0034040442069259,1.0203055977383897
789.0,0.9860881274640302,0.9249374582123484
790.0,0.993895349446386,0.9935614550677263
792.0,0.9727661364335017,0.9731433164113756
793.0,1.0384976951403948,0.9414934351091199
794.0,0.9621874390643718,0.959305651785397
795.0,0.9214213803133707,0.9238722938122442
797.0,0.9791105437584203,0.957364373107913
798.0,1.022354946420088,0.9541775559462802
800.0,0.9698206419487797,0.956706167697101
801.0,0.9862518238521881,0.9670983381926126
802.0,0.9496871502952093,0.9598171101029841
803.0,0.9771361793601944,0.962271782604177
804.0,0.9668820238439936,0.9261571828699422
805.0,1.0044255475871464,0.9687822326059556
806.0,0.9590819441894981,1.0070461594187605
808.0,0.9896113282047913,1.0313824091332995
809.0,0.9259740395314484,0.9234708519487165
810.0,0.9762055393642444,0.9390202028170148
811.0,0.9480675048471958,0.9948468208715969
812.0,1.0171696631783096,0.917640875907786
813.0,1.0157443706158804,0.8860280730701212
814.0,1.0020556256486577,1.024957833778729
816.0,0.9021772043383244,0.9164703100955663
817.0,0.9980244975625534,0.8741287694725075
818.0,0.9922069517877397,0.9366684941545753
819.0,0.9510847157439868,0.9774242961848572
820.0,0.987504008850063,0.9267160037263528
821.0,0.9813008131876044,0.9741530440141898
822.0,0.9898752314198455,0.9198246797814814
824.0,0.9979651657556082,0.964429384989243
825.0,1.017396118655428,0.9342465641829607
826.0,0.9871215553979553,0.9178566324184869
827.0,0.9172148884445509,0.9457684553875572
829.0,0.935207553469156,0.8948468153983257
830.0,0.9530240762783351,0.9680986391638067
832.0,0.8574528129553896,0.9269254588857738
833.0,1.0591541251162024,0.9239842952265802
834.0,0.9762750933037396,0.9507648180411985
835.0,0.9446307597926789,0.963096691265658
836.0,0.9891350166701018,0.9175697232904256
837.0,0.9510938689781407,0.8661843403884483
838.0,0.9481955242783997,0.9017461625441457
840.0,1.0132057376285943,0.9999594882331683
841.0,1.0035223497094607,0.9516440869773609
842.0,1.018063069657867,0.92791396730072
843.0,0.9427391379063574,0.9170824109116041
844.0,1.1189024907943221,0.9735013486946215
845.0,0.9734236856212346,0.9430125122348288
846.0,0.9767622361986088,0.9269591380463816
848.0,1.0484001282965145,0.9880071385283637
849.0,1.0029027442429608,0.9163281228541788
850.0,1.006341155730683,0.971462331726611
851.0,0.9784105162613801,0.9337581172505038
852.0,1.007911275156795,0.8659230414460879
853.0,1.0502692834752598,0.9128893764904682
854.0,0.9803673922765295,0.9018910998419774
856.0,0.9695775803752619,0.9851338869901234
857.0,0.9536827980287935,0.956069937482482
858.0,0.9716334844474459,0.9547804627971198
859.0,0.9493816221297864,0.9141722909881737
861.0,1.0407776128008561,0.9624946493347181
862.0,1.014856956989525,0.9328751307854087
864.0,0.9540158043248587,0.9787713744659834
865.0,0.9784968324892941,0.872301104588385
866.0,1.0001587576615465,0.9484723464942819
867.0,0.9626531443592324,0.9046613893837313
868.0,0.9668276619464561,0.8624856300451506
869.0,0.9565552486002377,0.9388593320083495
870.0,0.936986981038011,0.9343801271390499
872.0,1.0687335675114453,0.9533832996055965
873.0,1.0159759364316572,0.9448841424882192
874.0,0.9584443969051135,0.935203251638797
875.0,0.9611741707854033,0.929472492966304
876.0,0.9498916443863813,0.8260252171586937
877.0,0.962139733633974,0.9289229281766377
878.0,1.0244387593280266,0.9216382656339674
881.0,0.9702634126095234,0.9052645879432656
882.0,0.957872508418818,0.975093122862308
883.0,0.9376021900830358,0.8575160778158132
884.0,0.9127328848674301,0.8925961430918092
885.0,0.982886397302538,0.913288571043321
886.0,1.0210177091251789,0.9126593797075271
888.0,0.9069619639037626,0.8899216648767903
889.0,0.9492080345535867,0.8943806429459721
890.0,1.0423197920628973,0.9254712105837106
891.0,1.0291253880762428,0.9123812939214313
893.0,1.0158450132597392,0.9102746947483771
894.0,0.9733170083609893,0.9029031272319681
896.0,0.9688430352569174,0.8653460159175002
897.0,0.9445170432934646,0.908925282474943
898.0,1.0083973221284068,0.9270099679803186
899.0,0.9893533329570384,0.9224509526941481
900.0,0.9059597180416262,0.905806379052705
901.0,1.0507155886786979,0.9380664302786909
902.0,1.0162571824268976,0.9403532592603109
904.0,1.037373139103414,0.8438039528391661
905.0,0.9494656096219057,0.9372576544022806
906.0,1.00952168998218,0.91856338141342
907.0,0.9938049874412526,0.8847945800322082
908.0,1.0351414563584211,0.8822648949902706
909.0,0.9945065876364839,0.9297371085143095
910.0,0.9874744379160418,0.9085426393372914
912.0,1.2097936186973934,0.9257513775477136
913.0,0.9660797056849789,0.9245773004754777
914.0,0.9752087110269736,0.9062127861955163
915.0,1.0035758785136915,0.8745651839307554
916.0,0.9327767969323304,0.8032477312606054
917.0,0.9888689992771659,0.9179114165313346
918.0,1.0625038570736403,0.9139924362229657
920.0,0.9975332088016298,0.9291216760585237
921.0,0.9452179079250164,0.872741495698687
922.0,0.9840577387182804,0.8372740747375161
923.0,0.9231857107328378,0.9200177812016893
925.0,0.9659777460893245,0.865171924356929
926.0,0.969024041921043,0.8954755044668982
928.0,0.8488228111486961,0.9670959153009955
929.0,0.9841527246766951,0.9142983275652339
930.0,0.9564833248703679,0.9190784765651945
931.0,0.982645272232389,0.9127585511241894
932.0,0.9870478153465585,0.8530033411329808
933.0,0.9661203482898685,0.8909394422139251
934.0,1.022008648263192,0.918786501311885
936.0,0.9547343991508813,0.9159563643944746
937.0,0.9366168386017072,0.9305894717930698
938.0,0.9985986185894461,0.885866377515378
939.0,1.010238375819482,0.8765272256038333
940.0,0.9809312515996966,0.8559105810187814
941.0,0.9910002983299854,0.8930331516094964
942.0,1.0291550341802007,0.8636442602192823
944.0,0.8345407103347264,0.9184373099669271
945.0,0.983628834543954,0.8830749751858126
946.0,0.9697121560614501,0.9158150074715921
947.0,0.9279770524372479,0.9033477902541815
948.0,1.0009490196482498,0.8680361436083118
949.0,0.9585378286362304,0.8706440527657818
950.0,0.9614019738898434,0.8378862172664585
952.0,0.9640610512659401,0.8461096628318181
953.0,0.9776679214620303,0.9095470644792806
954.0,1.0230064468415772,0.88716914684334
955.0,1.015381065945366,0.8858651835731159
957.0,1.0092238709560213,0.8495510225980198
958.0,1.0025256876147637,0.8986457219405389
961.0,0.9662847040662956,0.9493917428529601
962.0,0.9535707053464317,0.8896487071797076
963.0,0.9773794679372119,0.8572524580594081
964.0,0.995754345280579,0.905456181386116
965.0,0.9656162035753924,0.8492456739943031
966.0,0.9976640308455434,0.8397737410975622
968.0,0.9449185370434705,0.9008382286321029
969.0,0.9511193395714465,0.913060554491563
970.0,0.9636547558186421,0.8682138143365254
971.0,1.0031655447747079,0.8813963714950256
972.0,0.9733190205582929,0.8709141358287088
973.0,1.003825380078675,0.8727634556163324
974.0,0.9553002894929379,0.9245828826965462
976.0,1.0369834030452663,0.9519647360146262
977.0,1.0425449865019856,0.8853079858227711
978.0,0.9536199491528494,0.8971507237557483
979.0,1.0416252687082415,0.8765130902725566
980.0,1.0682193430597995,0.8904959413716973
981.0,0.9889919691212637,0.8798421467885573
982.0,0.9577852168913158,0.8619978335633228
984.0,1.0172596646278687,0.879297354398377
985.0,0.9910989485884678,0.8323522609795008
986.0,0.9656582266315651,0.8618565724175445
987.0,1.0242913654890025,0.8305529207894239
989.0,0.9883216995229265,0.8804347490706163
990.0,1.010244985878686,0.844885047778093
992.0,0.9581965985303279,0.9089693119809997
993.0,0.9703138160984992,0.9247023107429604
994.0,1.064494833857754,0.7827932248141324
995.0,0.9514573183615,0.9118340646666379
996.0,0.9575175953679907,0.8619549112483735
997.0,0.935928126610194,0.884424578374979
998.0,0.9623493559735147,0.8990920933096397
1000.0,1.0178273908535007,0.9032852525526917
1001.0,0.9768035950911151,0.8691515154258858
1002.0,0.9439250446696799,0.858110869678217
1003.0,1.0209253124634807,0.896337093748941
1004.0,0.9698952650056668,0.8513256408416386
1005.0,0.9868188051463067,0.8569707411995523
1006.0,0.9934898218162423,0.8848618898054625
1009.0,1.0151780602474665,0.8473666480084494
1010.0,0.9848255190559485,0.8577188044037334
1011.0,0.9730588078064718,0.896194090646541
1012.0,1.0616662704145325,0.8419308986350319
1013.0,0.9738123712133091,0.843451467858939
1014.0,1.0100275207539497,0.8615397754033409
1016.0,1.0700482274040124,0.8439396235333466
1017.0,0.95795605060299,0.8948517692822141
1018.0,1.0248504410120212,0.9336994037202189
1019.0,0.9999562340310353,0.845657083397755
1021.0,0.9963641150705145,0.8205290881324645
1022.0,0.9478826586462509,0.8409252003308804
1024.0,0.7294245154088101,0.8529218763083236
1025.0,1.0489466503695846,0.8558759233208646
1026.0,1.0066913396199468,0.876711437178008
1027.0,0.9905830605676378,0.9035643760968515
1028.0,1.0068097559855613,0.8758549168618125
1029.0,0.9752561053708243,0.8344825969479714
1030.0,0.9726357724035121,0.8775485177898612
1032.0,1.045374020640188,0.863311274820617
1033.0,0.997633732751323,0.7795835844375082
1034.0,0.9794141737045571,0.838951908064851
1035.0,1.0118954457635594,0.8235365082313785
1036.0,1.0272930945045256,0.9040918558418761
1037.0,0.991308788783481,0.870777731222579
1038.0,0.9611463893540638,0.8136187635042513
1040.0,1.0331826270857354,0.8552758909629121
1041.0,1.020468823947915,0.83812479545544
1042.0,0.900042204321801,0.7817762693132861
1043.0,1.0142641552100133,0.8712607789704061
1044.0,0.9804714008805464,0.8122985776897129
1045.0,0.9813507643848619,0.8717250388808154
1046.0,1.0318992762640107,0.8491514926867397
1048.0,1.0677122204621976,0.8552678438030833
1049.0,0.9931936720091293,0.8463693048046275
1050.0,1.0189749110340933,0.8421520810030122
1051.0,0.9244549264038316,0.8126478487641379
1053.0,0.9826536508990553,0.8254053604143606
1054.0,0.9230862096437541,0.892174794359619
1056.0,0.9771954435055011,0.8676516660723812
1057.0,0.9590240559245385,0.8165640666831878
1058.0,1.0774833587415051,0.8415926880310637
1059.0,1.0140980407028666,0.8797123752328394
1060.0,1.0401144614544033,0.8457538707731441
1061.0,1.0062159547962497,0.8393806444402748
1062.0,0.9620903011456705,0.8216082032658318
1064.0,0.9944834099824195,0.916044758055421
1065.0,1.0373599971541796,0.8036290116487533
1066.0,0.9857621626344568,0.8401102048069945
1067.0,1.0243673077978388,0.8719751408539281
1068.0,1.1028717181458052,0.8247014317535031
1069.0,1.0422643899923882,0.8890702259638822
1070.0,0.9993888412768811,0.8572412215034066
1072.0,0.9275738700239048,0.9497194579000088
1073.0,1.0476000041030806,0.8229594258662802
1074.0,0.998861639466553,0.8600585737377298
1075.0,0.9488930518016843,0.809066324383742
1076.0,1.0016429502880846,0.8514352326989767
1077.0,0.9972939481753709,0.843884087546649
1078.0,0.94049668298279,0.8405990212806494
1080.0,0.9726597154227866,0.8684425403001002
1081.0,1.0035309500620868,0.8542512115984807
1082.0,0.9711212755802823,0.8081572043140525
1083.0,1.0612162428056786,0.8262226659305528
1085.0,1.027625857583281,0.8452650685164291
1086.0,1.0008849484716364,0.8209699692765741
1088.0,0.9269823241799428,0.7747080416199428
1089.0,0.9662974264986398,0.821584220271011
1090.0,1.0144396087924594,0.8164109900629754
1091.0,0.9728007962053703,0.843879497754753
1092.0,1.0399045767215727,0.8554724715124085
1093.0,1.0232896645332146,0.9002527143421823
1094.0,1.0154375848776258,0.8537251081347603
1096.0,0.9745001968423328,0.8506009547702011
1097.0,0.972825248740373,0.8256930287072038
1098.0,1.0068586140575957,0.8376543646392389
1099.0,0.9786226296428893,0.8502928652725462
1100.0,1.0087802743074568,0.8654999763604235
1101.0,1.011353415900296,0.8525911613540722
1102.0,1.0291382804883222,0.8461095429500092
1104.0,1.1013052214263537,0.8669554904465684
1105.0,1.0023672094076586,0.8052042418818397
1106.0,0.994148518489159,0.8208298041954655
1107.0,0.9710681778862689,0.8013853103184098
1108.0,0.9615366443250976,0.8393616925828971
1109.0,0.9869003413179378,0.8001390841141468
1110.0,0.9931423795328456,0.8195411843074193
1112.0,0.964403715169996,0.8363866730980486
1113.0,0.9607522987067645,0.8598664908446603
1114.0,0.9493866882322088,0.8022210910718837
1115.0,1.0076012812306634,0.8228559475596605
1117.0,0.9651422352321726,0.7804257684643132
1118.0,1.0087628258794021,0.8415418299103763
1120.0,0.9672349165653088,0.7137718222461322
1121.0,0.9629703687828817,0.8058679705209314
1122.0,1.0133272940609321,0.8337153827850525
1123.0,0.9665828788378252,0.8188851417615536
1124.0,0.9690959769089259,0.8593529284510081
1125.0,1.0081269564013777,0.7905360288974657
1126.0,0.9964927440522884,0.8104287819110354
1128.0,0.9827601106386415,0.8513939895928752
1129.0,0.9648141692059402,0.8308989274688562
1130.0,1.0280965379558142,0.8351778470364134
1131.0,0.9763603990606798,0.8462058062689841
1132.0,0.9662589363530575,0.7988407708702526
1133.0,1.030561381831589,0.8449397541912796
1134.0,1.0371777586824902,0.8069935048181722
1137.0,0.9516177453279789,0.8477658121287919
1138.0,1.0234166337330561,0.7859431349435984
1139.0,0.9996861229293541,0.8092730781424442
1140.0,1.014181624850694,0.8022785105454906
1141.0,0.9935468102369638,0.8249810567754248
1142.0,0.988497039240309,0.7966820379359738
1144.0,0.9983485066687073,0.8404268476211466
1145.0,1.0040460114398353,0.8259745456755553
1146.0,1.018789413882712,0.8047077182010133
1147.0,1.0174395099744462,0.8444559974637108
1149.0,0.9571157541199634,0.7979723840735908
1150.0,1.003925454202508,0.8470242629674325
1152.0,1.0082060336085208,0.8180220973000095
1153.0,1.0122483427560725,0.7748566639784351
1154.0,1.0040726261614825,0.8175244229131199
1155.0,1.0195615380641405,0.7871577100003707
1156.0,1.0379191098283576,0.8069575090612381
1157.0,1.0518581538266885,0.8376246849580757
1158.0,1.0075034719085054,0.7939472463318217
1160.0,0.9771343470807992,0.7758100818754211
1161.0,1.0048650455519696,0.818938184807921
1162.0,1.0533344327451661,0.7401104274597754
1163.0,1.0536937561297222,0.7922213058043502
1164.0,0.9092072495785039,0.8290444181180372
1165.0,1.067956530839553,0.7960571592556014
1166.0,1.0235812125375008,0.789765075759886
1168.0,0.9031703779828182,0.8283069195489113
1169.0,0.9555944807324446,0.7829528159731541
1170.0,1.0381099700468799,0.7767663393262103
1171.0,1.0177765626315611,0.8179361333682899
1172.0,0.9628631267661926,0.7792145336515669
1173.0,1.0525252930752163,0.8187612855787021
1174.0,1.0085572737240875,0.8027258918472064
1176.0,1.0162039199693171,0.8199452770223085
1177.0,1.0856642911236027,0.7554815338318213
1178.0,0.993683622208616,0.81463728143145
1179.0,1.039201530374255,0.7894188697642925
1181.0,0.9902438938290501,0.809773611757038
1182.0,1.0085072001496778,0.7865593412819201
1184.0,1.0603553096166267,0.858315112852668
1185.0,0.9912051603891752,0.8154729350401859
1186.0,1.04386688337828,0.7988823824945436
1187.0,1.0532985113115165,0.806563812303087
1188.0,1.044532424258673,0.8049473840551122
1189.0,1.0015192720140373,0.8014778364323564
1190.0,0.9893251693530012,0.7753739662847097
1192.0,0.985829071936182,0.796201224934132
1193.0,0.9630024751880321,0.8008708823736757
1194.0,0.9936986505216897,0.7826892505189169
1195.0,0.9384945131610665,0.8292830451695028
1196.0,1.0261973190181184,0.7923044655952576
1197.0,0.9814627284502457,0.8255253100482043
1198.0,0.9752962558498788,0.773487971405182
1200.0,0.953445731048487,0.7799479813352607
1201.0,0.949983747690603,0.7676949772144525
1202.0,1.0365014464539468,0.7919181835200778
1203.0,0.9775335729133933,0.8070510424785432
1204.0,0.9306768742373808,0.8622483450415562
1205.0,0.9847260482636777,0.808168128034725
1206.0,1.0127883258575623,0.8042263649522753
1208.0,0.9235943363639619,0.7679974596332709
1209.0,0.9762457406670985,0.7967623595500996
1210.0,1.00800059069323,0.7796997861422512
1211.0,1.053611922205465,0.8082178867688282
1213.0,0.9698834599572097,0.7763207639236969
1214.0,1.0052787730760946,0.7937841569920875
1216.0,1.0063311780134507,0.7509498702466438
1217.0,1.0290787426128425,0.8067411696059383
1218.0,1.0066849924618106,0.7937663730408484
1219.0,1.019065693220445,0.8154042263910619
1220.0,1.022662805381734,0.7956507537037639
1221.0,1.0062300252146208,0.8112262743019086
1222.0,0.995062967157871,0.7889765281547925
1224.0,1.0354872685803478,0.7943311653328462
1225.0,1.00437969683952,0.7838430482245021
1226.0,1.0330769325316007,0.7922379195248042
1227.0,1.0209459318687784,0.8216027887718161
1228.0,0.963361925835601,0.815675425729104
1229.0,1.0209188397068298,0.7805745051354203
1230.0,1.0362568540123858,0.8228507309059525
1232.0,0.9279565885350166,0.7868816327273352
1233.0,0.9951202352137687,0.7800937524176743
1234.0,1.0155695920009098,0.7872374508389859
1235.0,0.9750809580565145,0.8046366948057845
1236.0,0.9780214618491319,0.7632071299400737
1237.0,0.9258075406844617,0.8330503201685622
1238.0,0.9888961591882187,0.8032205694791503
1240.0,1.015496126328502,0.8204476652323321
1241.0,1.0055256113226165,0.7776919050633814
1242.0,1.0255106247586796,0.8156880449915375
1243.0,0.9991758621348449,0.7478093258694332
1245.0,1.0338229143335071,0.7646774419588276
1246.0,1.0021205621832985,0.82717076087564
1248.0,1.0535597853813374,0.8142131674134432
1249.0,0.9895057432323064,0.8053597856801977
1250.0,0.9809941174758944,0.8075021239366496
1251.0,0.9448109820595207,0.7941795580384322
1252.0,0.9367763004033924,0.8420693434648933
1253.0,0.9812050143546956,0.7858508588933618
1254.0,1.0103088985558695,0.7865979634382063
1256.0,1.0221673390811377,0.7600073840495496
1257.0,1.0264426435522223,0.7983480932706217
1258.0,0.9373955348077152,0.7473149090007986
1259.0,1.040714342326009,0.7374586547811236
1260.0,1.1142644812438036,0.7613099198733692
1261.0,1.0167287694250988,0.7877243013467483
1262.0,0.9687053049467322,0.7998485705483653
1265.0,1.0220933773864558,0.7777603667765135
1266.0,1.0029314552584392,0.7779474719873035
1267.0,1.078786960365252,0.783701687996118
1268.0,0.9800272700132702,0.8010185398996423
1269.0,1.023824204305501,0.7795369786443129
1270.0,1.0145982661601343,0.8028825078657099
1272.0,1.0605318645345398,0.7729074083130826
1273.0,0.9576223939902969,0.7828327726369642
1274.0,1.041483268913489,0.804227569031362
1275.0,0.9993236318818033,0.7792112212512756
1277.0,0.9876594217191911,0.7796168426173241
1278.0,1.0340748470918644,0.801255395353077
1280.0,0.8273711406594101,0.7979457572412488
1281.0,0.9919369268370553,0.7873508520853527
1282.0,1.0159504113224747,0.7348591106597904
1283.0,1.0107163882030754,0.7710488973762252
1284.0,0.9971868814785064,0.81523904654468
1285.0,1.0183601984856738,0.7451420664306027
1286.0,0.9819549621063983,0.7719444642011903
1288.0,0.9694479890160387,0.7644766648821756
1289.0,0.9874216919594124,0.786548648853358
1290.0,1.0201753322654608,0.7343394586853725
1291.0,1.0176394422357775,0.8369820607040398
1292.0,1.0318316289393525,0.7387608326447435
1293.0,0.9717952048729499,0.7370094564070784
1294.0,1.0088443239898939,0.7605932277720219
1296.0,0.9864336281502865,0.7724474946516924
1297.0,0.9745284092451555,0.7603104648744543
1298.0,1.0262085350063517,0.7500673314716246
1299.0,1.0560352739267231,0.7842838505589964
1300.0,1.025123306219738,0.7834273853172026
1301.0,1.0067871996986715,0.7736929076839534
1302.0,0.9384429601341777,0.7899875041145535
1304.0,0.9326789481123428,0.791779924203655
1305.0,1.011622254732608,0.763280437477353
1306.0,1.009295949599753,0.7495915100076294
1307.0,0.9803095764321376,0.7455077378794334
1309.0,0.9855962993065028,0.7695537931090309
1310.0,0.9999500688090597,0.7612426851312017
1312.0,0.9947936394882804,0.8241580132171239
1313.0,1.042065127494034,0.7887313239200893
1314.0,1.0073004777365975,0.7762581265474134
1315.0,0.9556879170817215,0.7652141553995851
1316.0,1.0013631456188572,0.7805916595333973
1317.0,1.0019943311978001,0.7991287722708088
1318.0,1.0302102734495397,0.8168162281638218
1320.0,1.0299628095923292,0.7771533111839702
1321.0,1.04001827225906,0.7800702176467031
1322.0,0.9687729199984466,0.7519312399584949
1323.0,1.019841745608213,0.7933268079396169
1324.0,1.022126524686347,0.8200927243530516
1325.0,1.0240310136586286,0.7289712070891019
1326.0,0.9793669521249571,0.7794747817168503
1328.0,0.8846511670277201,0.7289390851467906
1329.0,1.007549856641219,0.7444978567084071
1330.0,0.9883932022432771,0.7235138849979489
1331.0,1.037005126890383,0.7362628232685272
1332.0,1.0927925431872973,0.841414105179833
1333.0,0.9772765956913907,0.7447897783175305
1334.0,0.9803038447904945,0.7783321031418803
1336.0,0.9697130798081235,0.7454708707060101
1337.0,0.9715436135703969,0.7572460425854164
1338.0,0.9952756694495147,0.7712136619292853
1339.0,1.0013566637113813,0.7489879702660021
1341.0,0.9761615461887466,0.7503252548561911
1342.0,0.9764946906875335,0.7974469666301012
1344.0,1.0756550513030254,0.7772790741040752
1345.0,1.0021158585188328,0.7355948222989764
1346.0,0.99598440231896,0.8036896699927965
1347.0,1.0009084698241923,0.737565857095961
1348.0,1.032364455769666,0.7345967180219234
1349.0,1.0058115073976532,0.7830940497400153
1350.0,1.0272359542648544,0.7408225945939071
1352.0,1.0121429969093925,0.7803638820604922
1353.0,0.9768360613923963,0.7608356730691633
1354.0,1.016792366067272,0.7626423723435217
1355.0,1.0412262952666262,0.7414088347852913
1356.0,1.019503175288655,0.7486411330487027
1357.0,1.0405636513274314,0.730393680647756
1358.0,1.0576669998862729,0.7555280020006642
1360.0,1.0323869025528516,0.8489302242429123
1361.0,1.0217725641145767,0.7628131848375191
1362.0,1.0154192607522208,0.7442353818144316
1363.0,0.9984452112405361,0.7480566565268979
1364.0,0.9563084593646497,0.7398408729169418
1365.0,0.9955785248957669,0.7150400329618989
1366.0,1.0581467406907736,0.6969362826638261
1368.0,1.0085757154917334,0.7644917442644253
1369.0,0.9891032625365731,0.7550885457278397
1370.0,0.9847275710279666,0.7590922604029028
1371.0,0.9509437725561131,0.7515539252743569
1373.0,0.9789864290231153,0.7466182503705352
1374.0,1.0133510416645317,0.7686861479383715
1376.0,0.9778315647372566,0.7321576507286814
1377.0,1.0777431122984455,0.7585909184138486
1378.0,1.0233549039986791,0.7668267431632827
1379.0,1.0199782995327884,0.7322712175418727
1380.0,0.965485918087577,0.8000070938095434
1381.0,1.0027573514717532,0.7578566888194486
1382.0,1.0326687305758093,0.7619813794651206
1384.0,0.9796193676444065,0.766178351019986
1385.0,1.0089301329425406,0.7685402476702724
1386.0,1.0333009492573466,0.7507553828231331
1387.0,0.93788698688085,0.757551624741135
1388.0,0.9916563252293712,0.7544368364452683
1389.0,1.0008986144131484,0.7689897937404632
1390.0,0.9792389606977661,0.7766915674012593
1393.0,0.9990993475736403,0.7603058019520438
1394.0,1.0226395353308604,0.7732016500307817
1395.0,1.0413885764459507,0.7653729446224096
1396.0,1.009020233226382,0.7798749122254489
1397.0,0.9578983114139082,0.7637508869654368
1398.0,1.023423909989994,0.7286883690076041
1400.0,0.9928056174466073,0.7568384022378057
1401.0,0.9825900460436984,0.7878571854596649
1402.0,1.031822258772772,0.7565731007327999
1403.0,0.9722205985573679,0.7337992508335165
1405.0,1.047343788833514,0.7252210417016528
1406.0,1.027733902521402,0.7668141809453428
1408.0,0.9243164981092794,0.7078631842128467
1409.0,1.0076209803879848,0.7627321457243029
1410.0,1.031411434600171,0.7833070342048875
1411.0,1.0944801698099018,0.7684134657661509
1412.0,1.0015952959017709,0.7040946623386817
1413.0,1.0280953948272107,0.7366971627324881
1414.0,0.9805117014556356,0.7712942523401828
1416.0,1.0132886760582789,0.7886327954987608
1417.0,1.0477431849970256,0.7444390303143923
1418.0,1.0261234731062994,0.7270403286163654
1419.0,1.0742407760686346,0.7556151595804093
1420.0,1.067424743678973,0.7694785125756087
1421.0,0.9712818804317329,0.7425588272086564
1422.0,1.0333951444316878,0.7795393442179597
1424.0,1.0191481397381965,0.7680658505634061
1425.0,1.0346223102891972,0.7548308780839257
1426.0,0.9959623066527542,0.777983424049354
1427.0,0.9840474418863124,0.7468407875425858
1428.0,1.0809858922218827,0.7569996549903629
1429.0,0.9671178655599093,0.7597319829666129
1430.0,0.9736664594229903,0.7220174698073603
1432.0,1.0135635891713288,0.7144970727565241
1433.0,1.0018649138506834,0.7345104748900825
1434.0,0.9801323927018095,0.7409055922414592
1435.0,1.0068933472241002,0.7560928205145208
1437.0,1.0333928102659486,0.7488351540853099
1438.0,1.0438065452046317,0.7521360856129002
1440.0,1.0510606781479874,0.7255478493166339
1441.0,1.0448765661155808,0.7465308644856355
1442.0,1.0327786818251914,0.7269702938480719
1443.0,0.9530996464178887,0.6911362727619004
1444.0,1.0166888807999446,0.744199282810463
1445.0,1.0614578784056645,0.7433762535064292
1446.0,1.0449609819420551,0.760193233344871
1448.0,1.0396611931583617,0.687426300244884
1449.0,1.0077413453365638,0.7377263148242184
1450.0,0.9706029081343238,0.7263094486364977
1451.0,0.9645051743095191,0.7041520578775456
1452.0,1.0157503670892565,0.7259422785638143
1453.0,1.0106309911603482,0.7411504906680779
1454.0,0.9921423371503839,0.7117281597685737
1456.0,0.9773966059686942,0.7682140725147981
1457.0,0.9950381695455699,0.7239540024807241
1458.0,0.9846726631127726,0.7234306824189788
1459.0,1.0451342842025948,0.7591303054080416
1460.0,1.046664250748707,0.7110473937634658
1461.0,1.044589515666171,0.7509337476549017
1462.0,0.9857941230132837,0.7299942574816453
1464.0,0.9952992695001951,0.738363771670524
1465.0,1.007142322433141,0.7612404715227343
1466.0,1.012545265217959,0.7232848468991502
1467.0,1.050610197299023,0.783160685166352
1469.0,1.0279835296659952,0.7295985618344369
1470.0,0.9627022693834105,0.7379981490616576
1473.0,0.9747093148329504,0.7452887135256491
1474.0,1.0754120451112186,0.7265129850534119
1475.0,0.9720693471859387,0.7922033789840759
1476.0,1.013266058566685,0.7128806388201661
1477.0,0.9404138830169186,0.8075758907531503
1478.0,1.0210935235760483,0.7440417445592071
1480.0,1.085626828969855,0.7120191817308136
1481.0,1.0034777346548107,0.7199137728905155
1482.0,0.9976014755662364,0.7156556105817652
1483.0,1.0425810869313146,0.7387520778929628
1484.0,1.0161673044768937,0.6901698986996233
1485.0,0.9996389778245502,0.7429444044806413
1486.0,0.9981346019272416,0.7085165141801176
1488.0,1.0286885427802124,0.6961862867611137
1489.0,1.0532744383430988,0.7418654619775824
1490.0,1.028461248690267,0.7306749685034468
1491.0,0.9899589074281011,0.7242392645724829
1492.0,1.0170211998390204,0.732073703610487
1493.0,0.9994703185846724,0.7319418726806394
1494.0,1.0308100773943472,0.7326270755956441
1496.0,1.0000657082971136,0.7554809103900024
1497.0,0.9848979986293681,0.7557930289466136
1498.0,1.0669523980243205,0.7365292916151112
1499.0,0.9780996774666845,0.731385015694973
1501.0,0.9402222563225882,0.7225818127808219
1502.0,1.0301604292346531,0.7597560460999382
1504.0,1.0574721960944136,0.6939524646568471
1505.0,1.0108207207139932,0.7402635860728929
1506.0,0.9945147766007252,0.7308303564994638
1507.0,0.9692779270576457,0.7377511180533822
1508.0,1.0186842677572288,0.7506252488158761
1509.0,1.0046064286288912,0.7307227954855507
1510.0,1.0615597268466352,0.7655329967255652
1512.0,0.9496650995409657,0.6841329003332626
1513.0,0.9728970581077337,0.7000677736957232
1514.0,1.0230044979445767,0.7450708239376437
1515.0,1.0368239398647532,0.6894606192568337
1516.0,1.0762829484373853,0.7122203932150187
1517.0,0.988324837812948,0.7273653807164728
1518.0,0.9639930196314124,0.7047653867122402
1521.0,1.0391730986792762,0.7238809904037833
1522.0,0.9443203881999552,0.6773437700011238
1523.0,1.0626050141651884,0.7250820903734342
1524.0,1.0149081246083966,0.7419379498708683
1525.0,0.9908597231463693,0.7040276313257064
1526.0,0.9762419255298915,0.7283731973178743
1528.0,0.9894285186890686,0.7421902184093704
1529.0,1.0353684297542376,0.7055508689515647
1530.0,1.024790287101987,0.730967351228155
1531.0,1.016194703573943,0.7260998523803185
1533.0,0.9842348800848729,0.7174488489823759
1534.0,1.0363050926288897,0.7105939782905767
1536.0,0.8314727418080536,0.778830004856428
1537.0,1.0301967920306228,0.7177735663803806
1538.0,1.028533182668443,0.7294003861376497
1539.0,1.0074110059287034,0.7155021807188534
1540.0,1.0053393709816953,0.7578567210676159
1541.0,1.0143617561166707,0.7329937175811502
1542.0,1.0121885200132457,0.7518890742851775
1544.0,0.9488070989679492,0.7282718246129084
1545.0,1.0182892198347502,0.7110598393433378
1546.0,1.0010771416516318,0.710973219268196
1547.0,0.9924280800049844,0.7058601554414964
1548.0,1.0215355238127364,0.7590220318094517
1549.0,0.9844107557823393,0.7248857113277619
1550.0,1.0082095259905592,0.7156925152487951
1552.0,1.0477239059754173,0.7235280809006608
1553.0,0.9926503842075708,0.7130515183477854
1554.0,1.0597231876174353,0.7296170835060203
1555.0,0.9239322529710121,0.7013250502984084
1556.0,0.9612193686670851,0.6871624900410169
1557.0,1.0292234457152014,0.7003349084706562
1558.0,1.1460420422305526,0.7042739740610279
1560.0,0.9811664888946556,0.7388749271978984
1561.0,0.9648742119084045,0.7384253530762996
1562.0,0.9804738300919571,0.7140742564995765
1563.0,0.9444522873959781,0.689994204860412
1565.0,1.0506823194859871,0.6876001567421663
1566.0,1.0189031909098538,0.7118849127438241
1568.0,1.005560742331976,0.7258704508907109
1569.0,1.0223923828766635,0.6990456559072938
1570.0,0.9888355181069206,0.6988819375236575
1571.0,0.9731032991381764,0.7074749129719912
1572.0,1.026097926067953,0.6775590238572473
1573.0,1.0150513755953825,0.7140297683954328
1574.0,0.9811651528286424,0.717863707672807
1576.0,1.0410252527444408,0.7072228598052086
1577.0,1.0256271125209708,0.7016531785183033
1578.0,1.073093547849381,0.6967239689397523
1579.0,1.0749737639847183,0.7004536539035482
1580.0,0.9612745836621117,0.7185811802754277
1581.0,0.9568644541665166,0.690606993328374
1582.0,1.0071680225107313,0.7086228895220588
1584.0,0.94713644067426,0.7193913175036283
1585.0,1.0072818567954662,0.7298703225484569
1586.0,1.0257280138363762,0.7290292019991336
1587.0,1.0553019250560733,0.689996455184874
1588.0,1.0527946965014365,0.7030707188843688
1589.0,1.0150048599330361,0.7157099874002343
1590.0,0.9703510711029443,0.7153645317752828
1592.0,0.9593190544347211,0.720624306650317
1593.0,1.0079947054733607,0.7566719344914571
1594.0,1.0363840429012494,0.696013304017582
1595.0,1.0172880864392846,0.6974685891610769
1597.0,1.0089296348909846,0.7334952113342227
1598.0,0.9962488051509009,0.709690908692794
1600.0,0.9316408120939413,0.6989324018049399
1601.0,1.0217029076659943,0.7327163989973001
1602.0,1.0115879479465237,0.7222478632195917
1603.0,0.98600175345638,0.7885950725780129
1604.0,1.0575669007588924,0.7080512032148587
1605.0,1.0533672543167276,0.6983655423576977
1606.0,0.9904918007092997,0.7269304046627486
1608.0,0.9699135762907292,0.6684058435733574
1609.0,0.9457126024155108,0.6881848917685693
1610.0,0.9764598614852975,0.7014900249484748
1611.0,1.035916395257203,0.6744031169580388
1612.0,1.1602255880771084,0.7350836314539503
1613.0,0.9997893049483333,0.7219166992756167
1614.0,1.0099053658367627,0.6930272380454512
1616.0,1.004797388907028,0.745339778742381
1617.0,1.0309794739236033,0.7015771043243748
1618.0,0.9793221725439802,0.7438223950640319
1619.0,1.0226420428837184,0.7248544679850275
1620.0,1.0159780684549988,0.667715728011194
1621.0,1.0480040442552296,0.6920876964621241
1622.0,0.9817364307415184,0.698808077271795
1624.0,0.9821823941354445,0.7474094782397591
1625.0,0.948581268228473,0.7255176539539212
1626.0,0.991510091011222,0.717667904895281
1627.0,1.0210560786622238,0.7243350822795134
1629.0,1.016094456897272,0.7160211866206532
1630.0,1.0211426439161306,0.7003057819352798
1632.0,1.1030920473658012,0.738817848152402
1633.0,0.981503729291118,0.6855694331523199
1634.0,0.994669569953308,0.6923009621047113
1635.0,0.9924118625618148,0.6973859511838274
1636.0,1.0593718624751287,0.6797434499229313
1637.0,0.9589112489818951,0.7171436971475956
1638.0,1.0192398847283042,0.6703777651578658
1640.0,0.9848699915608684,0.6996095693359657
1641.0,1.001038096754134,0.7326048559137056
1642.0,1.1428980760540672,0.7410641614618024
1643.0,1.069252213823906,0.7070086733521194
1644.0,1.0336712052855719,0.7187972587482159
1645.0,1.0426697576498216,0.7125733140160636
1646.0,0.9989822974419287,0.6932871255387374
1649.0,1.0143934750241643,0.6961063503853526
1650.0,0.991281367300815,0.7320347039111413
1651.0,0.9661493700721592,0.6536434739137474
1652.0,1.0653684357206512,0.6863348624248437
1653.0,1.055173323560401,0.7197436337528288
1654.0,1.014548403422453,0.7288541173056449
1656.0,1.0288900177610572,0.7021401693343862
1657.0,0.9731331479140932,0.718500453288118
1658.0,0.9879412425143057,0.7166451346016759
1659.0,1.0082305342995679,0.6885472249211085
1661.0,1.0011133167666315,0.7099739942935507
1662.0,1.023457653007185,0.6901781402748823
1664.0,1.1729596247559944,0.7278781656434147
1665.0,1.04040824745794,0.7071287759361029
1666.0,1.0460363452661259,0.6651031587931746
1667.0,0.9863807311241826,0.7362103756299891
1668.0,1.0384322030184852,0.7004318599047661
1669.0,0.9683307889366266,0.7164859613157256
1670.0,0.9735798607568917,0.7061178055884314
1672.0,1.0203323218165514,0.7032865608668272
1673.0,1.0513996894242978,0.712359914015818
1674.0,0.9730420409897083,0.6921518288585147
1675.0,1.0636981004101032,0.7137934360441286
1676.0,1.0742963201350697,0.7324024393313406
1677.0,1.0099229194194728,0.6596983315901273
1678.0,1.0015290857344308,0.6594367345549366
1680.0,0.8852408471907023,0.6034777276512515
1681.0,0.9989081402963614,0.7048679529266944
1682.0,1.0508703249755118,0.7168878047783706
1683.0,0.9941836242670584,0.6710721302226003
1684.0,0.9018177352007078,0.7354084149724864
1685.0,1.0347925876322823,0.7255851469292598
1686.0,1.009322577572442,0.6813561170228123
1688.0,0.9663468777574848,0.6817017087994488
1689.0,0.9961305055077672,0.7030782655983108
1690.0,1.0494034731953954,0.7070770238013435
1691.0,1.0494735185483892,0.6650986268790294
1693.0,1.0278113962295712,0.7083986978560187
1694.0,1.0326942639507688,0.7110770284061156
1696.0,1.0217256332368476,0.6672424751417453
1697.0,0.9834450190495249,0.7156901094542202
1698.0,1.0312554680914845,0.7304777567047893
1699.0,0.9656931046662545,0.7131798524442262
1700.0,1.0426591605963758,0.6731141522443912
1701.0,0.9927660938942469,0.6990593343353101
1702.0,1.0336242543983154,0.7212981659820243
1704.0,1.0603020820994506,0.6891132472189377
1705.0,0.9543981821887086,0.7292944669169446
1706.0,1.0435618948481262,0.6784231713936226
1707.0,1.0319185735959402,0.686765346998248
1708.0,1.021875690849215,0.7164530144683814
1709.0,1.0174862421891542,0.6834113383325277
1710.0,1.018735561176741,0.6863228905328301
1712.0,0.968242482354046,0.669844582874516
1713.0,0.9770611730365143,0.6793441446366174
1714.0,0.9089418501610022,0.6938647701673751
1715.0,0.9841498052279487,0.7165951495860043
1716.0,1.0958843629850548,0.6605263768710871
1717.0,0.9816707588448539,0.6730068945640815
1718.0,0.9538807405948979,0.6899448765674021
1720.0,1.016076342055284,0.6671731590290235
1721.0,1.0279155284731152,0.6758574426394691
1722.0,1.0137082884965534,0.6770593159335101
1723.0,0.9927573861646817,0.6282540388283406
1725.0,0.9830895107878861,0.6761729330664711
1726.0,0.927695459554264,0.69763378103106
1728.0,0.8481740848550333,0.6820247234778223
1729.0,1.0657323544557076,0.6507928668710555
1730.0,0.9552403822434129,0.6931331938921407
1731.0,0.9889660759813412,0.7063864779297682
1732.0,0.9919044453251467,0.7240439124829694
1733.0,1.0363122766465793,0.6848686525538332
1734.0,0.94978849169249,0.668204851318891
1736.0,0.9985840443677855,0.6787757688848151
1737.0,1.0197194991288474,0.6938959037181489
1738.0,0.9683822562658317,0.6842626972289759
1739.0,1.0551818016224084,0.6705577490742732
1740.0,0.9567060078790599,0.7362315426301136
1741.0,0.9827878315813168,0.7070329726619727
1742.0,0.9962795793664946,0.6626809552077797
1744.0,0.9559803204058355,0.6766004871194199
1745.0,1.0183229775028297,0.6612416883404062
1746.0,0.9890731020315531,0.7036102168166568
1747.0,1.0399220543934549,0.6642248338933662
1748.0,1.0271275096445922,0.6988932726180932
1749.0,1.014732917488078,0.6780286250448541
1750.0,1.0045372171953746,0.6935939055987727
1752.0,1.0102603967541453,0.7164861758928938
1753.0,1.0088617574982548,0.6979874520645597
1754.0,1.0097158548580554,0.7099496689850006
1755.0,1.0355798285356652,0.6630113932178656
1757.0,1.0529499325066427,0.6794006822513996
1758.0,0.9722940351812269,0.6667860952123229
1760.0,1.073617968544568,0.6983477167120595
1761.0,0.9803093091291115,0.6787160565564399
1762.0,0.9757984612450861,0.7260297033637062
1763.0,0.9542135840588875,0.7053650802365738
1764.0,1.0858842569097547,0.695421600535379
1765.0,0.9577789078531851,0.7019219376841751
1766.0,0.9902738697257062,0.6694963605253659
1768.0,1.1158252851355202,0.6457420693876728
1769.0,1.034863671481691,0.6880954523409332
1770.0,1.0316775779241916,0.685439338671704
1771.0,1.1210569054281125,0.6574101513317432
1772.0,0.9946430613914238,0.6787887332233047
1773.0,1.0042809007648257,0.6962662973596448
1774.0,0.975768206895002,0.7130665507790033
1777.0,0.9504167951763116,0.680321681875968
1778.0,1.0353785633371122,0.7032585630351891
1779.0,1.0699411058896777,0.6544465750525398
1780.0,0.9748220932681765,0.6926396805708896
1781.0,1.0010339920074476,0.6929840360570158
1782.0,1.007383207601987,0.7002835665183316
1784.0,1.0186037189512525,0.7107641430969076
1785.0,1.072467890157404,0.6807644654358507
1786.0,1.0138639888121348,0.6796537242386805
1787.0,0.9349268673854504,0.6776644405006735
1789.0,1.0294795341092982,0.7127365938707533
1790.0,1.0382734752778289,0.6850094581999485
1793.0,0.9934670120264687,0.7012908683339141
1794.0,1.0029209790452622,0.7211582971990534
1795.0,0.9594032107609921,0.6988194062547828
1796.0,1.0361815948010231,0.7065529198134892
1797.0,1.0419480257129012,0.6716602777122378
1798.0,0.982245601840139,0.7093369811975239
1800.0,0.9928591568451961,0.6764930937470078
1801.0,0.9877114327511727,0.7002568465959385
1802.0,0.9813106027472089,0.6814563920537801
1803.0,1.0277364125188297,0.7245501246560124
1804.0,0.9792365644657027,0.6570328056192647
1805.0,0.973782346751954,0.6760017404990221
1806.0,1.042743811922246,0.6689499815521684
1808.0,0.9886155128415983,0.6136637845074507
1809.0,0.9986428839067195,0.6608880580170163
1810.0,1.0330566486398116,0.7093248783636643
1811.0,1.019371808599746,0.7179259894417108
1812.0,1.07859995703958,0.7147986408625923
1813.0,1.0189601713416019,0.677414519640418
1814.0,1.0503742629063801,0.6836835708587078
1816.0,0.9265934734204991,0.6633980314320836
1817.0,0.9927597708830552,0.6505431196381823
1818.0,0.9976208707385744,0.6854766199310965
1819.0,1.0369239360195135,0.6801085303986732
1821.0,1.010209687478305,0.6570046656104124
1822.0,0.9966729418484008,0.683330209117696
1824.0,0.9592979042949265,0.7142444341791587
1825.0,0.9673984171871524,0.6872605940071193
1826.0,1.0321064292009126,0.6698801192638751
1827.0,1.023542002865724,0.6791759233127083
1828.0,0.9822427032876547,0.7027759526652435
1829.0,1.001850460296557,0.6730449205988169
1830.0,1.0199072827741384,0.7196899108744562
1832.0,1.0580899514768822,0.7103388536047951
1833.0,1.031439650822173,0.6906340067278366
1834.0,0.9950544467370118,0.7005214012381471
1835.0,1.0323435437529098,0.6738152755019938
1836.0,1.0427803526111976,0.7067077337379918
1837.0,0.9071911708027987,0.6550737876029205
1838.0,1.0422724025023158,0.6739073187397818
1840.0,1.0945588364130514,0.7164134132427269
1841.0,1.0943443952141578,0.7028346088684241
1842.0,0.9540877411195342,0.6714965663842355
1843.0,1.0239344837940885,0.7008637193657979
1844.0,1.0179204334526937,0.7220217748632571
1845.0,0.9682102431684203,0.6607516138691834
1846.0,0.9977921922155177,0.6972667858423394
1848.0,0.9990258157035854,0.678218244695705
1849.0,1.0864500457153496,0.6481220275545648
1850.0,0.9903541838213954,0.6671339439417066
1851.0,1.0105072175615595,0.6861172635317097
1853.0,1.0377833656948456,0.6691544833847164
1854.0,1.0570598022284114,0.6711063171590452
1856.0,0.8528117213955345,0.6664972912446688
1857.0,1.0087858520765303,0.6552971860697495
1858.0,1.0523478299039362,0.6926660867907862
1859.0,1.0359913267438303,0.7161736436658453
1860.0,1.0014506292007448,0.6919033175018013
1861.0,1.0577353930843614,0.6617521529494755
1862.0,1.092431919959552,0.6903025202394591
1864.0,1.027898974210302,0.625419304637232
1865.0,1.0063140933191292,0.658813593364969
1866.0,1.020868153566314,0.6768110673186796
1867.0,0.995938194584194,0.6488921128168509
1868.0,1.049774517342072,0.7084583334545982
1869.0,0.9804542010558749,0.6633917035332157
1870.0,0.9952506508749404,0.6697976643663529
1872.0,0.9586209630614849,0.6706544993832265
1873.0,0.9075500314976185,0.6902967978585812
1874.0,1.0255742738915168,0.6957364021331062
1875.0,0.9947435476950992,0.6607393896969026
1876.0,1.0025004946800984,0.6602432748559723
1877.0,1.0417228203949545,0.6684390147967747
1878.0,1.0467785497744657,0.702124839650215
1880.0,0.9629523233986224,0.6707649911227546
1881.0,0.9685995805630478,0.6810693581252218
1882.0,1.036475122630166,0.6557101263716327
1883.0,1.112364014862932,0.6944907359502904
1885.0,1.0025064469982772,0.7127087599669724
1886.0,0.9707677508218103,0.6868806563202924
1888.0,0.9303160383318051,0.6895202695307866
1889.0,1.0129138471236903,0.6766359991337597
1890.0,1.012036127037042,0.6449095596337528
1891.0,1.0272197429405088,0.6843288575112131
1892.0,0.9922090889705785,0.744593336878565
1893.0,1.054682334324365,0.6748683451511218
1894.0,0.9566940208607791,0.6990671773258559
1896.0,0.9588617791551788,0.6928646211296927
1897.0,1.0103437383097884,0.6544608132615289
1898.0,1.021798895412574,0.6533492391449015
1899.0,1.0380906854140268,0.6747694428637722
1900.0,0.9291270267079803,0.6521851291150296
1901.0,1.0095278458723365,0.6476139447872031
1902.0,1.0222582116856413,0.6932130856784919
1905.0,1.0682860692693,0.6652467187036271
1906.0,1.019342126889263,0.661728113906497
1907.0,1.0125414351893964,0.7031379158988761
1908.0,1.0420386932254273,0.6823530237911696
1909.0,1.015257089503029,0.6798352778916981
1910.0,0.9952309725988973,0.6874902853654998
1912.0,0.9427853128035107,0.708254925532354
1913.0,0.9623441509599484,0.6736985965110768
1914.0,1.0347315982737058,0.6522969431338059
1915.0,1.024855710198518,0.6624980931843837
1917.0,1.0370435041079,0.7005221309704088
1918.0,1.0827068964777482,0.7182120303009895
1921.0,1.0138856825233153,0.6947342770324756
1922.0,0.9760202916624541,0.6577519577922266
1923.0,0.9168259012732919,0.6274216469854943
1924.0,1.0261639627524304,0.6798277283210183
1925.0,1.0270888791855615,0.6457902410837765
1926.0,1.0162746454629343,0.7112921562069935
1928.0,1.015976699593673,0.7177352587948487
1929.0,1.0015680431555252,0.6571195969712995
1930.0,1.0707064011446472,0.6407383948920103
1931.0,1.0267501243767976,0.6610367346881556
1932.0,1.02795189693746,0.6653879169616608
1933.0,0.9412337275496435,0.6901004562185475
1934.0,1.0596887804023063,0.6804486048188766
1936.0,0.9198426263725249,0.7077962588924446
1937.0,1.0070443443309858,0.6515143856378561
1938.0,0.9953387820110507,0.6948630981200877
1939.0,0.9893663225235457,0.6303747870081692
1940.0,1.0483276375588875,0.6718814494353437
1941.0,1.0078103490768486,0.6823534991107869
1942.0,0.9972766689187929,0.7451471387210069
1944.0,1.0720883444136635,0.6621692136595563
1945.0,0.9635717703656852,0.6857193882893058
1946.0,1.000347100399324,0.6780791572268567
1947.0,1.0938240281325986,0.7142352334487826
1949.0,0.9980041122351749,0.6598334521324059
1950.0,1.0253396026118828,0.6477805718118429
1952.0,0.9946270382114297,0.69430079608526
1953.0,1.0050137990608428,0.6197441607052423
1954.0,0.9817114224862631,0.6849645351787136
1955.0,1.0181046593578866,0.635860150877803
1956.0,0.9981274055808861,0.6992616793073497
1957.0,0.9761297518191652,0.6587610546820581
1958.0,0.9538465321207928,0.683825401063037
1960.0,0.9648841514023732,0.6683167423235232
1961.0,0.96573143887517,0.6915635041846458
1962.0,1.0358041514437788,0.6692545599908032
1963.0,1.0861195996883044,0.6396629553261329
1964.0,0.9982990409833287,0.6452249883072586
1965.0,0.995926618337108,0.6739046533593972
1966.0,0.9926530372593999,0.6731896714524427
1968.0,0.9061062299108688,0.7447170812974873
1969.0,0.9609600008180712,0.6672940734642029
1970.0,1.0467293861600584,0.6726798302490782
1971.0,0.9947984908139822,0.6616088009588511
1972.0,0.9779896201263124,0.6883565025844746
1973.0,0.9947923971666299,0.6602515433993835
1974.0,1.0196932995356962,0.6628312857068942
1976.0,1.0380364494548973,0.6378294873462269
1977.0,0.9938686398188794,0.6631251752840975
1978.0,0.9833544081560701,0.6997437879826245
1979.0,0.9967985415617348,0.6740955875420332
1981.0,1.0204226737872708,0.6502082074015998
1982.0,1.092617679977684,0.638608841997485
1985.0,1.0141649092179186,0.6796032035783072
1986.0,0.9997620451881779,0.6770542397194356
1987.0,1.0265097605676647,0.6618224250500354
1988.0,1.0155644210212964,0.6947921920597525
1989.0,1.031098290281597,0.6709825977466173
1990.0,0.9953578544099723,0.6827597809768644
1992.0,0.9935565948733603,0.7003468618006252
1993.0,1.0282731592418406,0.6807058170014871
1994.0,0.9814496048830524,0.6708632123512842
1995.0,1.066371053929252,0.6599751331512423
1996.0,0.8828411147137575,0.7530009410949603
1997.0,1.0341041996799483,0.6579502404497827
1998.0,1.012542004351166,0.6678873782842166
2000.0,1.0540235468716002,0.6640929880329863
2001.0,1.001217135113311,0.6810235747337922
2002.0,0.9731576798633518,0.6719994164556043
2003.0,1.0528411074179316,0.7090101482797768
2004.0,1.0005001321209945,0.6646311578957751
2005.0,0.9656348675996814,0.6691268320789948
2006.0,1.0467742844255878,0.6706256737378306
2008.0,0.8999312632091893,0.6808477859515452
2009.0,1.0045718679250542,0.6487060456207894
2010.0,1.0228764356410935,0.655478161432074
2011.0,0.9895474468972685,0.6237192229860046
2013.0,1.027451052607574,0.6690391874868377
2014.0,1.0926588915790652,0.6675471065072791
2016.0,1.007057914364048,0.6265427023114474
2017.0,1.0206603211703753,0.6406571227694244
2018.0,1.0063296104708168,0.6728311567012403
2019.0,1.0468446802358535,0.6726415742974011
2020.0,1.1023727257903435,0.6704949541324179
2021.0,1.0253771082307293,0.6449624699921089
2022.0,1.0441324162782986,0.6323609685413764
2024.0,0.9600782186754133,0.6748824764112825
2025.0,1.0014966804830427,0.6710578694389759
2026.0,0.9417679913720852,0.6450778216088147
2027.0,1.0696618025157025,0.6579953618830182
2028.0,1.0551493307820357,0.6725829707971401
2029.0,0.9745213440255955,0.6285123598906536
2030.0,1.0054069214758878,0.6746256754302804
2033.0,1.0351719818948109,0.7435912905910923
2034.0,0.9951428432782313,0.6767410024695285
2035.0,0.9652716825424698,0.6095772470963182
2036.0,1.0048890598976847,0.7098568784959465
2037.0,1.0125928300026885,0.7023769956094218
2038.0,0.9967128181750693,0.6746459120327395
2040.0,0.9436368399308309,0.6873634734521442
2041.0,1.0399820885596036,0.6868915002005745
2042.0,1.0695822753673068,0.6712894038608683
2043.0,1.0012714162519714,0.7017254260574256
2045.0,1.0174835579748212,0.675856435072039
2046.0,1.0798988670844587,0.634357394980739
2048.0,0.9336865776276582,0.7976364318482755
2049.0,0.9772331433494473,0.6375684084604052
2050.0,1.0111554486403727,0.6971711239178805
2051.0,0.9674147615631188,0.6406893640957809
2052.0,0.900161074495111,0.7125214997839264
2053.0,1.0150284176405984,0.629892970058869
2054.0,0.9796678152629287,0.6860012552064788
2056.0,1.065246415402198,0.6497030261993308
2057.0,1.0168689200964502,0.6541206027622684
2058.0,0.9680745014176934,0.6719869281875315
2059.0,1.0145494109160227,0.690021964777033
2060.0,1.007665007039279,0.6907907402578638
2061.0,1.0292218412163974,0.6789467514536446
2064.0,1.0407698001594505,0.6284471808836771
2065.0,0.9913771885996945,0.6589955422810468
2066.0,1.0047364410315778,0.6724440007895667
2067.0,1.0492772409329978,0.7398393607991692
2068.0,1.0437458882138564,0.6917638184993572
2069.0,1.0292954614234784,0.6715185518613236
2070.0,0.9953005353342665,0.6535483881355132
2072.0,1.0428357621328057,0.670585614033588
2073.0,0.9960870688688912,0.6684970559551874
2074.0,1.006950210766978,0.6986898810675647
2075.0,1.002942181718732,0.6545103555405182
2077.0,1.0438772076861143,0.6964581696573354
2078.0,0.9835951562409364,0.6776907971698515
2080.0,1.0339740790093173,0.65366348459728
2081.0,0.9822065743682445,0.656944698977025
2082.0,1.0678901628342208,0.5879875146768312
2083.0,0.892414464007798,0.6336485825060538
2084.0,1.035086123240125,0.6444495431800283
2085.0,1.0630346094388223,0.6653748228127364
2086.0,1.0142658338502601,0.6526542975715882
2088.0,1.1208168731127863,0.6566288315768062
2089.0,0.979349182341089,0.6376698482213631
2090.0,1.0235297155475116,0.6938823831805776
2091.0,1.0295878528719298,0.6794141102166921
2092.0,1.0097187879273866,0.6289085802397145
2093.0,1.0147883618077373,0.6598221764266449
2094.0,1.0006537296334674,0.6659339143891677
2096.0,0.9867076116110102,0.6746285536095437
2097.0,1.0171885497813375,0.6809065874015063
2098.0,0.9958220494122759,0.6619481028152948
2099.0,0.9882141788665824,0.6931280067478109
2100.0,0.9970903874064823,0.7064310139378563
2101.0,1.040197848749987,0.6663206699366349
2102.0,0.9964997948699367,0.6855550952890819
2104.0,1.025750276037391,0.7149278419731157
2105.0,0.9954359621112752,0.6882773353638235
2106.0,0.9494291085119434,0.6842398954076393
2107.0,1.141951917587275,0.7161278295366711
2109.0,1.0339005767790614,0.6709480972882955
2110.0,0.943578049405421,0.6378378692925565
2112.0,1.0221608634932733,0.7191644171852628
2113.0,1.0286229738513966,0.686498548611651
2114.0,1.0120268338319798,0.657259334351303
2115.0,0.9770476207373308,0.6460280106837197
2116.0,1.0038933668794303,0.6468318865781056
2117.0,1.052644171032647,0.721840448926641
2118.0,0.950422688003702,0.6495970818446477
2120.0,1.0305468085737113,0.660656961653767
2121.0,1.0522648166419326,0.6194380422847234
2122.0,0.9731837963186443,0.6790809700721573
2123.0,0.9843863400426255,0.6780174944221274
2124.0,0.9257735809142718,0.6957098183714489
2125.0,1.0485540614504822,0.6671675303458802
2126.0,1.0600536657682267,0.6579097433507911
2128.0,0.9466642543794135,0.663436898635095
2129.0,1.040538946193381,0.6670578987811682
2130.0,1.0931450497229693,0.7093978552848904
2131.0,1.0607959755796947,0.6680945243136621
2132.0,0.9372610098569537,0.6144607682603022
2133.0,0.9618144553128437,0.6581964546359022
2134.0,0.9551271081102705,0.6600806942731324
2136.0,1.0185189749218002,0.681964999590799
2137.0,0.9914615735450168,0.6866674043460841
2138.0,0.9828847195134638,0.6544794479198843
2139.0,0.9848183084347278,0.6049121050112098
2141.0,1.0287585629727518,0.6997770497115654
2142.0,1.0280709394120484,0.7071611394670326
2144.0,0.9464128897225581,0.6551716986761452
2145.0,1.01661405051751,0.6458886627785367
2146.0,0.9732434842426095,0.6540610551200849
2147.0,0.8878403005210297,0.6558113259647578
2148.0,1.0507350023304431,0.7234318830195215
2149.0,1.0105521525070884,0.6210273945216424
2150.0,0.9923569990033458,0.6775678129176185
2152.0,1.0387963869496235,0.6835143745462232
2153.0,0.9596117269577382,0.6108861488669718
2154.0,0.9638546682230602,0.638748674981108
2155.0,0.9864211969039043,0.687495244631062
2156.0,1.0152206205340901,0.643449893229404
2157.0,1.0090563118379596,0.6683302211030117
2158.0,0.9818840378857044,0.6677084540295061
2161.0,1.0178995425180408,0.6587358633917024
2162.0,0.9583720712985618,0.6669678387042753
2163.0,1.0691097283881479,0.6777753371242479
2164.0,1.0222419495539328,0.6445305605288292
2165.0,1.0464284964697546,0.6438527845357506
2166.0,1.0081857762867459,0.660808207504566
2168.0,1.0171830919264984,0.6607404692751916
2169.0,0.9887472928367839,0.6487544811352844
2170.0,0.995827350764647,0.7193077286289511
2171.0,0.9449195245075078,0.6500803646474425
2173.0,0.9874115649271371,0.6671815958879784
2174.0,1.0046370706991539,0.6236911895385785
2176.0,0.8088647321553373,0.7628491413116585
2177.0,1.0521997970515897,0.6154021146915372
2178.0,1.0769702695096126,0.700548950114501
2179.0,1.026404255022807,0.6774716044330847
2180.0,0.9979417129284871,0.6701184536321608
2181.0,1.0981313458454256,0.6173355048858382
2182.0,0.9619098444862686,0.6515608229223736
2184.0,0.9467791865481133,0.6558564101836758
2185.0,0.9941698179921322,0.6359446947119476
2186.0,1.0019646473170556,0.6382763678120932
2187.0,0.9986252774318387,0.6522190476896605
2189.0,1.0343389371913854,0.6381250055400668
2190.0,0.9523914867226722,0.674702851483264
2192.0,0.909026353356647,0.6711036534094053
2193.0,1.06800124745081,0.6578156002492774
2194.0,1.0096226027171304,0.656197185980811
2195.0,0.9642303857172682,0.6588161935158731
2196.0,0.9782731526326836,0.660134519937008
2197.0,1.0679278207012117,0.6665954390743832
2198.0,0.998611494997786,0.6756205633611566
2200.0,1.0356173134789797,0.6478510066315414
2201.0,1.0228678503440183,0.6820137728088733
2202.0,1.0220945444709244,0.7022530916462362
2203.0,0.9611922359494227,0.6609962941646287
2205.0,1.0436155751395924,0.6634949834432169
2206.0,1.0842762186380779,0.6362255643471534
2208.0,0.9875531945452171,0.6665144757935518
2209.0,0.971166783172671,0.6483100341282003
2210.0,1.0128900167048631,0.6900973472815487
2211.0,1.0771176530787572,0.6924826114894181
2212.0,1.0383554873056877,0.6906684823044323
2213.0,1.0229284468383313,0.6482715147843394
2214.0,0.9833684726911566,0.6904316091232846
2216.0,0.9921404744010389,0.6250458259598386
2217.0,1.0136437782439038,0.6852149073194919
2218.0,1.0610219540845367,0.6540041106061117
2219.0,0.9908540253686635,0.634230489489156
2220.0,0.8373325726493869,0.6958297650644644
2221.0,1.1054380284832683,0.6772899800223859
2222.0,1.0171403774925873,0.645525368296655
2224.0,0.8383295674264076,0.6814684900081837
2225.0,0.980056007420871,0.667909233765362
2226.0,0.947871281046436,0.622759863292191
2227.0,1.0123877813658697,0.5947032463702465
2228.0,1.0085101926688496,0.7093758151463397
2229.0,1.0811527067230213,0.6447566524743359
2232.0,1.073580917535882,0.6739596527190457
2233.0,0.9606095874045925,0.6731563890612879
2234.0,1.0177709084835767,0.6387478679049555
2235.0,1.05144381313626,0.6053210097702505
2237.0,0.9657153596835607,0.6334422845827878
2238.0,1.000072377023671,0.6961470271281831
2241.0,1.014689330903877,0.6593280577752493
2242.0,1.019475255199033,0.6624345649315663
2243.0,1.0014381208316339,0.6466581700481898
2244.0,1.0051958864516757,0.6361177064263965
2245.0,1.0749824955669305,0.67410261440728
2246.0,1.0100717249653266,0.6360763965877015
2248.0,0.9354054308559379,0.6590050178741687
2249.0,1.1153521018293109,0.6299832040664434
2250.0,1.0102723362483548,0.6289475332781279
2251.0,0.931865607669988,0.6385225833271511
2252.0,0.9400777565146835,0.6318638879194192
2253.0,1.0847543765426135,0.6791060098589492
2254.0,0.9811039831099128,0.6601157665123133
2257.0,0.9341379753431038,0.7302969203471334
2258.0,1.0505342337287236,0.6575671518313224
2259.0,0.9628652071670487,0.6340181937279903
2260.0,0.9735268671953304,0.7240262619444934
2261.0,1.0428535574491202,0.6380056497888397
2262.0,1.0017112294196289,0.7044113626233937
2264.0,0.9893401400169906,0.6249915990482566
2265.0,1.0185420263628386,0.6813596340838313
2266.0,0.9696536803512452,0.6725965672623516
2267.0,1.044716283389532,0.6421315479515444
2269.0,1.070252703828089,0.6959108770686877
2270.0,1.0867291462856714,0.6468954707181541
2272.0,0.8459764399070163,0.6068110384077636
2273.0,1.0544394501633307,0.6544507228261538
2274.0,1.0168233420976724,0.6469354650248397
2275.0,1.0279155644105997,0.610235386534916
2276.0,0.9872271585561868,0.6415584111844643
2277.0,1.0306378023038503,0.6448148075477023
2278.0,1.0170562096020808,0.6744921777414087
2280.0,0.9594407875917774,0.619225472840392
2281.0,0.9746783163392558,0.6611414203162549
2282.0,0.9790750687960419,0.685367255181468
2283.0,0.9986153477120835,0.651482073612024
2284.0,1.1352330181377726,0.7286438849577709
2285.0,1.0099643108246916,0.6643820272804876
2286.0,1.05150677689147,0.6968179635513677
2289.0,1.0614230091006387,0.6725854297376147
2290.0,1.0620441883772014,0.6840588311621584
2291.0,0.9853116609702225,0.7008250359316377
2292.0,0.9132699380844964,0.6848474857575607
2293.0,0.9136463520985986,0.6254189505311215
2294.0,1.0057434104805163,0.6598090229626783
2296.0,0.9542028502970997,0.7011718104254666
2297.0,1.0278754088085245,0.6524906652709719
2298.0,1.0135681768246945,0.6941321883090578
2299.0,1.0446531534615517,0.6625699446105162
2301.0,0.9901779469165832,0.6570034401288447
2302.0,1.013828932265934,0.6475377377115787
2304.0,0.9829094834776615,0.614479860985954
2305.0,1.0241729611540247,0.6804675946451654
2306.0,0.9618005063844758,0.6583862610950928
2307.0,0.9525442382402076,0.6576434691405997
2308.0,1.0250988987415839,0.6433702884714511
2309.0,0.9875120807925923,0.6674445395654015
2310.0,1.0398533919674884,0.653228163023678
2312.0,0.9934929021925802,0.635382856122077
2313.0,1.0463427593380634,0.639507872751087
2314.0,0.9167707983500178,0.6666101573939396
2315.0,1.0295576498051906,0.6652515114578853
2316.0,1.043598920044092,0.6243659281962599
2317.0,1.03509967113733,0.663777510352194
2318.0,1.053529923247363,0.6609790570667583
2320.0,1.093336238357241,0.595214512679439
2321.0,1.0619040342711623,0.6443144926590018
2322.0,1.0189998276091605,0.6447518651687861
2323.0,1.0755603778327665,0.678493403674547
2324.0,1.0637417055172431,0.6496948443319214
2325.0,1.0634144969839294,0.6753231937468885
2326.0,0.9818056828595861,0.6911603599673611
2328.0,1.0889722964682744,0.6299536106380039
2329.0,0.9108669194189981,0.6773302324655408
2330.0,1.0396821525419424,0.6587157402091911
2331.0,1.0158166841122087,0.6949721152366558
2333.0,0.9989565497838779,0.6803828864449534
2334.0,1.0272724646969518,0.6677952900977744
2336.0,1.0102010396491188,0.6824548099585975
2337.0,0.9734949359802455,0.6039388160050618
2338.0,1.0285481416138667,0.6084050378724742
2339.0,1.0124436683483002,0.6243757841694473
2340.0,1.0904310280667149,0.6341480692090886
2341.0,1.0010868357943128,0.6050434628794523
2342.0,1.001993774477385,0.64657908577842
2344.0,1.0151600991136154,0.6579852366434459
2345.0,0.9770381524702921,0.6357640364024078
2346.0,0.9513200747558868,0.713054452480652
2347.0,0.9825410332343696,0.6399325536149272
2348.0,1.0386611358453537,0.6334552656796746
2349.0,0.998682401561172,0.6690814250797134
2350.0,1.0534271220853655,0.7003136693966228
2352.0,0.9631505379241416,0.6533273837813597
2353.0,0.9963905410697572,0.6239208509321684
2354.0,0.9861752015628159,0.661672170669415
2355.0,1.0894557872643404,0.6338247440018951
2356.0,1.0849436785368192,0.6599762928239319
2357.0,0.968355236130529,0.6590199357894009
2358.0,0.9711910993774491,0.6670311208416796
2360.0,0.9437076790262321,0.6248347638225963
2361.0,1.0369429710468665,0.6529846789793268
2362.0,1.1114340370516325,0.6600634015793042
2363.0,1.0430458640831695,0.6217857829229606
2365.0,1.0629122780158562,0.6752134553219772
2366.0,0.9404093922552283,0.6955038683612026
2369.0,1.0176229149611713,0.6811602732446488
2370.0,1.0163431622682446,0.6750884208278467
2371.0,0.9287287293350249,0.6370059074974908
2372.0,1.0092207207681796,0.6312615024944586
2373.0,1.0276780268926076,0.6811242923861208
2374.0,0.944749203833157,0.6279629759118792
2376.0,0.9373988691216153,0.6410337309507179
2377.0,1.154009226704872,0.7301316401496105
2378.0,1.0269916050596772,0.671074074850567
2379.0,0.9759942797596063,0.6701360871371069
2380.0,1.015989738832647,0.6734040597318433
2381.0,1.0235715842995419,0.6488723807711498
2382.0,0.9467666047957144,0.6873465849247437
2384.0,0.9426928991059577,0.6639110900999401
2385.0,1.0164795290117776,0.6550401497644032
2386.0,1.0097126605537536,0.6823823290205405
2387.0,1.0496537863420787,0.6614416461016696
2389.0,1.0571855446556218,0.6280918874881555
2390.0,0.9950717486044476,0.6510651589416239
2392.0,1.0801941606076089,0.6720138303269442
2393.0,1.0035207906248826,0.6362873675172299
2394.0,1.0222586173534458,0.6714224140154333
2395.0,1.0341921495291098,0.6539915136680035
2397.0,1.028878319976729,0.6206170671891232
2398.0,1.0408317723655758,0.6072311911564083
2401.0,0.9602596851570432,0.6835321246679075
2402.0,0.9599062690356068,0.7023512703519945
2403.0,1.0838984952044435,0.5731219188912666
2404.0,1.0748080927762662,0.5823078809055505
2405.0,0.9923713600973911,0.6861912674981643
2406.0,1.0167004290358497,0.6422879495176178
2408.0,1.0176901718526872,0.6746838258813272
2409.0,1.0264076302610523,0.6806679925616211
2410.0,0.9931224669761625,0.6665866837411933
2411.0,1.0468825493963343,0.6726869302109533
2412.0,0.9965508328178901,0.6582342331709793
2413.0,1.0355985286431408,0.5981051849616326
2414.0,1.0649205569152465,0.6866090890990301
2417.0,1.046433494318787,0.6958827164330076
2418.0,0.9406903084333573,0.6459943525222828
2419.0,1.0414655599171898,0.7475836254630656
2420.0,0.9770871693288685,0.6573839691615911
2421.0,0.962811463836763,0.6935192196692003
2422.0,1.0358888274789448,0.6581522354516481
2424.0,1.0337677057738466,0.6718127783325339
2425.0,1.0634964074414786,0.6638637999908981
2426.0,1.0326282153398563,0.6575421427354838
2427.0,1.0332948836528173,0.7051041176086347
2429.0,0.9647698691579424,0.6953769668343416
2430.0,1.0282916868442848,0.714264007326809
2433.0,1.0279869904857142,0.644655661234658
2434.0,1.003888944479868,0.6466385419140561
2435.0,1.0064213018647836,0.6853278507215755
2436.0,0.9480155068263401,0.6499115309267615
2437.0,1.03217751056516,0.6459310410055061
2438.0,0.917440787388356,0.6812657408338874
2441.0,1.0056050391278684,0.7006376457509979
2442.0,1.0123962846128078,0.6379972926096771
2443.0,1.0473179918325106,0.6370926879781991
2444.0,1.0364699376728148,0.622565616208339
2445.0,1.0056269933308866,0.6621028546909833
2448.0,1.0918181692044515,0.6432822072108171
2449.0,0.9697652372298242,0.6306691257689933
2450.0,0.999476383645822,0.6717831011130212
2451.0,1.0372228339411378,0.6687926834177365
2452.0,0.9590514378428286,0.6525971186677638
2453.0,0.9848026225908039,0.6275653382328765
2454.0,1.0003409665244285,0.6332467544004972
2456.0,1.0470589826891907,0.6656420328929317
2457.0,1.0312059103346167,0.6514564474437908
2458.0,1.056650079285392,0.6574451554433449
2459.0,0.9949773340984266,0.6897942421793195
2461.0,0.9955941762668088,0.6650050624592798
2462.0,1.0629089319300808,0.6586160393217029
2464.0,0.9899127447468469,0.7238059034808573
2465.0,0.8882616780548951,0.6272473536961808
2466.0,0.9308297917955164,0.6563705015922497
2467.0,1.0175993532418752,0.7020906699782685
2468.0,1.0398355505734964,0.6451379404971317
2469.0,1.0593571312611758,0.6404325900564076
2470.0,0.8468218834672456,0.655010952980588
2472.0,0.909213548660794,0.6247166683420557
2473.0,0.9162921827868331,0.75285714268414
2474.0,1.001237791373684,0.6782602797067226
2475.0,1.0108740154674076,0.6479146927197187
2476.0,1.0110509015448865,0.6141091284550244
2477.0,1.018239284028686,0.6818951628724625
2478.0,1.0157170082344913,0.663720642829801
2480.0,1.0398883725644033,0.6013912194306834
2481.0,1.0035914932106103,0.6845563663730626
2482.0,0.9563441397919458,0.6774396818817109
2483.0,0.9879012801738474,0.6794248166503918
2484.0,1.0219490833129312,0.6164776705886881
2485.0,0.9928635406392666,0.6185682838890477
2486.0,1.0444319777318871,0.6833761972012807
2488.0,0.975142937628381,0.7201578740674216
2489.0,1.0847476040487785,0.6599328855490975
2490.0,0.9760822920229488,0.7033078279165176
2491.0,0.9839815742190178,0.6623665119999883
2493.0,0.9374343167546454,0.6912262282797342
2494.0,1.1047646225206968,0.6738104535985266
2497.0,0.9820944716478016,0.6625100609186173
2498.0,1.0000812520067632,0.6697060037470738
2499.0,1.0144040802642666,0.6729799064685096
2500.0,1.0541848396543958,0.6506489661519824
2501.0,1.0211450872032597,0.6621657641690786
2502.0,0.9480958569176475,0.6614968721888971
2504.0,1.0236182668989617,0.6542411024744632
2505.0,1.0342129433805147,0.7026595659279601
2506.0,1.0220815401349228,0.6342989875655913
2507.0,1.1355965382516466,0.6355019547575059
2508.0,1.0725459234159302,0.6754888507170403
2509.0,0.9414804515314138,0.7139262356654574
2510.0,0.9973627680290241,0.6648971508150846
2513.0,1.0198476761601332,0.6541438296253033
2514.0,0.9985418245150495,0.6986876527743864
2516.0,0.957742264230103,0.6429195220378687
2517.0,0.9930822334468159,0.6587350522555158
2518.0,1.0536933576039031,0.6332999622473214
2520.0,0.9505860066676225,0.6835269343940906
2521.0,1.0405924118952752,0.6863971009808131
2522.0,1.0204901349152853,0.6723824719385011
2523.0,0.9750751893001638,0.6662085005150625
2525.0,1.002056037002353,0.6579798450056445
2526.0,1.0061131560827956,0.6768092515661152
2529.0,1.0138058226942464,0.6826382872852311
2530.0,0.9994440769513382,0.6566639053683445
2531.0,1.0117603637450512,0.6817880079881486
2532.0,0.9409785757538626,0.666989321294037
2533.0,1.0415365546357958,0.6606559577956763
2534.0,1.0806763370230812,0.6581573302217211
2537.0,1.0036743720059096,0.6647037602294619
2538.0,1.0765573383335285,0.6865047837979069
2539.0,1.0763206726482326,0.7017582001773477
2540.0,0.94616166546727,0.6604214562425585
2541.0,1.0110798476264466,0.6602549709610349
2542.0,0.8881582902424154,0.6864567476594078
2545.0,1.0143999731899447,0.6860072519709053
2546.0,1.0265221844488086,0.6483224125811011
2547.0,0.9942386934914011,0.6973638305489605
2548.0,1.0542619286367332,0.6240211243359475
2549.0,1.0073820146739192,0.6471373309599179
2550.0,1.036538058105346,0.6661948415467249
2552.0,1.0814389119006245,0.6420919644675979
2553.0,0.961238482724888,0.6776441321931952
2554.0,1.0215799885096217,0.6849316191910375
2555.0,0.9984682900406188,0.6597380360321876
2557.0,1.0581681787252502,0.6722743196056804
2558.0,1.026537010976395,0.6960353945262975
2561.0,1.002327038142157,0.6769477793551423
2562.0,1.0564623109608715,0.7598904083356693
2564.0,0.9596982983891025,0.7145588868673531
2565.0,0.9441074574187973,0.64200152820837
2566.0,1.0007768531213816,0.710657670331043
2568.0,1.0436650749428134,0.6906062580397218
2569.0,0.9793441626017276,0.7044615288981587
2570.0,1.0448240499551666,0.6936077577616273
2571.0,0.9244174718080372,0.6640250861084864
2573.0,1.0012029186515319,0.6996894772513591
2574.0,0.9599961935428099,0.6543976843374593
2576.0,1.1278461734280332,0.61250551819713
2577.0,1.0113978326670037,0.673374714757486
2578.0,1.0149776224901343,0.7065534414374254
2579.0,1.023848908309725,0.6650764608331543
2580.0,1.0602210544071748,0.7072075128942572
2581.0,0.9810184037939614,0.6559023976979647
2582.0,1.082393007401608,0.6527846314285258
2584.0,0.9462428236949542,0.6261439521604995
2585.0,0.9656973838053214,0.6541208624177307
2586.0,1.0125340485918126,0.6952083473120633
2589.0,0.987274579754421,0.6904777505735118
2590.0,1.1281061891359456,0.6118115743483858
2592.0,1.0562318483689188,0.6941259865531503
2593.0,0.9483408826111077,0.6688706900835169
2594.0,0.9567023121701365,0.6749992439146827
2595.0,0.9676549838700508,0.6392370094846692
2596.0,1.002994934903668,0.6476825099441018
2597.0,1.1447434267048184,0.7105701643007937
2598.0,1.0012258271397487,0.6531972269294807
2600.0,1.0129628271083237,0.7053633940509517
2601.0,1.0478193076529183,0.6947953577360869
2602.0,1.0140057672207925,0.6985003569169509
2603.0,0.9745129176406828,0.6686825274059927
2604.0,0.9736208551946717,0.7546349000817764
2606.0,1.0202726392640715,0.6249263876088055
2608.0,1.0611116514278651,0.8083501034526074
2609.0,0.9828308574261962,0.6956944981021278
2610.0,1.0212369235005911,0.6307878301204326
2612.0,1.0375038388289517,0.6844502645972584
2614.0,0.9733369009163322,0.678350661066703
2616.0,0.9838915557472354,0.6968934006313223
2617.0,1.1652680364246415,0.7016784466653787
2618.0,1.0461646184962436,0.6463770368458173
2619.0,1.0102320091500474,0.6750086104304324
2621.0,1.0409898551228087,0.6712834934036404
2622.0,0.9539837101634674,0.7584776916209356
2624.0,1.107566318095408,0.6274026773444471
2625.0,1.0220038673135161,0.7171209852753484
2626.0,1.0327629923736925,0.6190261342132873
2627.0,0.9959728554436919,0.6964324399293139
2628.0,0.9204791961820116,0.7284278968575736
2630.0,1.053495145235428,0.7046522025602495
2632.0,0.9218497476297689,0.7353527449621498
2633.0,0.9705767053975997,0.6769327166700635
2634.0,0.9416657394818007,0.6404088130632762
2636.0,1.1190620011288699,0.638524593087928
2637.0,1.056732659329172,0.6917938107341778
2638.0,1.0283814613865743,0.6805269260323844
2641.0,1.0047366634403019,0.6899467664099006
2642.0,0.9313709496359177,0.6790875876907808
2643.0,1.0483695007796707,0.6540617374020944
2644.0,1.012385843732766,0.7175087939341481
2645.0,0.9761761047094053,0.6918374223274035
2646.0,1.0211632186457265,0.6736343836179558
2648.0,1.0409138485486913,0.6750644501943062
2649.0,0.9790793919667962,0.6835232437714953
2650.0,0.9932651039714967,0.638252871117931
2651.0,0.941084925368257,0.7015536446579311
2653.0,1.1195232808319073,0.6579950664643085
2654.0,1.011447306503394,0.6976604159860387
2656.0,0.981513437520481,0.6585552363718477
2657.0,0.9800982216405718,0.6808971417938748
2658.0,0.943740032683174,0.7556490912102283
2659.0,1.0574582385535318,0.668024691751246
2661.0,0.9667959411388967,0.7309439690561534
2662.0,0.9779205752994512,0.7894304744998357
2664.0,1.0147414417856073,0.6889110038167522
2665.0,1.0012271071122736,0.6506626427196784
2666.0,1.0499529274808248,0.7040053111818891
2668.0,0.906220695770669,0.5919426649394751
2669.0,0.9786572343356714,0.7117122541275677
2670.0,1.0980821153867697,0.7135506221788269
2673.0,0.9950217096888482,0.6987625276547325
2674.0,1.0468387425867494,0.7082439069582167
2675.0,1.080488349361271,0.6503503453686058
2677.0,0.9734727757252656,0.6794490649061968
2678.0,1.0169285053976624,0.6219492427874987
2680.0,1.0077218365143494,0.7166697742497669
2681.0,1.0212916950263775,0.6974153092130068
2682.0,0.942553927363169,0.6180954006792089
2683.0,0.9214575451945395,0.6664213482263305
2685.0,1.073491545144745,0.7348531536958555
2686.0,1.103241908050632,0.8019272062838176
2689.0,0.895381980128631,0.7204911790509223
2690.0,1.018507519159128,0.6794583944686619
2691.0,1.0240843146775578,0.723856019752631
2692.0,0.9260846967625234,0.7164957980212522
2693.0,1.0573479338772365,0.6670752856325989
2694.0,0.9469311543378288,0.6868035034976004
2696.0,1.1538195273358323,0.6896852535494292
2698.0,1.225959621363335,0.676180935102012
2700.0,0.9553904835843263,0.7275023199700057
2701.0,1.0398029672049927,0.6308396247517369
2702.0,1.0336700397644876,0.7231911337751326
2705.0,0.9224687175156013,0.7115477341029914
2706.0,1.0542730264056892,0.6808426491439679
2707.0,1.0010640925336594,0.6627301161973325
2708.0,0.9870772482950171,0.6938555260185564
2709.0,1.01929773309656,0.7054955550472286
2710.0,1.0144266969599904,0.6720001788845651
2712.0,0.9600872572786379,0.6264179046100408
2713.0,0.9827645074118599,0.7041734925864659
2714.0,0.992733909209738,0.7086807452179151
2715.0,1.0129463686558917,0.680672988006689
2717.0,1.0211634765859006,0.6590756025911274
2718.0,1.0199039399306824,0.6810997850269894
2720.0,1.1652021381723694,0.6900516189047369
2721.0,0.9810379979680741,0.7322708905327395
2723.0,0.9389374932205119,0.7243523612087025
2724.0,0.9265008039590833,0.6912774855877747
2725.0,1.0813669097579863,0.6908356193352566
2726.0,1.0265285091371898,0.6988996507302588
2729.0,1.011517734743086,0.6710755860075702
2730.0,0.9290403136028821,0.7117581768219233
2732.0,1.08443860772459,0.6565437632671912
2733.0,0.9641211330981341,0.737958684987246
2736.0,0.9459991587665356,0.6515952042380199
2738.0,1.085557129855383,0.7589457735859493
2739.0,1.1891468714563915,0.7000515072392085
2740.0,1.0836205966354455,0.6836181761209627
2741.0,1.0924808808317457,0.6836693709167367
2742.0,0.9744049281260883,0.7192722429069107
2744.0,0.9925177231546273,0.6458568758246718
2745.0,1.1302962673352617,0.7487374617715
2746.0,0.9768058234487144,0.6283047168733138
2747.0,0.9147511813072113,0.6246865703284764
2749.0,1.0174564886678543,0.7171280469855761
2750.0,0.9326752105680691,0.7419101117571858
2753.0,1.0380876338061558,0.7186856315296535
2754.0,1.0434360935177962,0.7715384349872466
2755.0,1.0019288719772939,0.6184365319894002
2756.0,1.0654790057308254,0.6804468051378455
2757.0,0.9336439501631245,0.7606541489713562
2758.0,1.0108848071356937,0.6821221551131178
2761.0,1.113403335538795,0.6684387477790192
2762.0,1.0078596275008749,0.6975596887288791
2763.0,0.9189175968435571,0.7628204059103556
2765.0,0.9238531484547033,0.7186924924777259
2766.0,0.9122152445405407,0.7040304979591717
2769.0,0.9521756444571035,0.7094609552865786
2771.0,0.9819110340785279,0.7419407272099516
2772.0,0.9686222417499611,0.7640730118658141
2773.0,0.94626300316935,0.7367564690648035
2774.0,1.017248063952239,0.7074100888105057
2776.0,1.009132078102294,0.7110191323541525
2777.0,1.087885417962283,0.7374068586548187
2778.0,1.0159959391893154,0.7471508331626808
2779.0,0.9709061337160209,0.6354223731259196
2781.0,1.0059338843717687,0.6926081283540674
2782.0,0.9593499078316495,0.7455433330035861
2785.0,1.022510698669688,0.7052518325375984
2786.0,1.039204245409534,0.7071265828890615
2787.0,0.9170256212521148,0.7523384941556145
2788.0,1.0017695916890803,0.704872420465548
2789.0,1.0008471215323345,0.6390083553181479
2790.0,1.0774621204363315,0.7504492184251471
2792.0,1.0269702341148639,0.6717881379553643
2793.0,1.1177366313887565,0.7270218815304341
2795.0,0.9846702357771723,0.750507544725758
2796.0,1.0191595193662464,0.6841131390856443
2798.0,0.9257807302534622,0.6931506815737368
2801.0,0.9241226293063255,0.6727721211902087
2802.0,0.9371643163290692,0.8446637769087296
2803.0,0.83680045256391,0.7322735815167545
2804.0,0.9024606159106364,0.7441911363542263
2805.0,1.067980992361759,0.7464682412166004
2809.0,0.990440188420304,0.7151858844387063
2810.0,0.9501190112951452,0.732695737121524
2811.0,1.0125211361572837,0.6636702325404217
2813.0,1.0040527923485123,0.6823457539147474
2814.0,1.0210776366157197,0.7144472391052978
2817.0,0.9413359372119608,0.7543768451985837
2819.0,1.0163202037299777,0.7224007111305226
2821.0,1.0173427887338145,0.665318212889496
2822.0,1.0047789214660787,0.6994156267138139
2824.0,0.9565875685385027,0.6695531961511855
2825.0,1.0241820000673134,0.7694114842499337
2826.0,1.0277749895439072,0.7179524351788095
2827.0,0.8867490670118283,0.6930289536052499
2828.0,0.9877140675931046,0.6949063870082598
2829.0,0.9921994321940664,0.7508245884544645
2830.0,1.0404933585878882,0.670942983337834
2832.0,0.9212198889317895,0.7285020512611253
2833.0,0.9025967126923637,0.8218871808282715
2834.0,1.022252571065504,0.7393297388871951
2835.0,0.9745458551882339,0.7370976627909669
2838.0,0.9527733701634228,0.7096351540067508
2840.0,0.9604552722261902,0.7506803253473481
2841.0,0.8308163471719486,0.6288052008297162
2842.0,1.1752639138743317,0.603844411635686
2843.0,1.0415556202793979,0.8208303176716363
2845.0,1.0881324692010073,0.7312844571125813
2846.0,0.9874811349742489,0.7490010266788372
2848.0,1.2037507777731493,0.6804213938187624
2849.0,0.9908333311531711,0.7312731108578163
2850.0,1.0172773385997789,0.7022845378532975
2852.0,1.0213622829899087,0.6849465772442426
2853.0,1.0636578206996605,0.7745705652626003
2854.0,1.0535886573082,0.8094349353529268
2856.0,1.0057815387851492,0.7517077686658369
2857.0,1.0730323297295266,0.7206595263671562
2858.0,1.0527767792109888,0.7259652318639359
2859.0,0.8779191316385381,0.699319913559256
2861.0,1.0662177280284098,0.7051501192797095
2862.0,1.0003195467148032,0.7005507439221322
2864.0,1.187492628523835,0.6714592349259217
2865.0,1.0207598329584955,0.6749248073859472
2866.0,0.8699109916937637,0.7079505421876046
2868.0,0.9931025682935544,0.6781347817186604
2869.0,1.0263290609795912,0.7538634642820911
2870.0,1.1807122069665696,0.7839344493133854
2872.0,1.0605469743167153,0.7130995127895562
2873.0,1.1638380224665608,0.6727597844640768
2874.0,0.9778101916218267,0.6452232865745423
2877.0,1.0179078922071974,0.6994851938548241
2881.0,0.9445413642200036,0.7382997243959176
2882.0,1.0129928021667212,0.7685126995772693
2883.0,0.9769548896490081,0.7217864992554273
2884.0,0.9010033836531873,0.7288578235974154
2885.0,1.1203263216639323,0.7906170683403135
2886.0,0.9977499203237045,0.7107122791386967
2888.0,0.9845627464967042,0.7931296157810702
2889.0,0.9917345692163871,0.7445400169676527
2890.0,0.9623373165225381,0.7304443711519604
2891.0,1.1184298210340438,0.68456366635786
2892.0,1.0064582664686197,0.7300445449066083
2893.0,0.9400990352457377,0.660512944961933
2894.0,0.9309241178295866,0.757706920440867
2896.0,1.0106129778659718,0.730612842566595
2897.0,1.007413116633924,0.7142017123541801
2899.0,1.0500401521509768,0.6701296469685823
2901.0,0.9676029760463923,0.786853188644156
2902.0,1.0480748415732013,0.735029603526337
2904.0,0.9439975370560667,0.7364086665154962
2906.0,0.9453427970776355,0.7150783163401723
2907.0,1.0425778974485451,0.7138536003529699
2909.0,1.0413742994598516,0.7319120938075176
2910.0,1.0370706631777127,0.7337705412907453
2913.0,0.9713851047955766,0.7383850388604101
2914.0,1.0369815596721996,0.7327585510004919
2915.0,1.0531791907781944,0.7390797181431744
2916.0,0.8405190069956354,0.6813512490447521
2918.0,1.0513271676197864,0.711397591046346
2920.0,1.0075133531920855,0.7140949184919516
2921.0,0.9548427982775973,0.712560109172024
2922.0,0.9673704237724274,0.7795541914700966
2924.0,0.9357878996246747,0.7902885821972765
2925.0,1.0075992114335406,0.7191967701793246
2933.0,0.9858103018131191,0.6820128966431772
2934.0,0.9567130888670512,0.6781171836861078
2936.0,0.9101677794343537,0.7667169597682906
2937.0,0.9741756902874146,0.7004904415243466
2939.0,0.9909002320416703,0.7084030911397393
2942.0,0.9235813449718351,0.6998101224183613
2945.0,0.9492566533358284,0.7427956546503943
2946.0,1.0562852335644914,0.869182228499428
2948.0,0.904402086429147,0.7247621479272904
2950.0,1.0171085928350951,0.7079161983382254
2952.0,1.0660825874890578,0.7413890100919495
2953.0,0.9823069998070707,0.733627982658025
2954.0,1.0518642352905316,0.7094715318493652
2955.0,0.9330594331654442,0.800327221676269
2956.0,0.9722627942959118,0.7862157583104972
2957.0,0.9848372945754611,0.7362746564098595
2958.0,0.9248872037210789,0.7179863538808761
2961.0,0.9929135480227378,0.7464571415928306
2962.0,0.982421304087629,0.76524362032547
2963.0,0.8572586230087931,0.7455251906508205
2964.0,1.0808216797281587,0.7421243482737216
2965.0,0.9053547667036326,0.7712081901547314
2966.0,0.996307416309781,0.724340950203236
2969.0,0.968388018064957,0.7624140942431719
2970.0,0.9519714507995913,0.7888557526458584
2974.0,1.0344652833290195,0.7415004968732162
2978.0,1.1026515522307023,0.7526012967725383
2979.0,1.1219011041808804,0.7685326617742565
2980.0,0.9676708303476251,0.7409532474879713
2981.0,0.9987270297312485,0.7825661988131148
2982.0,1.1587057531310059,0.6809099973544458
2986.0,0.9713551828069301,0.7009882770890311
2987.0,1.0308811447436774,0.81052928127901
2988.0,1.0194702435082297,0.7933253461903037
2989.0,1.055333934411848,0.6853023160438853
2990.0,1.058252397088038,0.7980410287986212
2992.0,0.9886973895452609,0.694420457529136
2993.0,0.886476109924715,0.7922696988707593
2994.0,1.0171446511252507,0.7382931686388104
2996.0,0.9252105220059095,0.7378370475620739
2997.0,0.9324629384913087,0.6874924370516576
2998.0,0.9058219260034767,0.8314087669248578
3000.0,0.9498350601620299,0.7190800542694934
3005.0,0.96643562424215,0.7255970674885885
3006.0,1.0157717909261843,0.7587849814691331
3009.0,0.990300439777764,0.8108601266785953
3010.0,0.8383230716737233,0.7916132961999552
3011.0,1.1044397746418761,0.9127009570143542
3012.0,0.9937926882559402,0.7428249294056763
3013.0,0.8257651802832453,0.7574290542309318
3014.0,1.0340251961244804,0.8693303933188045
3017.0,0.901783427828618,0.7680997261291992
3018.0,0.9272120409801872,0.7039000926246671
3019.0,1.0994260758333743,0.8072463147970429
3020.0,1.0191454473624713,0.8967413364911688
3021.0,1.053010250966937,0.8019073655557896
3025.0,1.1402753299546624,0.7720937471810495
3026.0,0.9032298623372984,0.7374537852452305
3027.0,1.0143527547237945,0.7540796830886087
3028.0,1.0713081644250633,0.6776942361742146
3029.0,1.0336870710112533,0.7652159949386309
3030.0,0.9902418967741403,0.7702174809343686
3032.0,0.8264307665371434,0.827418520997041
3033.0,1.0046956235133682,0.7562195358675673
3034.0,0.9231727823694668,0.6669253571270605
3035.0,1.0065036949647739,0.7443335225216137
3037.0,0.9636608024958517,0.7448342369082992
3038.0,0.9153696806211427,0.7179759392800598
3041.0,0.9453774192792156,0.8159012457125873
3043.0,1.0112539905810802,0.789888693793142
3044.0,1.0644893616044406,0.7276727675243383
3049.0,0.9263022145387529,0.8047731581563089
3050.0,1.1230163992436242,0.8505271881505229
3051.0,1.1010602241317413,0.7142410246337798
3053.0,0.9884340970154004,0.8088179713320239
3054.0,1.006974607280746,0.7450720389415519
3057.0,1.0521390482433366,0.7634679830100861
3059.0,1.0009875008788551,0.8016384831448299
3061.0,0.9826147482586445,0.7507668586596347
3062.0,1.0575688282216258,0.7668771941571748
3064.0,0.9391832468295112,0.7713237655603778
3065.0,0.945792280989381,0.7461580470911271
3069.0,1.0468704473782546,0.7274520635894804
3072.0,0.7896075328634912,0.8296239664235836
3073.0,0.979456649328303,0.7688407014790835
3074.0,0.9866905469940979,0.7902888473499184
3075.0,1.0490655858124294,0.9273254475461383
3076.0,0.9668661836064634,0.855940854371085
3077.0,1.0515636281270553,0.7406024620998262
3078.0,0.9710797229695852,0.7710764183990882
3080.0,0.9883238425954057,0.7591369983451761
3081.0,1.121870246678203,0.8005435380167782
3083.0,0.8535090287801699,0.8040009345279518
3084.0,1.013355757774299,0.789778653706848
3086.0,0.9901207167892495,0.7576466763614536
3090.0,0.9200042582357854,0.8045503659123234
3093.0,0.963894912837884,0.7244299090579605
3096.0,0.9810508956741513,0.8051759565923621
3097.0,0.9911032763333942,0.8834275985291139
3098.0,1.0487625933225755,0.7764060962454092
3099.0,0.9341711581652111,0.7663605397263625
3101.0,1.0508658107556446,0.7690776669667088
3102.0,0.9555602211613906,0.7646685171200388
3104.0,1.0028955390096574,0.7362353334069935
3106.0,1.0164198863832068,0.7355200685646094
3109.0,1.072057648992937,0.7379639953910994
3110.0,0.9942709073239645,0.790865449533155
3113.0,1.0640422334443174,0.6743418179051959
3114.0,1.0157524927893933,0.8600582562859851
3121.0,0.9471291063399485,0.7929713951390497
3122.0,1.17142849046864,0.7689387269129611
3123.0,0.9108134006246408,0.8686902094844503
3126.0,1.0056256522719629,0.8292058268395945
3128.0,0.9843133297588296,0.756292049392104
3129.0,1.0352048735771404,0.7632604696586873
3134.0,0.9954422315325931,0.7656719523894879
3137.0,1.0801359014454,0.8741916948615608
3138.0,1.0712831768382558,0.8552307394335632
3139.0,0.9980693871586751,0.7929139357497113
3140.0,0.9256748234105339,0.8116627915461939
3141.0,0.9470022557406175,0.8111228792642277
3144.0,0.9554607179559882,0.7305598406597251
3145.0,0.8901484229427852,0.9572317046861355
3146.0,1.00442889346983,0.7715736341572816
3147.0,0.8919326476794446,0.670249160893912
3149.0,0.9694304347592155,0.7875719430462154
3150.0,0.918205352627809,0.7989018347194138
3153.0,1.0344538069381322,0.8590512839434578
3155.0,0.9649895294817021,0.883032775096642
3157.0,1.0158750251046613,0.8091761936926031
3158.0,0.9612538922786591,0.7679088824723058
3161.0,0.9798954903940903,0.8504105706270731
3165.0,1.0003121979805587,0.7456440585889325
3168.0,0.9813256030709409,0.874219029984479
3169.0,1.054361131529281,0.8242587750007826
3170.0,0.9985452519428613,0.9404467724839999
3171.0,1.1657066350614742,0.8210190083979951
3174.0,1.0799153436797568,0.8187793434081568
3176.0,0.997794712991254,0.826754641804152
3177.0,1.0668031481693898,0.8688826537793845
3179.0,0.9648215103310754,0.7883112602841406
3181.0,1.0347946820389837,0.8057751164717275
3185.0,0.9748838572424673,0.8838072588991969
3187.0,1.1632439872006517,0.8779455505876631
3189.0,1.1556653066576248,0.7711971576100487
3194.0,1.0501590494259907,0.8245214329111019
3197.0,1.0630876553962525,0.8258523323770228
3198.0,1.0513160971927868,0.7216008092381802
3201.0,1.1846237967779656,0.8229855258874289
3202.0,0.892478297915958,0.9063742989846836
3204.0,1.0068197660644336,0.728516274560345
3206.0,0.9263630147588812,0.8333527226393086
3209.0,0.9089103286594271,0.8441172099740651
3210.0,1.0625378141536126,0.8214386363078967
3212.0,0.9453423062147711,0.8469710032874145
3213.0,1.0775425452219929,0.8616377490069408
3214.0,0.9299964740989619,0.8515485251111579
3217.0,0.8763617016315178,0.8220715789765815
3218.0,1.0261312865924086,0.913744703708277
3219.0,0.9485937300303298,0.8563297231533832
3220.0,0.9836509256979898,0.8173346639407089
3222.0,1.0513939353433024,0.8718369427122529
3224.0,1.006559598087917,0.7695259183148402
3225.0,0.9074425031645371,0.7983933332618228
3226.0,0.9125713032837022,0.8095508086044957
3230.0,0.9250781097157249,0.8052008517362117
3234.0,1.0101225133225817,0.8300789764778438
3236.0,1.1655545551757525,0.8176427335454882
3241.0,0.9807893307143984,0.8074515562335094
3242.0,1.0553225928858336,0.8283651382708489
3244.0,0.9899304291298595,0.8447390899209746
3245.0,1.0422720989730698,0.8909859662131454
3246.0,0.9528556804856345,0.797500764984262
3249.0,0.8910583705204331,0.8966249430138706
3250.0,0.9595457460337883,0.9761114235498471
3252.0,0.9063583035937521,0.825178109652943
3254.0,0.98258994089541,0.894218546017924
3262.0,0.9312504383618613,0.9577766849972591
3267.0,0.9689626891087295,0.8737078543505641
3268.0,1.159209038222371,0.9635074755635936
3269.0,0.9942913568928264,0.9081709954835973
3270.0,0.9835830574130723,0.8189691318140768
3273.0,1.153186783232395,0.8362041100532744
3275.0,0.8353541459533599,0.9034753143719892
3276.0,0.9075979894273969,0.9093432552914552
3281.0,0.9657910778086727,0.8604168404894008
3285.0,0.9521462898423336,0.99568593678019
3288.0,0.9031388114611136,1.0282976235937813
3290.0,0.9366792014859302,0.8119549421249748
3291.0,1.0242447341416687,0.8344540349913138
3293.0,0.9997697802976052,0.8600308772472175
3294.0,1.1047342317708135,0.8212254144572209
3297.0,0.9112362509747434,0.8926339766539815
3299.0,0.9674545154143982,0.911516305754246
3305.0,1.0877003656013993,0.84506406310238
3309.0,1.029076794663287,0.8359711021452318
3314.0,0.9285194601433834,0.8827421328074144
3316.0,1.107095582339404,0.7625506736489243
3317.0,1.001900010545628,0.9266719638737979
3321.0,0.8520380563384026,0.9149892489745344
3323.0,0.991072864746774,0.9178769697707774
3329.0,0.927523449092675,0.9064076310461836
3334.0,0.922985127485504,0.8908250681731062
3336.0,1.1244304516819674,0.9916871386214312
3338.0,1.0399839846760803,0.8921463082022778
3341.0,0.9584522775573135,0.8539357400834108
3342.0,0.8714005908232477,0.9241284535173784
3344.0,0.7660163550837402,0.7657865761009892
3345.0,1.0381502967678309,0.7991388596217164
3346.0,0.9888708699330037,0.9138777936121116
3350.0,1.0608346432015128,0.9802824368024571
3352.0,0.9586322134393018,0.8691185981939586
3354.0,0.9574251141371866,0.8280938685647549
3358.0,1.003954892886584,0.9338980146134667
3362.0,0.8993278836667233,0.8221884566961766
3363.0,1.0376049864886616,0.9240851132831227
3365.0,1.0660667913069939,0.8235045569830403
3366.0,1.0713266467323326,0.9366974968180574
3368.0,0.9014755419045103,0.9014133049300652
3372.0,1.1143280560588558,0.8131396371361149
3374.0,1.0859489691251099,0.9850756939487455
3376.0,1.0123346273184737,0.9344729660163054
3378.0,1.0093152265105823,0.8403688426997346
3384.0,0.9337612301799035,0.9585306721942541
3389.0,0.906884577003831,0.872701130370097
3394.0,0.8636304187308946,0.8325035735687588
3398.0,0.857478771331841,0.9260708293357255
3401.0,1.0112158196112364,0.8931947357630379
3403.0,0.8722262756689033,1.0862818544014565
3405.0,1.095191165884916,0.9297592095903375
3409.0,0.7922413768195243,0.8696342473323332
3411.0,1.2563977893947817,0.8507475118991857
3413.0,1.0454525262536913,0.8531487973708776
3414.0,1.0174439249757872,0.962385729485457
3416.0,0.9140743090626257,0.9644787468210992
3417.0,1.0162449329285543,0.95211202134309
3419.0,1.0990620829823108,0.8378264802731287
3421.0,0.9669688399197743,1.0244242239613441
3425.0,1.0213035675198323,0.981135441467514
3429.0,0.9705876496046698,0.935056952335672
3433.0,1.0177354293753365,0.9102881357648
3435.0,1.1202197743585218,0.9311290354066155
3438.0,0.9779133641856926,0.9815456147491349
3441.0,1.0555981864605417,0.9322027658063529
3449.0,1.1021001839660944,0.9588236585170061
3453.0,0.97668920572387,0.9776965919331911
3464.0,1.080834903100758,0.782183567510216
3467.0,1.0201989081143363,1.1139436671736138
3468.0,1.125312696896831,1.0195163539348697
3469.0,0.937857403012456,0.9499214380530633
3470.0,0.977358269349056,1.0650925751223925
3474.0,1.1098195145556118,0.985672228481694
3476.0,0.9618573801162689,1.032867317433794
3482.0,1.1469171890953622,1.0284037295287667
3486.0,1.0479979757501445,0.9710105305885754
3489.0,1.0385908466955316,0.9516158934575629
3492.0,1.1085772243815684,0.8663471382394006
3494.0,1.0049869494972739,1.0300552276708237
3500.0,0.9940314210173062,1.0187023733761984
3506.0,1.0338183648197747,0.9957936873854242
3510.0,1.0406148997157085,1.0802532383911563
3513.0,0.9170991846504557,1.0332998952841113
3522.0,0.8815010711656858,1.0726876294418741
3524.0,0.9577842204282894,0.9619941505435581
3537.0,0.863753350074786,0.9239318733942932
3539.0,1.027561470051448,1.1091656709382962
3541.0,0.8919747525464465,1.007010125423888
3542.0,0.9061049479492471,1.046176860147185
3545.0,1.049992063231432,1.0454325750276277
3547.0,0.9667951553680907,0.9586774191156495
3549.0,0.9429390915473952,1.150246265449414
3553.0,0.9382504555399797,0.9218330116926879
3555.0,1.0608480293993898,1.135247231554431
3557.0,0.889828065882012,0.8988439677242506
3561.0,1.0282349470759788,1.0086342422148977
3564.0,1.0709377410125296,0.8572066829504263
3565.0,0.9996009755212939,1.062638157703744
3569.0,1.0073728137282012,1.1036222186499067
3579.0,1.0140130594025576,1.042726252593114
3581.0,0.953741915048865,0.9993608146335522
3597.0,1.0097976972445442,1.0021596985181245
3606.0,1.0887761718990814,1.1223920271981243
3608.0,1.1182320185241035,0.9683949839350269
3610.0,1.0065712288485906,1.3039294636109133
3614.0,0.9822023987759547,1.0261156263965348
3616.0,0.9065290242496387,1.1057160901586793
3617.0,0.9933122403015137,1.168723283833536
3618.0,1.0929623686745822,1.0860200350403826
3622.0,0.8294854526783527,1.0039066618767516
3624.0,1.0493666146878826,1.0791625925500958
3626.0,0.8653938468202077,0.9696355674369824
3630.0,1.1283907422524488,0.9915519560792724
3638.0,0.8775900431365897,0.9785427196536364
3640.0,0.9433119483806078,0.9594006495645508
3654.0,1.0398743797866628,1.0519009047747685
3672.0,0.7431105624246107,1.1317147941531567
3675.0,1.0490291531399885,1.0565232671673717
3677.0,1.0656881493232822,1.124934628859988
3681.0,0.9919939942675985,1.1050670415339574
3683.0,0.9160899213023107,1.1369079270687323
3689.0,0.8456945965663389,1.1737644849697701
3693.0,1.0418382998475144,1.1815714935762829
3699.0,1.0738064544857804,1.0266248577519002
3701.0,1.0178589178896122,1.1477167662015395
3713.0,0.9682615696614294,1.1782905047583165
3729.0,1.1540029052567011,0.9745960174429869
3746.0,0.8509636345238712,1.1569729780482947
3748.0,0.927365470966491,1.1974687906940358
3750.0,1.0226711665836508,1.1409304541654604
3754.0,1.025284277391215,1.117409963491023
3756.0,1.033241594026886,1.1888640116408118
3758.0,0.9994075797596194,1.1926198457962391
3762.0,1.0461256554830702,0.9862088844773994
3764.0,0.8781674175907479,1.0285636759710424
3774.0,0.9693895871507764,1.107693252016956
3788.0,1.0315917617652322,1.2654734640429681
3817.0,1.110561319955406,1.2898271280330487
3819.0,0.9268118152873475,1.3199668460018066
3821.0,1.0462630729579698,1.1755684797062138
3825.0,1.0044961534862769,1.020247039025723
3827.0,1.05360250551513,1.1102710208918696
3829.0,0.8579347647681241,1.1140185047571585
3837.0,0.918601276657406,1.1027357760934364
3849.0,1.004804672826894,1.2477662939272904
3888.0,1.0050103681497624,1.0924282188093604
3890.0,1.132839155846199,1.1014448979959084
3894.0,1.073910572575475,1.2808277230185385
3896.0,1.0307949803136789,1.239640357101198
3902.0,0.959948029630795,1.2476411582071423
3912.0,0.8942145399674902,1.0501669510286853
3961.0,1.1031236952467418,1.1736185074706826
3963.0,0.9431083247880792,1.2059005585288605
3965.0,0.9688351967213242,1.2450679173470887
3969.0,1.066755697598224,1.311279336686455
3977.0,1.0066826694607645,1.2983454904522278
4034.0,0.8246807025356384,1.3071762157708975
4036.0,1.2130795770715332,1.3274474033171808
4038.0,1.0449843979544886,1.4612881770934083
4044.0,1.0008852613629604,1.1381842634058743
4107.0,0.8911012672147808,1.5570480592472555
4109.0,0.926330699505568,1.4053655402659488
4113.0,0.9286744688638758,1.3038097178326173
4182.0,1.0914589948492066,1.2209768766224538
4184.0,0.8202196078334253,1.2717918112641935
4257.0,1.041736632680095,1.4838231792316385
4332.0,0.8786217089855831,1.395452838723817
