TimeStep,c_t,c_wcaPair,c_patchPair,c_swapPair,c_ep,c_ek,v_eT,v_ec,v_eC,c_p,v_eB,v_eA,v_eM,id
100000.0,0.0143146,0.383778,-206.045,0.0,90.8127,332.793,0.0273294,42632.7,42632.8,0.000520668,0.00782865,0.0112987,0.0191273,0.050.050.055000.01.00.001
200000.0,0.0151535,4.06824,-1200.29,0.0,-1034.34,352.296,-0.0440027,43735.3,43735.2,0.00132733,0.00526528,0.00517856,0.0104438,0.050.050.055000.01.00.001
300000.0,0.0251307,12.8019,-2173.48,0.0,-1891.01,584.251,-0.0843069,44353.1,44353.1,0.00174662,0.00873608,0.00866215,0.0173982,0.050.050.055000.01.00.001
400000.0,0.0350726,25.3967,-2920.22,0.0,-2515.93,815.386,-0.109712,44737.9,44737.8,0.0018941,0.0123019,0.012143,0.0244449,0.050.050.055000.01.00.001
500000.0,0.0449757,40.0139,-3406.16,0.0,-2878.23,1045.62,-0.118233,44859.8,44859.7,0.00197427,0.0159193,0.0155591,0.0314784,0.050.050.055000.01.00.001
600000.0,0.0500279,50.827,-3767.17,0.0,-3169.99,1163.07,-0.129479,129.637,129.507,0.00177279,0.0178949,0.0173532,0.035248,0.050.050.055000.01.00.001
700000.0,0.0500339,55.8014,-4046.31,0.0,-3441.78,1163.21,-0.147004,381.705,381.558,0.00157722,0.0180341,0.0173677,0.0354018,0.050.050.055000.01.00.001
800000.0,0.0500799,58.8446,-4247.31,0.0,-3638.22,1164.28,-0.159609,566.995,566.835,0.00140079,0.0181208,0.0173789,0.0354998,0.050.050.055000.01.00.001
900000.0,0.0500136,60.6084,-4375.9,0.0,-3764.57,1162.74,-0.16786,688.4,688.232,0.00116483,0.0181646,0.0173661,0.0355307,0.050.050.055000.01.00.001
1.0e6,0.0500329,62.8239,-4490.41,0.0,-3875.09,1163.19,-0.174961,789.455,789.28,0.00110531,0.0182409,0.0174042,0.0356451,0.050.050.055000.01.00.001
1.1e6,0.0500345,65.1387,-4588.62,0.0,-3969.9,1163.23,-0.181076,873.502,873.321,0.000995083,0.0183462,0.0173687,0.0357149,0.050.050.055000.01.00.001
1.2e6,0.0500137,66.6278,-4668.04,0.0,-4047.91,1162.74,-0.18614,947.397,947.211,0.000960174,0.0183568,0.0173529,0.0357097,0.050.050.055000.01.00.001
1.3e6,0.050093,68.1235,-4729.9,0.0,-4106.25,1164.59,-0.189785,1003.02,1002.84,0.000844416,0.0184348,0.0174057,0.0358405,0.050.050.055000.01.00.001
1.4e6,0.0499716,69.1051,-4776.92,0.0,-4153.05,1161.77,-0.192986,1054.49,1054.3,0.000926136,0.0184256,0.0173662,0.0357918,0.050.050.055000.01.00.001
1.5e6,0.0499881,69.4875,-4829.72,0.0,-4205.17,1162.15,-0.196324,1107.14,1106.94,0.00081266,0.0184548,0.0173557,0.0358105,0.050.050.055000.01.00.001
1.6e6,0.0500585,70.6164,-4870.55,0.0,-4243.5,1163.79,-0.198691,1147.62,1147.42,0.000833965,0.0185044,0.017395,0.0358994,0.050.050.055000.01.00.001
1.7e6,0.0500146,71.6616,-4915.33,0.0,-4287.23,1162.76,-0.201579,1194.87,1194.67,0.00082697,0.0185235,0.0173757,0.0358992,0.050.050.055000.01.00.001
1.8e6,0.0499992,71.9999,-4956.23,0.0,-4327.02,1162.41,-0.204169,1236.78,1236.58,0.000621576,0.0185443,0.0174042,0.0359485,0.050.050.055000.01.00.001
1.9e6,0.0500193,72.8124,-4989.14,0.0,-4358.79,1162.87,-0.206188,1268.63,1268.42,0.000576319,0.0185952,0.0173752,0.0359704,0.050.050.055000.01.00.001
2.0e6,0.0500421,73.5687,-5012.6,0.0,-4380.64,1163.4,-0.207564,1296.78,1296.58,0.000620032,0.0186347,0.0173902,0.0360249,0.050.050.055000.01.00.001
2.1e6,0.0499711,74.4913,-5035.75,0.0,-4402.99,1161.75,-0.209112,1328.15,1327.94,0.000701853,0.0186387,0.0173786,0.0360173,0.050.050.055000.01.00.001
2.2e6,0.0499941,74.3829,-5059.48,0.0,-4427.32,1162.29,-0.210647,1360.12,1359.91,0.000580436,0.0186332,0.0173519,0.0359852,0.050.050.055000.01.00.001
2.3e6,0.0499956,74.6442,-5081.55,0.0,-4448.37,1162.32,-0.212003,1388.0,1387.79,0.000456989,0.0186634,0.0173718,0.0360352,0.050.050.055000.01.00.001
2.4e6,0.0499797,75.1696,-5095.5,0.0,-4461.79,1161.95,-0.212893,1410.26,1410.05,0.00050569,0.0186855,0.0173489,0.0360344,0.050.050.055000.01.00.001
2.5e6,0.05,75.9002,-5119.34,0.0,-4484.78,1162.43,-0.214345,1439.19,1438.97,0.000583705,0.0187057,0.0173372,0.036043,0.050.050.055000.01.00.001
2.6e6,0.0500131,75.9208,-5149.34,0.0,-4513.01,1162.73,-0.216147,1467.36,1467.15,0.000202017,0.0187578,0.017398,0.0361558,0.050.050.055000.01.00.001
2.7e6,0.0500192,77.3569,-5169.63,0.0,-4532.28,1162.87,-0.217381,1493.6,1493.39,0.000430081,0.0187582,0.01737,0.0361282,0.050.050.055000.01.00.001
2.8e6,0.0500213,78.2045,-5193.12,0.0,-4553.25,1162.92,-0.218731,1521.34,1521.12,0.00049333,0.0188236,0.0174131,0.0362367,0.050.050.055000.01.00.001
2.9e6,0.0500035,78.2034,-5208.19,0.0,-4569.38,1162.51,-0.219799,1548.4,1548.18,0.00040799,0.0187777,0.0173902,0.0361679,0.050.050.055000.01.00.001
3.0e6,0.0499733,78.718,-5225.6,0.0,-4586.13,1161.8,-0.220924,1574.47,1574.25,0.000537679,0.018818,0.0173594,0.0361773,0.050.050.055000.01.00.001
3.1e6,0.0500351,78.4634,-5238.23,0.0,-4598.93,1163.24,-0.221657,1594.73,1594.5,0.000324401,0.0188186,0.0173642,0.0361828,0.050.050.055000.01.00.001
3.2e6,0.0500238,78.8116,-5244.62,0.0,-4604.34,1162.98,-0.222023,1611.55,1611.33,0.000303724,0.0188666,0.0173573,0.0362238,0.050.050.055000.01.00.001
3.3e6,0.0500133,79.0112,-5250.73,0.0,-4610.28,1162.73,-0.222423,1629.03,1628.81,0.000340046,0.0188424,0.017379,0.0362279,0.050.050.055000.01.00.001
3.4e6,0.0500523,79.1769,-5261.51,0.0,-4620.43,1163.64,-0.223018,1647.57,1647.35,0.000228726,0.0188884,0.0173636,0.036252,0.050.050.055000.01.00.001
3.5e6,0.0500049,79.7579,-5280.19,0.0,-4638.24,1162.54,-0.224239,1673.38,1673.16,0.00038014,0.0188899,0.0173803,0.0362702,0.050.050.055000.01.00.001
3.6e6,0.0500504,80.1841,-5293.39,0.0,-4650.68,1163.6,-0.224973,1695.66,1695.44,0.000319919,0.018915,0.0173771,0.0362827,0.050.050.055000.01.00.001
3.7e6,0.0500506,80.1316,-5304.03,0.0,-4661.52,1163.6,-0.225672,1719.1,1718.88,0.000224839,0.0188963,0.0173864,0.0362827,0.050.050.055000.01.00.001
3.8e6,0.0500147,80.4598,-5314.22,0.0,-4671.23,1162.77,-0.226352,1739.29,1739.06,0.000256815,0.0189137,0.0173786,0.0362923,0.050.050.055000.01.00.001
3.9e6,0.0499515,80.3948,-5323.35,0.0,-4681.17,1161.3,-0.227088,1761.81,1761.59,0.000278206,0.0188788,0.017366,0.0362448,0.050.050.055000.01.00.001
4.0e6,0.0500515,80.6786,-5336.34,0.0,-4692.91,1163.62,-0.227696,1778.71,1778.48,0.000169141,0.0189451,0.0173617,0.0363068,0.050.050.055000.01.00.001
4.1e6,0.0500021,81.8422,-5342.85,0.0,-4698.26,1162.47,-0.228115,1796.75,1796.53,0.000499129,0.0189368,0.0173697,0.0363065,0.050.050.055000.01.00.001
4.2e6,0.0499652,82.474,-5355.71,0.0,-4710.34,1161.62,-0.22895,1820.09,1819.86,0.000536403,0.0189406,0.0173753,0.0363159,0.050.050.055000.01.00.001
4.3e6,0.0499826,82.5447,-5366.65,0.0,-4720.89,1162.02,-0.229605,1841.97,1841.74,0.000581113,0.0189527,0.0173836,0.0363363,0.050.050.055000.01.00.001
4.4e6,0.0499565,81.5723,-5372.09,0.0,-4727.48,1161.41,-0.230069,1862.85,1862.62,0.000192383,0.0189375,0.0173871,0.0363247,0.050.050.055000.01.00.001
4.5e6,0.0499918,81.9449,-5378.34,0.0,-4733.2,1162.23,-0.230385,1879.29,1879.06,0.000291917,0.0189321,0.0174032,0.0363353,0.050.050.055000.01.00.001
4.6e6,0.0500146,82.5962,-5388.58,0.0,-4742.35,1162.76,-0.230941,1897.93,1897.7,0.000295269,0.0190023,0.0173607,0.036363,0.050.050.055000.01.00.001
4.7e6,0.0499568,82.9259,-5398.67,0.0,-4752.2,1161.42,-0.231663,1919.3,1919.07,0.000310491,0.0189698,0.0173879,0.0363577,0.050.050.055000.01.00.001
4.8e6,0.0499896,83.3513,-5403.13,0.0,-4755.85,1162.18,-0.231849,1932.58,1932.35,0.000390694,0.0190042,0.017378,0.0363822,0.050.050.055000.01.00.001
4.9e6,0.0500474,82.9044,-5410.33,0.0,-4762.39,1163.53,-0.232185,1950.22,1949.99,8.24643e-5,0.0190522,0.0174013,0.0364535,0.050.050.055000.01.00.001
5.0e6,0.0499956,83.4285,-5414.3,0.0,-4766.46,1162.32,-0.232525,1969.29,1969.06,0.000256957,0.0190323,0.0173814,0.0364137,0.050.050.055000.01.00.001
5.1e6,0.0499608,83.2166,-5420.02,0.0,-4772.98,1161.51,-0.232998,1991.47,1991.23,0.000147831,0.0190404,0.0173351,0.0363754,0.050.050.055000.01.00.001
5.2e6,0.0499736,83.6093,-5429.66,0.0,-4781.99,1161.81,-0.23356,2014.83,2014.59,0.000174775,0.0190456,0.017345,0.0363906,0.050.050.055000.01.00.001
5.3e6,0.0499858,84.624,-5436.42,0.0,-4787.01,1162.1,-0.233865,2031.25,2031.02,0.000362482,0.0190836,0.017354,0.0364377,0.050.050.055000.01.00.001
5.4e6,0.0499892,83.7837,-5439.58,0.0,-4791.07,1162.17,-0.234122,2050.48,2050.25,0.000123265,0.0190584,0.0173756,0.0364341,0.050.050.055000.01.00.001
5.5e6,0.0499784,84.0369,-5441.23,0.0,-4792.35,1161.92,-0.234221,2067.44,2067.21,0.000263126,0.0190471,0.0173942,0.0364413,0.050.050.055000.01.00.001
5.6e6,0.0499915,84.0503,-5443.39,0.0,-4794.62,1162.23,-0.234348,2084.39,2084.16,5.3019e-5,0.0190633,0.0173707,0.0364339,0.050.050.055000.01.00.001
5.7e6,0.0500508,84.2201,-5449.66,0.0,-4799.71,1163.61,-0.234587,2100.56,2100.33,0.000139087,0.0191046,0.017394,0.0364987,0.050.050.055000.01.00.001
5.8e6,0.0499904,84.4598,-5453.7,0.0,-4804.68,1162.2,-0.234999,2122.76,2122.52,0.000183625,0.0190561,0.017367,0.0364231,0.050.050.055000.01.00.001
5.9e6,0.0499808,84.2872,-5458.83,0.0,-4810.07,1161.98,-0.235361,2142.1,2141.86,0.000192711,0.019075,0.017343,0.036418,0.050.050.055000.01.00.001
6.0e6,0.0499758,84.005,-5462.29,0.0,-4813.95,1161.86,-0.235618,2159.07,2158.83,6.72103e-5,0.0190865,0.0173223,0.0364088,0.050.050.055000.01.00.001
6.1e6,0.0500039,84.5368,-5465.22,0.0,-4815.34,1162.52,-0.235666,2176.12,2175.89,9.60116e-5,0.0191071,0.0173661,0.0364732,0.050.050.055000.01.00.001
6.2e6,0.0500112,85.395,-5467.96,0.0,-4816.92,1162.69,-0.235757,2192.43,2192.19,0.000337227,0.0191093,0.0173836,0.0364929,0.050.050.055000.01.00.001
6.3e6,0.0499703,85.1617,-5472.37,0.0,-4821.7,1161.73,-0.236127,2214.27,2214.03,0.000166217,0.0191213,0.0173629,0.0364842,0.050.050.055000.01.00.001
6.4e6,0.0500297,84.7154,-5478.79,0.0,-4828.67,1163.11,-0.236487,2236.11,2235.87,4.30313e-5,0.0191167,0.017361,0.0364777,0.050.050.055000.01.00.001
6.5e6,0.050022,85.1829,-5482.25,0.0,-4831.58,1162.94,-0.236687,2255.38,2255.15,0.000138522,0.0191196,0.0173632,0.0364828,0.050.050.055000.01.00.001
6.6e6,0.0499937,85.197,-5483.67,0.0,-4832.91,1162.28,-0.236815,2275.11,2274.88,0.000107203,0.0191169,0.0173713,0.0364881,0.050.050.055000.01.00.001
6.7e6,0.0499975,85.1248,-5489.04,0.0,-4838.51,1162.37,-0.23717,2295.42,2295.18,2.8887e-5,0.0191099,0.0173681,0.0364781,0.050.050.055000.01.00.001
6.8e6,0.0500304,85.1073,-5490.92,0.0,-4839.9,1163.13,-0.237211,2311.3,2311.07,5.42637e-5,0.0191266,0.0173839,0.0365105,0.050.050.055000.01.00.001
6.9e6,0.0500437,85.2668,-5496.02,0.0,-4844.79,1163.44,-0.237506,2331.86,2331.62,-4.09693e-5,0.0191557,0.017358,0.0365137,0.050.050.055000.01.00.001
7.0e6,0.0499792,85.5628,-5497.15,0.0,-4846.69,1161.94,-0.237725,2350.92,2350.68,0.000133752,0.0191268,0.0173181,0.0364449,0.050.050.055000.01.00.001
7.1e6,0.0500021,85.63,-5498.81,0.0,-4847.27,1162.47,-0.237729,2366.62,2366.38,8.1486e-5,0.0191584,0.0173518,0.0365102,0.050.050.055000.01.00.001
7.2e6,0.0500321,86.4171,-5502.01,0.0,-4848.83,1163.17,-0.237784,2382.0,2381.76,0.000230311,0.0191516,0.017414,0.0365657,0.050.050.055000.01.00.001
7.3e6,0.0500122,86.5157,-5505.85,0.0,-4853.3,1162.71,-0.238103,2402.18,2401.94,0.000351159,0.0191631,0.0173547,0.0365178,0.050.050.055000.01.00.001
7.4e6,0.0500359,86.04,-5508.74,0.0,-4855.98,1163.26,-0.23824,2422.63,2422.39,0.000171298,0.0191584,0.0174037,0.0365621,0.050.050.055000.01.00.001
7.5e6,0.0500714,86.801,-5514.18,0.0,-4860.03,1164.08,-0.238448,2440.97,2440.73,0.000316888,0.0191992,0.0174041,0.0366032,0.050.050.055000.01.00.001
7.6e6,0.050021,86.6204,-5520.02,0.0,-4867.23,1162.91,-0.238988,2462.11,2461.87,0.000361118,0.0191724,0.0173549,0.0365273,0.050.050.055000.01.00.001
7.7e6,0.0499407,86.7674,-5526.23,0.0,-4874.01,1161.05,-0.239546,2485.73,2485.5,0.000233877,0.0191493,0.0173318,0.0364811,0.050.050.055000.01.00.001
7.8e6,0.0500859,86.7117,-5528.51,0.0,-4873.95,1164.42,-0.239324,2498.14,2497.9,0.000119981,0.0192152,0.01742,0.0366352,0.050.050.055000.01.00.001
7.9e6,0.0499757,86.7154,-5530.54,0.0,-4877.4,1161.86,-0.239712,2520.54,2520.3,0.000118369,0.0191807,0.0173627,0.0365434,0.050.050.055000.01.00.001
8.0e6,0.0499892,85.7898,-5534.44,0.0,-4881.71,1162.17,-0.23997,2540.75,2540.51,-0.000112371,0.0191698,0.0174071,0.0365769,0.050.050.055000.01.00.001
8.1e6,0.0500059,86.274,-5536.08,0.0,-4882.68,1162.56,-0.240007,2557.67,2557.43,-1.15539e-5,0.0192013,0.0173877,0.036589,0.050.050.055000.01.00.001
8.2e6,0.0500028,86.4117,-5540.86,0.0,-4887.64,1162.49,-0.240333,2578.86,2578.62,-4.91453e-5,0.0191895,0.0173786,0.0365682,0.050.050.055000.01.00.001
8.3e6,0.0499795,86.4479,-5544.09,0.0,-4891.02,1161.95,-0.240585,2600.13,2599.89,-5.36641e-5,0.0191736,0.0173823,0.0365559,0.050.050.055000.01.00.001
8.4e6,0.0500316,86.7093,-5550.18,0.0,-4896.02,1163.16,-0.24083,2618.32,2618.08,-0.000136495,0.0192201,0.0173895,0.0366096,0.050.050.055000.01.00.001
8.5e6,0.050004,87.4298,-5554.37,0.0,-4899.33,1162.52,-0.241084,2638.01,2637.77,0.00011722,0.0192179,0.017402,0.0366199,0.050.050.055000.01.00.001
8.6e6,0.0499941,87.5618,-5556.66,0.0,-4902.05,1162.29,-0.241275,2658.49,2658.25,0.000157124,0.019215,0.017369,0.036584,0.050.050.055000.01.00.001
8.7e6,0.0499809,86.7112,-5557.0,0.0,-4902.87,1161.98,-0.241347,2677.13,2676.89,-0.000210489,0.019235,0.0173727,0.0366077,0.050.050.055000.01.00.001
8.8e6,0.0499436,87.7045,-5557.18,0.0,-4903.29,1161.11,-0.241431,2695.88,2695.64,0.000143489,0.0191951,0.0173331,0.0365282,0.050.050.055000.01.00.001
8.9e6,0.0500188,87.5142,-5559.03,0.0,-4903.85,1162.86,-0.241354,2711.78,2711.54,0.000135399,0.0192288,0.0173953,0.0366241,0.050.050.055000.01.00.001
9.0e6,0.0499882,88.1348,-5564.46,0.0,-4908.48,1162.15,-0.241699,2731.34,2731.1,0.000178518,0.0192362,0.0173993,0.0366355,0.050.050.055000.01.00.001
9.1e6,0.0499709,87.3163,-5564.75,0.0,-4910.08,1161.75,-0.241828,2750.06,2749.81,-4.75402e-5,0.0192369,0.0173661,0.036603,0.050.050.055000.01.00.001
9.2e6,0.92,0.05,87.4591,-5567.03,0.0,-4912.22,1162.43,-0.241922,2767.02,2766.78,-5.05405e-6,0.019247,0.0173562,0.050.050.055000.01.00.001
9.3e6,0.93,0.0499995,87.2721,-5568.05,0.0,-4913.22,1162.41,-0.241988,2784.73,2784.48,2.6303e-5,0.0192234,0.0173928,0.050.050.055000.01.00.001
9.4e6,0.94,0.0500328,87.2275,-5566.57,0.0,-4911.08,1163.19,-0.2418,2798.19,2797.95,-9.94881e-5,0.0192617,0.0174003,0.050.050.055000.01.00.001
9.5e6,0.95,0.0499618,87.8071,-5569.32,0.0,-4914.45,1161.54,-0.242123,2819.5,2819.26,0.000212188,0.019219,0.0173659,0.050.050.055000.01.00.001
9.6e6,0.96,0.0499698,88.3263,-5572.77,0.0,-4917.02,1161.72,-0.242277,2837.72,2837.47,0.00017847,0.0192344,0.0173736,0.050.050.055000.01.00.001
9.7e6,0.97,0.0499987,88.7343,-5574.06,0.0,-4917.05,1162.4,-0.242236,2855.46,2855.22,0.00033336,0.0192631,0.0173997,0.050.050.055000.01.00.001
9.8e6,0.98,0.0500226,89.0479,-5574.87,0.0,-4917.94,1162.95,-0.242257,2874.44,2874.2,0.000384333,0.01924,0.017398,0.050.050.055000.01.00.001
9.9e6,0.99,0.0499688,88.1207,-5576.49,0.0,-4920.78,1161.7,-0.242521,2896.17,2895.93,0.000176383,0.019236,0.0173827,0.050.050.055000.01.00.001
1.0e7,0.0500025,88.5445,-5576.14,0.0,-4919.16,1162.48,-0.242366,2911.21,2910.97,4.62408e-5,0.019288,0.0173856,0.0366736,0.050.050.055000.01.00.001
1.01e7,0.050029,88.7011,-5578.24,0.0,-4921.37,1163.1,-0.242469,2930.73,2930.49,0.000184942,0.0192812,0.017375,0.0366561,0.050.050.055000.01.00.001
1.02e7,0.0500137,87.7727,-5582.32,0.0,-4926.46,1162.74,-0.24282,2953.73,2953.48,-0.000141186,0.0192758,0.0173755,0.0366513,0.050.050.055000.01.00.001
1.03e7,0.0499886,88.3561,-5582.66,0.0,-4926.85,1162.16,-0.242883,2975.38,2975.14,8.15275e-5,0.019294,0.0173162,0.0366102,0.050.050.055000.01.00.001
1.04e7,0.0499673,87.645,-5584.42,0.0,-4929.42,1161.67,-0.243081,2998.4,2998.16,-4.95489e-5,0.0192474,0.0173559,0.0366033,0.050.050.055000.01.00.001
1.05e7,0.0499999,87.312,-5588.15,0.0,-4932.99,1162.42,-0.243262,3017.19,3016.95,-0.000202116,0.0192603,0.017375,0.0366353,0.050.050.055000.01.00.001
1.06e7,0.049974,87.8876,-5592.57,0.0,-4936.87,1161.82,-0.243551,3039.15,3038.91,-5.4175e-5,0.0192705,0.0173627,0.0366332,0.050.050.055000.01.00.001
1.07e7,0.0500295,88.0759,-5594.88,0.0,-4938.2,1163.11,-0.243554,3057.14,3056.9,-5.63624e-5,0.0192727,0.0174115,0.0366841,0.050.050.055000.01.00.001
1.08e7,0.0499803,88.6303,-5595.59,0.0,-4939.59,1161.97,-0.243718,3077.53,3077.29,4.31112e-5,0.0192979,0.0173065,0.0366044,0.050.050.055000.01.00.001
1.09e7,0.0499852,88.3082,-5601.87,0.0,-4945.44,1162.08,-0.244088,3100.02,3099.78,-0.000103789,0.0192852,0.0173675,0.0366527,0.050.050.055000.01.00.001
1.1e7,0.0500396,88.9074,-5604.9,0.0,-4947.53,1163.35,-0.244141,3118.6,3118.36,-1.83378e-5,0.0192973,0.0173773,0.0366746,0.050.050.055000.01.00.001
1.11e7,0.0499819,88.5221,-5606.8,0.0,-4949.97,1162.01,-0.244385,3140.32,3140.08,-8.66044e-7,0.019288,0.0173766,0.0366647,0.050.050.055000.01.00.001
1.12e7,0.0500111,88.6541,-5608.47,0.0,-4951.63,1162.68,-0.244448,3160.57,3160.32,2.89808e-5,0.019313,0.0173438,0.0366569,0.050.050.055000.01.00.001
1.13e7,0.0500451,88.9526,-5609.8,0.0,-4951.86,1163.47,-0.244412,3180.32,3180.08,2.5354e-5,0.0193225,0.0173863,0.0367088,0.050.050.055000.01.00.001
1.14e7,0.0500076,88.4485,-5610.64,0.0,-4953.36,1162.6,-0.244565,3200.79,3200.54,-6.24216e-5,0.0193116,0.0173873,0.0366989,0.050.050.055000.01.00.001
1.15e7,0.0500026,88.4768,-5611.17,0.0,-4954.88,1162.49,-0.24467,3219.97,3219.72,-5.75961e-5,0.0192788,0.0173542,0.0366989,0.050.050.055000.01.00.001
1.16e7,0.0499367,88.0183,-5611.44,0.0,-4955.77,1160.95,-0.244827,3241.72,3241.48,-0.000160603,0.0192799,0.0173433,0.0366989,0.050.050.055000.01.00.001
1.17e7,0.0499875,88.3798,-5610.58,0.0,-4953.74,1162.13,-0.24462,3257.67,3257.43,-0.000150887,0.0193041,0.0173705,0.0366989,0.050.050.055000.01.00.001
1.18e7,0.0499683,89.003,-5613.43,0.0,-4955.91,1161.69,-0.244789,3278.95,3278.71,0.000145116,0.0192961,0.0173822,0.0366989,0.050.050.055000.01.00.001
1.19e7,0.0500061,88.1436,-5613.83,0.0,-4957.49,1162.57,-0.244834,3298.96,3298.71,-0.000129049,0.0193121,0.0173457,0.0366989,0.050.050.055000.01.00.001
1.2e7,0.0499711,88.5678,-5614.26,0.0,-4957.89,1161.75,-0.244912,3319.08,3318.84,-2.91426e-5,0.0192896,0.0173426,0.0366989,0.050.050.055000.01.00.001
1.21e7,0.0499526,88.6413,-5614.45,0.0,-4957.97,1161.32,-0.244945,3338.31,3338.06,-1.18739e-5,0.0192888,0.0173462,0.0366989,0.050.050.055000.01.00.001
1.22e7,0.0499736,88.6756,-5615.79,0.0,-4958.72,1161.81,-0.244962,3358.17,3357.93,-0.000120109,0.0193018,0.0173689,0.0366989,0.050.050.055000.01.00.001
1.23e7,0.0500216,88.6444,-5616.21,0.0,-4958.93,1162.93,-0.244904,3376.27,3376.03,-0.000172427,0.0193276,0.017358,0.0366857,0.050.050.055000.01.00.001
1.24e7,0.0500135,88.457,-5619.28,0.0,-4962.75,1162.74,-0.245162,3398.84,3398.6,-6.84265e-5,0.0192947,0.0173553,0.03665,0.050.050.055000.01.00.001
1.25e7,0.049986,88.7782,-5620.87,0.0,-4963.48,1162.1,-0.245251,3419.56,3419.32,-6.79864e-5,0.0193096,0.017375,0.0366845,0.050.050.055000.01.00.001
1.26e7,0.0499806,88.4853,-5621.07,0.0,-4964.28,1161.97,-0.24531,3438.66,3438.41,-2.92907e-5,0.0193144,0.0173506,0.036665,0.050.050.055000.01.00.001
1.27e7,0.0500284,88.7165,-5624.05,0.0,-4966.73,1163.08,-0.245397,3456.66,3456.41,-0.000138918,0.0193253,0.0173588,0.0366842,0.050.050.055000.01.00.001
1.28e7,0.0500444,88.5989,-5623.22,0.0,-4965.62,1163.46,-0.245301,3475.09,3474.85,-0.00016548,0.0193052,0.0174047,0.0367098,0.050.050.055000.01.00.001
1.29e7,0.0500272,89.1661,-5624.57,0.0,-4966.52,1163.06,-0.245384,3493.19,3492.94,-5.56176e-5,0.0193162,0.0173862,0.0367024,0.050.050.055000.01.00.001
1.3e7,0.0500196,89.1322,-5626.67,0.0,-4968.56,1162.88,-0.245528,3513.5,3513.26,-0.000193458,0.0193536,0.0173549,0.0367086,0.050.050.055000.01.00.001
1.31e7,0.0499988,89.15,-5625.15,0.0,-4966.78,1162.4,-0.245444,3531.22,3530.98,-5.49133e-5,0.0193381,0.0173858,0.0367238,0.050.050.055000.01.00.001
1.32e7,0.0499949,89.243,-5626.37,0.0,-4968.67,1162.31,-0.245572,3551.31,3551.07,-4.22463e-5,0.0193244,0.01735,0.0366744,0.050.050.055000.01.00.001
1.33e7,0.050016,89.3942,-5625.06,0.0,-4967.06,1162.8,-0.245436,3567.93,3567.68,-0.000113424,0.0193442,0.0173402,0.0366844,0.050.050.055000.01.00.001
1.34e7,0.0499971,89.5679,-5622.77,0.0,-4964.9,1162.36,-0.245325,3584.63,3584.39,2.12776e-5,0.0193308,0.0173339,0.0366647,0.050.050.055000.01.00.001
1.35e7,0.050021,88.8199,-4963.26,0.0,1162.91,-0.245184,3602.67,3602.42,-0.000155535,0.0193319,0.017386,0.036718,0.0366647,0.050.050.055000.01.00.001
1.36e7,0.049967,88.9884,-5621.92,0.0,-4964.6,1161.66,-0.245351,3622.34,3622.09,4.30661e-6,0.0193155,0.0173506,0.0366661,0.050.050.055000.01.00.001
1.37e7,0.0500076,88.8814,-5625.93,0.0,-4968.83,1162.6,-0.245563,3642.23,3641.98,-0.00011423,0.0193324,0.0173269,0.0366593,0.050.050.055000.01.00.001
1.38e7,0.0500449,89.4055,-5630.77,0.0,-4972.17,1163.47,-0.245723,3662.16,3661.91,3.58247e-5,0.019343,0.0173789,0.0367218,0.050.050.055000.01.00.001
1.39e7,0.0500264,89.1206,-5634.53,0.0,-4976.62,1163.04,-0.246038,3684.33,3684.08,-0.000228189,0.0193185,0.0173776,0.0366961,0.050.050.055000.01.00.001
1.4e7,0.0500021,89.5911,-5635.14,0.0,-4976.7,1162.47,-0.246079,3703.96,3703.71,-3.39491e-5,0.0193367,0.0173633,0.0367,0.050.050.055000.01.00.001
1.41e7,0.0500225,89.8484,-5636.6,0.0,-4977.18,1162.95,-0.24608,3724.69,3724.45,6.19695e-6,0.0193668,0.0173798,0.0367466,0.050.050.055000.01.00.001
1.42e7,0.0499983,89.741,-5637.06,0.0,-4978.43,1162.39,-0.246196,3746.97,3746.73,1.61793e-5,0.0193538,0.0173487,0.0367025,0.050.050.055000.01.00.001
1.43e7,0.0500428,89.409,-5637.72,0.0,-4978.48,1163.42,-0.246133,3766.58,3766.34,-0.000219601,0.0193572,0.0174064,0.0367636,0.050.050.055000.01.00.001
1.44e7,0.05002,89.7818,-5637.86,0.0,-4978.55,1162.89,-0.246172,3785.82,3785.57,-0.000151311,0.019369,0.0173749,0.036744,0.050.050.055000.01.00.001
1.45e7,0.0499978,89.4184,-5638.19,0.0,-4979.36,1162.37,-0.246257,3806.15,3805.9,-0.000182058,0.0193529,0.0173831,0.036736,0.050.050.055000.01.00.001
1.46e7,0.0499799,89.7567,-5642.12,0.0,-4983.34,1161.96,-0.246541,3829.15,3828.91,-6.60108e-5,0.0193414,0.0173699,0.0367113,0.050.050.055000.01.00.001
1.47e7,0.0499867,89.4276,-5641.86,0.0,-4983.92,1162.12,-0.246568,3848.67,3848.42,-0.000140421,0.0193414,0.0173374,0.0366787,0.050.050.055000.01.00.001
1.48e7,0.0499713,89.7393,-5641.86,0.0,-4982.91,1161.76,-0.246526,3867.32,3867.07,-1.34651e-5,0.0193552,0.0173681,0.0367233,0.050.050.055000.01.00.001
1.49e7,0.050008,89.6672,-5641.99,0.0,-4983.32,1162.61,-0.246498,3885.63,3885.38,-6.96086e-5,0.0193479,0.0173618,0.0367097,0.050.050.055000.01.00.001
1.5e7,0.0500003,89.7292,-5641.71,0.0,-4983.02,1162.43,-0.24649,3906.74,3906.49,4.27748e-5,0.0193584,0.0173485,0.0367069,0.050.050.055000.01.00.001
1.51e7,0.0500343,89.5119,-5641.82,0.0,-4982.73,1163.22,-0.24642,3926.01,3925.76,-0.000149155,0.0193649,0.017382,0.0367469,0.050.050.055000.01.00.001
1.52e7,0.050006,89.4466,-5642.06,0.0,-4983.54,1162.56,-0.246514,3946.77,3946.52,-9.42813e-5,0.0193509,0.0173637,0.0367146,0.050.050.055000.01.00.001
1.53e7,0.0500375,89.2862,-5644.16,0.0,-4985.37,1163.3,-0.246585,3966.76,3966.51,-0.000299548,0.0193899,0.0173527,0.0367426,0.050.050.055000.01.00.001
1.54e7,0.0500438,89.7526,-5644.72,0.0,-4985.15,1163.44,-0.246562,3986.12,3985.88,1.95661e-5,0.0193624,0.0173999,0.0367623,0.050.050.055000.01.00.001
1.55e7,0.0499789,89.1849,-5644.66,0.0,-4986.48,1161.94,-0.246745,4010.0,4009.75,-0.000253889,0.019364,0.0173451,0.0367091,0.050.050.055000.01.00.001
1.56e7,0.049977,89.2115,-5645.24,0.0,-4987.33,1161.89,-0.246802,4031.08,4030.84,-0.000268221,0.0193479,0.0173428,0.0366906,0.050.050.055000.01.00.001
1.57e7,0.0500056,89.2088,-5645.85,0.0,-4987.33,1162.56,-0.24676,4049.22,4048.97,-0.000266899,0.0193574,0.0173722,0.0367296,0.050.050.055000.01.00.001
1.58e7,0.0500818,89.6718,-5645.54,0.0,-4986.32,1164.33,-0.24658,4066.84,4066.59,-1.02567e-5,0.0193902,0.0173545,0.0367446,0.050.050.055000.01.00.001
1.59e7,0.0500071,88.8268,-5646.08,0.0,-4988.31,1162.59,-0.246821,4089.94,4089.69,-0.000357164,0.0193392,0.0173665,0.0367056,0.050.050.055000.01.00.001
1.6e7,0.0500354,89.1401,-5645.97,0.0,-4987.57,1163.25,-0.24673,4108.64,4108.39,-0.00029894,0.0193754,0.0173516,0.0367269,0.050.050.055000.01.00.001
1.61e7,0.0500191,89.3554,-5642.45,0.0,-4984.08,1162.87,-0.24653,4125.42,4125.17,-0.000164755,0.0193442,0.017366,0.0367103,0.050.050.055000.01.00.001
1.62e7,0.0500091,89.3626,-5642.55,0.0,-4983.95,1162.64,-0.246537,4146.51,4146.26,-0.000172203,0.0193468,0.017378,0.0367247,0.050.050.055000.01.00.001
1.63e7,0.049996,89.7043,-5641.05,0.0,-4982.55,1162.33,-0.246465,4165.86,4165.62,3.66506e-7,0.0193227,0.0173739,0.0366966,0.050.050.055000.01.00.001
1.64e7,0.0500126,89.4096,-5639.15,0.0,-4980.69,1162.72,-0.246321,4184.17,4183.93,-8.53486e-5,0.0193101,0.0174024,0.0367126,0.050.050.055000.01.00.001
1.65e7,0.0500169,89.61,-5637.61,0.0,-4978.62,1162.82,-0.246181,4204.8,4204.55,8.31456e-5,0.0193354,0.0173991,0.0367344,0.050.050.055000.01.00.001
1.66e7,0.0500668,89.6436,-5636.77,0.0,-4977.47,1163.98,-0.246032,4222.92,4222.67,0.000106742,0.0193586,0.017393,0.0367516,0.050.050.055000.01.00.001
1.67e7,0.0500196,89.8933,-5635.23,0.0,-4976.6,1162.88,-0.246047,4242.88,4242.63,0.000319002,0.0193207,0.0173718,0.0366925,0.050.050.055000.01.00.001
1.68e7,0.050044,90.1052,-5636.66,0.0,-4977.57,1163.45,-0.246073,4262.43,4262.18,0.000133873,0.0193525,0.0173563,0.0367089,0.050.050.055000.01.00.001
1.69e7,0.0499854,89.6429,-5638.82,0.0,-4981.03,1162.09,-0.246384,4286.4,4286.15,4.38065e-5,0.0193056,0.017349,0.0366546,0.050.050.055000.01.00.001
1.7e7,0.0500308,89.4398,-5643.28,0.0,-4984.86,1163.14,-0.246563,4306.96,4306.72,-2.43247e-5,0.0193396,0.0173688,0.0367084,0.050.050.055000.01.00.001
1.71e7,0.0500192,89.8646,-5641.93,0.0,-4983.02,1162.87,-0.246461,4325.01,4324.76,7.59157e-6,0.0193593,0.0173536,0.0367129,0.050.050.055000.01.00.001
1.72e7,0.049994,89.6148,-5640.64,0.0,-4982.58,1162.28,-0.246471,4345.96,4345.71,2.78318e-5,0.0193149,0.0173588,0.0366737,0.050.050.055000.01.00.001
1.73e7,0.0499968,90.2466,-5638.69,0.0,-4980.08,1162.35,-0.246305,4363.66,4363.41,0.000190559,0.0193251,0.0173433,0.0366684,0.050.050.055000.01.00.001
1.74e7,0.0499641,89.592,-5637.92,0.0,-4979.54,1161.59,-0.246319,4382.07,4381.82,2.28438e-5,0.0193333,0.0173629,0.0366961,0.050.050.055000.01.00.001
1.75e7,0.0499861,89.6768,-5639.38,0.0,-4981.45,1162.1,-0.24641,4398.46,4398.21,4.46445e-5,0.0193247,0.0173372,0.0366618,0.050.050.055000.01.00.001
1.76e7,0.0500086,89.1519,-5641.04,0.0,-4982.61,1162.63,-0.24645,4417.35,4417.1,-0.000183525,0.0193583,0.0173699,0.0367282,0.050.050.055000.01.00.001
1.77e7,0.0500302,89.9229,-5642.02,0.0,-4982.97,1163.13,-0.246442,4436.82,4436.58,2.22252e-5,0.0193524,0.0173652,0.0367177,0.050.050.055000.01.00.001
1.78e7,0.0499492,89.4585,-5642.8,0.0,-4984.81,1161.24,-0.246682,4459.29,4459.04,-8.93727e-5,0.0193297,0.0173498,0.0366794,0.050.050.055000.01.00.001
1.79e7,0.0500647,89.4371,-5643.89,0.0,-4984.62,1163.93,-0.246496,4475.93,4475.68,-0.000109248,0.0193655,0.0173984,0.0367638,0.050.050.055000.01.00.001
1.8e7,0.0499963,89.2065,-5644.12,0.0,-4986.23,1162.34,-0.246703,4497.87,4497.63,-5.99169e-5,0.0193206,0.0173687,0.0366893,0.050.050.055000.01.00.001
1.81e7,0.0500555,88.7269,-5643.65,0.0,-4985.46,1163.71,-0.246564,4515.66,4515.41,-0.000381771,0.019365,0.0173746,0.0367396,0.050.050.055000.01.00.001
1.82e7,0.0499427,88.5619,-5644.07,0.0,-4986.98,1161.09,-0.246831,4539.75,4539.51,-0.000189259,0.0193283,0.0173511,0.0366794,0.050.050.055000.01.00.001
1.83e7,0.0500213,89.5944,-5643.96,0.0,-4985.3,1162.92,-0.246605,4556.56,4556.31,7.67807e-5,0.0193274,0.017387,0.0367144,0.050.050.055000.01.00.001
1.84e7,0.0500053,89.3647,-5643.96,0.0,-4985.33,1162.55,-0.246631,4574.97,4574.72,-8.63315e-5,0.0193438,0.0173826,0.0367264,0.050.050.055000.01.00.001
1.85e7,0.049948,89.3245,-5646.21,0.0,-4988.52,1161.22,-0.246923,4596.89,4596.64,-9.32237e-5,0.019304,0.0173649,0.0366689,0.050.050.055000.01.00.001
1.86e7,0.050028,90.2135,-5649.45,0.0,-4989.93,1163.08,-0.246894,4613.19,4612.94,0.000109684,0.0193517,0.0173774,0.0367292,0.050.050.055000.01.00.001
1.87e7,0.0500198,90.0495,-5650.63,0.0,-4990.84,1162.88,-0.246965,4634.28,4634.03,-9.06434e-5,0.0193634,0.017394,0.0367573,0.050.050.055000.01.00.001
1.88e7,0.0499917,89.4324,-5650.83,0.0,-4992.83,1162.23,-0.247135,4657.68,4657.43,-0.00020104,0.0193282,0.0173534,0.0366816,0.050.050.055000.01.00.001
1.89e7,0.0499456,89.3873,-5651.37,0.0,-4993.34,1161.16,-0.247237,4678.96,4678.71,-6.77245e-5,0.0193378,0.017349,0.0366868,0.050.050.055000.01.00.001
1.9e7,0.0499779,89.9735,-5651.4,0.0,-4991.98,1161.91,-0.247101,4696.59,4696.34,-5.77796e-5,0.0193894,0.0173491,0.0367385,0.050.050.055000.01.00.001
1.91e7,0.0500135,90.2818,-5652.0,0.0,-4991.79,1162.74,-0.247035,4714.8,4714.55,5.76142e-5,0.0193594,0.0174099,0.0367693,0.050.050.055000.01.00.001
1.92e7,0.0500488,90.0525,-5654.82,0.0,-4994.91,1163.56,-0.247184,4736.95,4736.71,-5.93873e-5,0.0193848,0.0173802,0.036765,0.050.050.055000.01.00.001
1.93e7,0.0500013,90.3346,-5660.37,0.0,-5000.83,1162.45,-0.247637,4762.15,4761.9,-0.000153204,0.0194067,0.017316,0.0367227,0.050.050.055000.01.00.001
1.94e7,0.0499379,90.0532,-5660.21,0.0,-5001.25,1160.98,-0.247759,4783.62,4783.37,-0.000123252,0.0193357,0.0173683,0.036704,0.050.050.055000.01.00.001
1.95e7,0.0500394,90.0647,-5658.95,0.0,-4998.78,1163.34,-0.247448,4798.56,4798.31,-8.51846e-5,0.0193941,0.0173869,0.0367809,0.050.050.055000.01.00.001
1.96e7,0.0500263,90.7491,-5659.33,0.0,-4998.69,1163.04,-0.247461,4817.14,4816.89,0.000141377,0.0193799,0.0173878,0.0367677,0.050.050.055000.01.00.001
1.97e7,0.0500498,89.98,-5661.02,0.0,-5001.28,1163.58,-0.247594,4838.95,4838.71,-0.000182089,0.0193825,0.0173762,0.0367587,0.050.050.055000.01.00.001
1.98e7,0.0499892,89.9705,-5661.2,0.0,-5001.48,1162.17,-0.247697,4861.63,4861.38,-0.000208261,0.0193728,0.0173855,0.0367583,0.050.050.055000.01.00.001
1.99e7,0.0500081,90.3041,-5663.42,0.0,-5003.46,1162.61,-0.247797,4881.62,4881.37,-0.000286359,0.0193798,0.0173722,0.036752,0.050.050.055000.01.00.001
2.0e7,0.0500641,90.3424,-5665.5,0.0,-5004.81,1163.92,-0.2478,4899.52,4899.27,-0.000149166,0.0194351,0.0173613,0.0367963,0.050.050.055000.01.00.001
2.01e7,0.0500089,90.4554,-5664.94,0.0,-5004.66,1162.63,-0.247873,4922.17,4921.92,-0.00021152,0.0193993,0.0173631,0.0367624,0.050.050.055000.01.00.001
2.02e7,0.0499839,90.205,-5665.18,0.0,-5005.35,1162.05,-0.247955,4942.13,4941.88,-3.46527e-5,0.0193583,0.0173919,0.0367502,0.050.050.055000.01.00.001
2.03e7,0.0499837,90.016,-5665.19,0.0,-5005.5,1162.05,-0.247965,4962.24,4961.99,-7.9832e-5,0.0193829,0.0173699,0.0367528,0.050.050.055000.01.00.001
2.04e7,0.0499478,90.2866,-5665.48,0.0,-5006.33,1161.21,-0.248072,4982.77,4982.53,-4.68934e-5,0.0193569,0.0173443,0.0367012,0.050.050.055000.01.00.001
2.05e7,0.0500171,90.3395,-5666.01,0.0,-5005.76,1162.82,-0.247931,4999.9,4999.66,-0.00014318,0.0193948,0.017374,0.0367688,0.050.050.055000.01.00.001
2.06e7,0.0500368,90.2255,-5665.66,0.0,-5005.74,1163.28,-0.2479,5020.5,5020.25,-0.0001852,0.0194186,0.0173361,0.0367547,0.050.050.055000.01.00.001
2.07e7,0.0500091,90.6817,-5665.85,0.0,-5005.44,1162.64,-0.247923,5040.64,5040.39,-6.46814e-5,0.019405,0.0173511,0.0367561,0.050.050.055000.01.00.001
2.08e7,0.0499956,90.9101,-5665.98,0.0,-5005.83,1162.32,-0.247968,5060.85,5060.6,2.93101e-6,0.0193739,0.0173514,0.0367253,0.050.050.055000.01.00.001
2.09e7,0.0499914,90.7398,-5665.62,0.0,-5005.46,1162.23,-0.247951,5080.47,5080.23,1.98361e-5,0.0193617,0.017375,0.0367367,0.050.050.055000.01.00.001
2.1e7,0.0500011,90.4694,-5663.99,0.0,-5003.14,1162.45,-0.247786,5097.18,5096.93,-9.10301e-5,0.0193865,0.0174127,0.0367992,0.050.050.055000.01.00.001
2.11e7,0.0499725,89.9079,-5664.07,0.0,-5004.59,1161.79,-0.247923,5118.41,5118.16,-0.000272465,0.0193829,0.0173634,0.0367463,0.050.050.055000.01.00.001
2.12e7,0.0500095,90.5887,-5665.6,0.0,-5004.95,1162.65,-0.24789,5136.77,5136.52,-8.85422e-5,0.0193818,0.0173965,0.0367783,0.050.050.055000.01.00.001
2.13e7,0.0500303,90.7582,-5669.99,0.0,-5008.86,1163.13,-0.248111,5159.2,5158.95,-0.000231697,0.0194187,0.0173794,0.0367982,0.050.050.055000.01.00.001
2.14e7,0.0499993,90.4244,-5671.89,0.0,-5011.95,1162.41,-0.248358,5182.81,5182.56,-0.00025158,0.019393,0.01735,0.036743,0.050.050.055000.01.00.001
2.15e7,0.0500208,90.4283,-5674.47,0.0,-5013.74,1162.91,-0.248441,5199.82,5199.57,-0.000243694,0.0194182,0.0173757,0.0367939,0.050.050.055000.01.00.001
2.16e7,0.0499608,90.6211,-5676.16,0.0,-5015.57,1161.51,-0.248649,5221.74,5221.49,-0.000137399,0.0194204,0.0173519,0.0367722,0.050.050.055000.01.00.001
2.17e7,0.0500208,91.0062,-5674.9,0.0,-5013.65,1162.91,-0.248435,5237.34,5237.09,-0.000160054,0.0194155,0.0173741,0.0367896,0.050.050.055000.01.00.001
2.18e7,0.0500487,90.6649,-5675.82,0.0,-5014.64,1163.56,-0.248457,5258.2,5257.96,-0.000168305,0.0194258,0.0173819,0.0368077,0.050.050.055000.01.00.001
2.19e7,0.0499336,91.0288,-5676.49,0.0,-5016.46,1160.88,-0.248747,5282.77,5282.52,-6.62363e-5,0.0193684,0.0173412,0.0367096,0.050.050.055000.01.00.001
2.2e7,0.0499765,91.3682,-5678.81,0.0,-5017.68,1161.88,-0.248761,5303.52,5303.27,4.08505e-5,0.0194153,0.0173437,0.0367589,0.050.050.055000.01.00.001
2.21e7,0.0499649,91.0265,-5680.94,0.0,-5019.94,1161.61,-0.248924,5325.11,5324.87,-0.000145143,0.0193967,0.0173763,0.036773,0.050.050.055000.01.00.001
2.22e7,0.0499574,91.2406,-5681.63,0.0,-5021.02,1161.43,-0.249005,5346.32,5346.07,6.62892e-5,0.0193887,0.0173446,0.0367333,0.050.050.055000.01.00.001
2.23e7,0.0499927,90.3676,-5681.56,0.0,-5021.28,1162.25,-0.24897,5365.55,5365.3,-0.000260759,0.0194106,0.0173574,0.0367681,0.050.050.055000.01.00.001
2.24e7,0.0499748,91.203,-5681.4,0.0,-5020.49,1161.84,-0.248945,5385.81,5385.56,-6.80958e-5,0.0194087,0.0173469,0.0367556,0.050.050.055000.01.00.001
2.25e7,0.0500233,91.1818,-5680.99,0.0,-5019.56,1162.97,-0.248813,5404.52,5404.27,-7.34034e-5,0.0194293,0.0173603,0.0367897,0.050.050.055000.01.00.001
2.26e7,0.0500098,90.9996,-5681.19,0.0,-5019.47,1162.65,-0.248827,5425.79,5425.54,-0.000332455,0.0194513,0.0173694,0.0368207,0.050.050.055000.01.00.001
2.27e7,0.050003,90.804,-5682.84,0.0,-5021.87,1162.49,-0.248992,5448.62,5448.37,-0.000225513,0.0194021,0.0173825,0.0367846,0.050.050.055000.01.00.001
2.28e7,0.050029,90.5786,-5682.39,0.0,-5021.71,1163.1,-0.248943,5471.18,5470.94,-0.000244651,0.0194295,0.0173506,0.0367801,0.050.050.055000.01.00.001
2.29e7,0.0499567,90.7981,-5680.34,0.0,-5020.34,1161.42,-0.248962,5494.18,5493.94,-0.0003043,0.0193985,0.0173245,0.036723,0.050.050.055000.01.00.001
2.3e7,0.0500197,90.997,-5678.34,0.0,-5017.01,1162.88,-0.248653,5510.94,5510.69,-0.000262461,0.0194381,0.0173578,0.0367959,0.050.050.055000.01.00.001
2.31e7,0.0499973,91.0386,-5680.06,0.0,-5018.85,1162.36,-0.248806,5532.37,5532.12,-0.000176027,0.0194296,0.0173556,0.0367852,0.050.050.055000.01.00.001
2.32e7,0.0499925,91.0015,-5680.26,0.0,-5019.52,1162.25,-0.248856,5552.26,5552.02,-0.000128426,0.0194154,0.0173419,0.0367573,0.050.050.055000.01.00.001
2.33e7,0.0499868,91.1467,-5679.17,0.0,-5018.28,1162.12,-0.248785,5571.66,5571.41,-2.09815e-5,0.019395,0.0173626,0.0367575,0.050.050.055000.01.00.001
2.34e7,0.0499811,91.3008,-5677.7,0.0,-5016.62,1161.99,-0.248686,5590.09,5589.84,-9.09138e-5,0.0194347,0.017325,0.0367597,0.050.050.055000.01.00.001
2.35e7,0.0499827,90.8002,-5677.68,0.0,-5016.89,1162.02,-0.248701,5610.16,5609.91,-0.000238285,0.0194082,0.0173656,0.0367737,0.050.050.055000.01.00.001
2.36e7,0.050001,91.1693,-5677.92,0.0,-5016.31,1162.45,-0.248636,5627.78,5627.53,-4.20266e-5,0.0194048,0.017398,0.0368028,0.050.050.055000.01.00.001
2.37e7,0.0499736,91.0979,-5679.26,0.0,-5018.55,1161.81,-0.248822,5651.93,5651.68,-3.90057e-5,0.0194009,0.0173483,0.0367492,0.050.050.055000.01.00.001
2.38e7,0.0499919,91.2225,-5680.44,0.0,-5019.16,1162.24,-0.248834,5675.23,5674.98,-9.07393e-5,0.0193947,0.0173832,0.0367778,0.050.050.055000.01.00.001
2.39e7,0.0500271,90.9052,-5680.15,0.0,-5018.87,1163.05,-0.248762,5694.51,5694.26,-6.03449e-5,0.0194288,0.0173699,0.0367988,0.050.050.055000.01.00.001
2.4e7,0.0499721,90.359,-5680.45,0.0,-5020.83,1161.78,-0.248971,5715.91,5715.66,-0.000256026,0.0193962,0.0173299,0.0367261,0.050.050.055000.01.00.001
2.41e7,0.0500131,90.6201,-5680.26,0.0,-5019.07,1162.73,-0.248796,5733.46,5733.21,-7.99252e-5,0.0194083,0.017402,0.0368104,0.050.050.055000.01.00.001
2.42e7,0.0500175,90.4429,-5681.72,0.0,-5021.01,1162.83,-0.248915,5756.54,5756.29,-0.000270563,0.0194209,0.0173705,0.0367915,0.050.050.055000.01.00.001
2.43e7,0.0499454,90.0347,-5682.45,0.0,-5023.71,1161.16,-0.249197,5781.2,5780.95,-0.000355923,0.0193757,0.0173148,0.0366905,0.050.050.055000.01.00.001
2.44e7,0.0500847,91.3999,-5683.17,0.0,-5021.13,1164.39,-0.248822,5797.62,5797.37,-2.07126e-5,0.0194391,0.0173762,0.0368154,0.050.050.055000.01.00.001
2.45e7,0.049981,90.9491,-5684.62,0.0,-5024.33,1161.98,-0.249184,5823.68,5823.43,-0.000100235,0.019402,0.0173297,0.0367317,0.050.050.055000.01.00.001
2.46e7,0.0499564,90.9288,-5685.45,0.0,-5024.98,1161.41,-0.249262,5844.43,5844.18,-0.000198327,0.0194047,0.0173398,0.0367445,0.050.050.055000.01.00.001
2.47e7,0.0500167,90.5784,-5685.21,0.0,-5024.17,1162.81,-0.24912,5862.88,5862.63,-0.000176399,0.0194319,0.0173723,0.0368042,0.050.050.055000.01.00.001
2.48e7,0.0500309,91.3151,-5685.2,0.0,-5023.63,1163.14,-0.249064,5883.44,5883.19,-7.93973e-5,0.01942,0.0173705,0.0367905,0.050.050.055000.01.00.001
2.49e7,0.0499541,91.0091,-5683.08,0.0,-5022.48,1161.36,-0.249105,5906.44,5906.19,-7.15375e-5,0.0193901,0.0173575,0.0367476,0.050.050.055000.01.00.001
2.5e7,0.0499902,90.8312,-5682.82,0.0,-5022.02,1162.2,-0.249021,5925.81,5925.56,-0.000114214,0.0193818,0.0173904,0.0367723,0.050.050.055000.01.00.001
2.51e7,0.0499755,90.815,-5678.93,0.0,-5018.26,1161.85,-0.2488,5942.75,5942.5,-6.72998e-5,0.0194051,0.0173601,0.0367652,0.050.050.055000.01.00.001
2.52e7,0.0500347,91.0392,-5678.44,0.0,-5017.32,1163.23,-0.248651,5961.59,5961.34,-3.35337e-5,0.019409,0.0173699,0.0367789,0.050.050.055000.01.00.001
2.53e7,0.0500026,90.9131,-5682.06,0.0,-5021.1,1162.49,-0.248943,5985.98,5985.73,-7.33835e-5,0.0193776,0.0173999,0.0367775,0.050.050.055000.01.00.001
2.54e7,0.0499889,90.3269,-5680.58,0.0,-5020.25,1162.17,-0.248908,6006.54,6006.3,-0.000270513,0.0193911,0.0173832,0.0367744,0.050.050.055000.01.00.001
2.55e7,0.0499693,90.3175,-5680.51,0.0,-5020.03,1161.71,-0.248924,6025.0,6024.75,-0.000367569,0.0194204,0.0173645,0.036785,0.050.050.055000.01.00.001
2.56e7,0.0499552,90.9424,-5682.02,0.0,-5021.28,1161.38,-0.249026,6046.87,6046.62,-0.000142355,0.019409,0.0173519,0.0367609,0.050.050.055000.01.00.001
2.57e7,0.049968,91.0815,-5684.09,0.0,-5023.45,1161.68,-0.249147,6068.15,6067.9,5.85271e-5,0.0193775,0.0173681,0.0367456,0.050.050.055000.01.00.001
2.58e7,0.0500054,90.9805,-5685.24,0.0,-5024.46,1162.55,-0.249155,6088.17,6087.93,-5.66015e-5,0.0194116,0.0173498,0.0367615,0.050.050.055000.01.00.001
2.59e7,0.0499847,90.8451,-5686.45,0.0,-5025.59,1162.07,-0.24926,6109.67,6109.42,-0.000211053,0.019431,0.0173438,0.0367748,0.050.050.055000.01.00.001
2.6e7,0.0500021,90.9076,-5687.28,0.0,-5025.96,1162.47,-0.249257,6129.6,6129.35,-0.000233598,0.0194144,0.0173869,0.0368013,0.050.050.055000.01.00.001
2.61e7,0.0499855,91.67,-5686.88,0.0,-5025.2,1162.09,-0.249233,6149.65,6149.4,9.03832e-5,0.0194169,0.0173584,0.0367752,0.050.050.055000.01.00.001
2.62e7,0.0500093,91.1632,-5688.75,0.0,-5027.66,1162.64,-0.249356,6173.18,6172.94,-0.000215745,0.0194443,0.0173249,0.0367692,0.050.050.055000.01.00.001
2.63e7,0.0500099,90.9353,-5687.47,0.0,-5026.65,1162.66,-0.24929,6194.19,6193.94,-0.000229259,0.0194416,0.0173257,0.0367673,0.050.050.055000.01.00.001
2.64e7,0.0499879,90.3273,-5687.36,0.0,-5027.25,1162.14,-0.249362,6216.77,6216.52,-0.000245615,0.0193906,0.0173693,0.0367599,0.050.050.055000.01.00.001
2.65e7,0.0499813,90.2144,-5687.44,0.0,-5027.6,1161.99,-0.249394,6237.63,6237.38,-0.000214016,0.0193906,0.0173595,0.0367501,0.050.050.055000.01.00.001
2.66e7,0.0499893,90.916,-5690.5,0.0,-5029.47,1162.18,-0.249503,6256.28,6256.03,-1.40191e-5,0.0193984,0.0173835,0.0367819,0.050.050.055000.01.00.001
2.67e7,0.0500237,90.977,-5693.08,0.0,-5031.51,1162.98,-0.249583,6275.66,6275.41,-6.9943e-5,0.0194238,0.0173881,0.036812,0.050.050.055000.01.00.001
2.68e7,0.0500044,90.9176,-5694.33,0.0,-5033.02,1162.53,-0.249709,6299.07,6298.82,-4.01805e-5,0.0193978,0.0174015,0.0367993,0.050.050.055000.01.00.001
2.69e7,0.0500476,91.4795,-5693.75,0.0,-5031.89,1163.53,-0.249571,6316.36,6316.11,4.14604e-5,0.0194262,0.0173725,0.0367987,0.050.050.055000.01.00.001
2.7e7,0.0500139,91.3437,-5695.08,0.0,-5033.23,1162.75,-0.249709,6337.91,6337.66,-9.38043e-5,0.0194431,0.0173633,0.0368063,0.050.050.055000.01.00.001
2.71e7,0.0499856,90.77,-5694.54,0.0,-5033.49,1162.09,-0.249768,6358.82,6358.57,-0.000321933,0.0194442,0.0173475,0.0367917,0.050.050.055000.01.00.001
2.72e7,0.0500389,90.8426,-5695.22,0.0,-5032.99,1163.33,-0.249655,6376.96,6376.71,-0.000265029,0.0194441,0.0174196,0.0368637,0.050.050.055000.01.00.001
2.73e7,0.0499815,91.1509,-5697.16,0.0,-5035.8,1161.99,-0.249923,6399.52,6399.27,-0.000314969,0.0194265,0.0173611,0.0367876,0.050.050.055000.01.00.001
2.74e7,0.0500069,91.3527,-5696.75,0.0,-5035.19,1162.58,-0.249845,6418.69,6418.44,-1.74128e-5,0.0194388,0.017349,0.0367878,0.050.050.055000.01.00.001
2.75e7,0.0499661,90.9651,-5696.92,0.0,-5036.23,1161.64,-0.249974,6441.26,6441.01,-0.000200426,0.0193981,0.017358,0.0367561,0.050.050.055000.01.00.001
2.76e7,0.0500388,91.931,-5696.98,0.0,-5034.26,1163.33,-0.249737,6455.99,6455.74,1.53611e-5,0.0194443,0.0173809,0.0368252,0.050.050.055000.01.00.001
2.77e7,0.0500045,91.9441,-5698.41,0.0,-5035.82,1162.53,-0.24989,6478.04,6477.79,-5.20148e-5,0.0194581,0.0173574,0.0368155,0.050.050.055000.01.00.001
2.78e7,0.0500114,92.1852,-5696.92,0.0,-5033.58,1162.69,-0.249735,6496.11,6495.86,-6.56983e-5,0.0194617,0.0173868,0.0368485,0.050.050.055000.01.00.001
2.79e7,0.0500156,92.0991,-5696.91,0.0,-5034.34,1162.79,-0.249777,6517.96,6517.71,3.02544e-5,0.0194256,0.0173791,0.0368046,0.050.050.055000.01.00.001
2.8e7,0.0500315,92.6858,-5696.56,0.0,-5032.14,1163.16,-0.249612,6535.6,6535.35,0.000290831,0.0194564,0.0174294,0.0368858,0.050.050.055000.01.00.001
2.81e7,0.050029,91.3891,-5696.99,0.0,-5035.1,1163.1,-0.249806,6560.59,6560.34,-0.000161743,0.0194177,0.017389,0.0368067,0.050.050.055000.01.00.001
2.82e7,0.0499829,91.9041,-5697.11,0.0,-5035.01,1162.03,-0.24987,6583.0,6582.75,2.45306e-5,0.019409,0.0173781,0.0367871,0.050.050.055000.01.00.001
2.83e7,0.0500307,92.354,-5696.84,0.0,-5034.05,1163.14,-0.249736,6603.22,6602.97,0.000260124,0.0194397,0.0173623,0.036802,0.050.050.055000.01.00.001
2.84e7,0.0500373,91.2032,-5695.72,0.0,-5034.03,1163.29,-0.249725,6623.0,6622.75,-9.7931e-5,0.0194313,0.0173747,0.0368059,0.050.050.055000.01.00.001
2.85e7,0.0499587,90.7189,-5696.27,0.0,-5035.94,1161.46,-0.249966,6645.6,6645.35,-0.000262011,0.0194167,0.0173324,0.036749,0.050.050.055000.01.00.001
2.86e7,0.0499839,91.3028,-5696.25,0.0,-5034.98,1162.05,-0.249866,6664.57,6664.32,-1.78417e-5,0.0194395,0.0173326,0.0367721,0.050.050.055000.01.00.001
2.87e7,0.050046,91.1776,-5696.41,0.0,-5034.41,1163.49,-0.249736,6682.42,6682.17,-0.000161668,0.0194495,0.0173778,0.0368273,0.050.050.055000.01.00.001
2.88e7,0.0500222,91.3859,-5697.94,0.0,-5035.72,1162.94,-0.249857,6704.68,6704.43,-0.000241368,0.019445,0.0173829,0.0368279,0.050.050.055000.01.00.001
2.89e7,0.050013,91.769,-5699.65,0.0,-5037.55,1162.73,-0.249989,6725.41,6725.16,-3.04962e-5,0.0194363,0.0173591,0.0367955,0.050.050.055000.01.00.001
2.9e7,0.0500031,90.9494,-5701.25,0.0,-5039.18,1162.5,-0.250109,6746.37,6746.12,-0.000343668,0.0194508,0.0173958,0.0368466,0.050.050.055000.01.00.001
2.91e7,0.0499915,91.7542,-5701.99,0.0,-5040.25,1162.23,-0.250195,6767.06,6766.81,4.86832e-6,0.0194146,0.0173588,0.0367734,0.050.050.055000.01.00.001
2.92e7,0.0500256,91.9141,-5701.5,0.0,-5039.14,1163.02,-0.250072,6785.77,6785.52,-7.6656e-5,0.0194643,0.0173386,0.0368029,0.050.050.055000.01.00.001
2.93e7,0.0500018,92.6596,-5701.68,0.0,-5038.43,1162.47,-0.250062,6806.59,6806.34,0.00029947,0.0194263,0.017386,0.0368123,0.050.050.055000.01.00.001
2.94e7,0.0499647,91.8128,-5701.83,0.0,-5039.9,1161.6,-0.250213,6829.48,6829.23,1.13369e-5,0.0194213,0.01736,0.0367813,0.050.050.055000.01.00.001
2.95e7,0.0500212,91.6895,-5702.54,0.0,-5039.55,1162.92,-0.250105,6847.97,6847.72,-0.000212569,0.0194606,0.0173972,0.0368579,0.050.050.055000.01.00.001
2.96e7,0.0499818,91.7861,-5700.1,0.0,-5037.89,1162.0,-0.250058,6871.0,6870.75,-3.49066e-5,0.0194147,0.0173868,0.0368015,0.050.050.055000.01.00.001
2.97e7,0.0499817,91.644,-5698.85,0.0,-5036.74,1162.0,-0.249983,6890.3,6890.05,-0.000128414,0.0194391,0.017365,0.0368041,0.050.050.055000.01.00.001
2.98e7,0.0500096,91.9886,-5698.95,0.0,-5036.42,1162.65,-0.249921,6909.26,6909.01,2.49611e-5,0.0194319,0.0173767,0.0368087,0.050.050.055000.01.00.001
2.99e7,0.0499801,91.394,-5698.91,0.0,-5036.99,1161.96,-0.250002,6931.05,6930.8,-0.000205052,0.019434,0.0173741,0.0368081,0.050.050.055000.01.00.001
3.0e7,0.0500067,91.5655,-5699.16,0.0,-5036.63,1162.58,-0.249939,6949.67,6949.42,-7.15137e-5,0.0194368,0.0173999,0.0368367,0.050.050.055000.01.00.001
3.01e7,0.0500209,92.0098,-5700.04,0.0,-5037.65,1162.91,-0.249983,6972.5,6972.25,-1.90176e-5,0.0194596,0.0173389,0.0367986,0.050.050.055000.01.00.001
3.02e7,0.0500258,91.9406,-5700.85,0.0,-5037.39,1163.02,-0.249959,6990.52,6990.27,-6.99742e-5,0.0194386,0.0174339,0.0368724,0.050.050.055000.01.00.001
3.03e7,0.0500109,92.1258,-5702.59,0.0,-5039.99,1162.68,-0.250149,7012.64,7012.39,4.2569e-5,0.0194406,0.0173641,0.0368046,0.050.050.055000.01.00.001
3.04e7,0.0499928,91.3403,-5702.94,0.0,-5040.78,1162.26,-0.250227,7035.68,7035.43,-4.03744e-5,0.0194237,0.0174035,0.0368272,0.050.050.055000.01.00.001
3.05e7,0.0500536,91.9636,-5704.2,0.0,-5041.13,1163.67,-0.250158,7055.62,7055.37,-1.66944e-5,0.0194858,0.0173601,0.0368459,0.050.050.055000.01.00.001
3.06e7,0.0499195,92.1193,-5704.41,0.0,-5042.78,1160.55,-0.250467,7081.2,7080.95,0.000213517,0.0193872,0.0173554,0.0367425,0.050.050.055000.01.00.001
3.07e7,0.049943,92.0343,-5706.55,0.0,-5044.64,1161.1,-0.250551,7101.03,7100.78,7.20913e-5,0.0194202,0.0173459,0.036766,0.050.050.055000.01.00.001
3.08e7,0.0499737,92.1421,-5704.63,0.0,-5042.45,1161.81,-0.250364,7121.99,7121.74,4.26109e-5,0.0194305,0.017346,0.0367766,0.050.050.055000.01.00.001
3.09e7,0.0500373,92.0903,-5702.58,0.0,-5039.5,1163.29,-0.250078,7138.83,7138.58,5.15433e-5,0.0194494,0.0173884,0.0368378,0.050.050.055000.01.00.001
3.1e7,0.0499494,91.9341,-5702.61,0.0,-5040.74,1161.25,-0.250289,7162.88,7162.63,-0.000132912,0.0194383,0.0173319,0.0367702,0.050.050.055000.01.00.001
3.11e7,0.050027,91.7275,-5702.93,0.0,-5039.65,1163.05,-0.250103,7179.94,7179.69,-0.000153156,0.0194733,0.0174008,0.0368741,0.050.050.055000.01.00.001
3.12e7,0.0500471,92.1451,-5704.36,0.0,-5041.02,1163.52,-0.250161,7199.0,7198.75,-1.74308e-5,0.0194796,0.0173718,0.0368514,0.050.050.055000.01.00.001
3.13e7,0.0500106,91.9726,-5704.84,0.0,-5042.82,1162.67,-0.250332,7221.62,7221.37,-3.96297e-5,0.0194426,0.0173348,0.0367774,0.050.050.055000.01.00.001
3.14e7,0.0499914,91.8225,-5704.65,0.0,-5041.88,1162.23,-0.2503,7242.26,7242.01,-0.000205476,0.019458,0.0173774,0.0368354,0.050.050.055000.01.00.001
3.15e7,0.0499986,92.1833,-5706.29,0.0,-5043.33,1162.39,-0.250383,7264.5,7264.25,-2.68204e-5,0.0194716,0.0173527,0.0368243,0.050.050.055000.01.00.001
3.16e7,0.0499607,91.2852,-5710.18,0.0,-5048.26,1161.51,-0.250758,7290.3,7290.05,-0.000382257,0.0194606,0.0173541,0.0368147,0.050.050.055000.01.00.001
3.17e7,0.0499957,91.5486,-5710.54,0.0,-5048.34,1162.32,-0.250711,7309.29,7309.03,-0.000245601,0.0194682,0.0173479,0.0368162,0.050.050.055000.01.00.001
3.18e7,0.0500107,92.2334,-5709.49,0.0,-5046.22,1162.67,-0.250552,7328.64,7328.39,4.26369e-5,0.019445,0.0173957,0.0368407,0.050.050.055000.01.00.001
3.19e7,0.0499935,91.8508,-5709.67,0.0,-5047.27,1162.27,-0.250645,7351.77,7351.52,-9.43507e-6,0.0194245,0.0173852,0.0368098,0.050.050.055000.01.00.001
3.2e7,0.0499261,92.0254,-5711.86,0.0,-5050.49,1160.71,-0.250954,7375.62,7375.37,-1.20647e-5,0.019398,0.0173338,0.0367318,0.050.050.055000.01.00.001
3.21e7,0.050042,91.9636,-5712.1,0.0,-5048.79,1163.4,-0.25067,7391.62,7391.37,-0.000108546,0.0194761,0.0173854,0.0368615,0.050.050.055000.01.00.001
3.22e7,0.050037,92.163,-5711.73,0.0,-5048.8,1163.28,-0.250679,7415.4,7415.15,1.64789e-5,0.0194589,0.0173649,0.0368238,0.050.050.055000.01.00.001
3.23e7,0.0500519,91.7533,-5711.33,0.0,-5048.17,1163.63,-0.250616,7434.65,7434.4,-0.000193735,0.0194719,0.0173932,0.0368651,0.050.050.055000.01.00.001
3.24e7,0.0499744,92.1676,-5713.36,0.0,-5051.08,1161.83,-0.250919,7457.96,7457.71,-1.28612e-5,0.0194426,0.0173388,0.0367814,0.050.050.055000.01.00.001
3.25e7,0.0499689,91.9571,-5713.72,0.0,-5051.34,1161.7,-0.250945,7478.68,7478.43,-0.000128506,0.0194573,0.0173437,0.036801,0.050.050.055000.01.00.001
3.26e7,0.0499833,92.0052,-5713.35,0.0,-5050.63,1162.04,-0.250877,7498.82,7498.57,-4.39671e-5,0.0194583,0.0173617,0.03682,0.050.050.055000.01.00.001
3.27e7,0.0500547,91.9316,-5713.23,0.0,-5049.43,1163.7,-0.250692,7514.86,7514.61,-0.000171706,0.019468,0.0174267,0.0368948,0.050.050.055000.01.00.001
3.28e7,0.0500513,92.4175,-5713.42,0.0,-5049.41,1163.62,-0.250696,7534.32,7534.07,-1.81517e-5,0.0194692,0.0174081,0.0368772,0.050.050.055000.01.00.001
3.29e7,0.0500248,92.2107,-5714.32,0.0,-5050.96,1163.0,-0.250836,7556.94,7556.69,-9.3126e-5,0.0194539,0.0173946,0.0368485,0.050.050.055000.01.00.001
3.3e7,0.0499449,92.0413,-5714.8,0.0,-5052.48,1161.14,-0.251054,7580.35,7580.1,-5.87124e-5,0.0194408,0.0173513,0.0367921,0.050.050.055000.01.00.001
3.31e7,0.0500338,92.385,-5714.23,0.0,-5050.88,1163.21,-0.250817,7597.23,7596.98,-0.000177973,0.0194847,0.017352,0.0368367,0.050.050.055000.01.00.001
3.32e7,0.0500403,92.9187,-5714.22,0.0,-5049.59,1163.36,-0.250724,7614.56,7614.31,8.44955e-5,0.0194917,0.0173933,0.036885,0.050.050.055000.01.00.001
3.33e7,0.050045,92.3372,-5714.29,0.0,-5050.04,1163.47,-0.250746,7633.0,7632.75,-3.22077e-5,0.0194856,0.0174122,0.0368977,0.050.050.055000.01.00.001
3.34e7,0.0499179,91.1888,-5714.89,0.0,-5053.72,1160.52,-0.251174,7659.08,7658.82,-0.000424985,0.0194243,0.0173489,0.0367733,0.050.050.055000.01.00.001
3.35e7,0.050003,92.1396,-5714.39,0.0,-5052.06,1162.49,-0.25094,7675.03,7674.77,5.31228e-6,0.0194357,0.0173507,0.0367864,0.050.050.055000.01.00.001
3.36e7,0.0499465,92.0623,-5713.79,0.0,-5050.94,1161.18,-0.250952,7695.78,7695.53,-0.000167952,0.0194449,0.0173804,0.0368252,0.050.050.055000.01.00.001
3.37e7,0.0499853,91.9955,-5712.35,0.0,-5049.79,1162.08,-0.25082,7716.39,7716.14,-5.60168e-5,0.0194701,0.0173404,0.0368105,0.050.050.055000.01.00.001
3.38e7,0.0500367,92.1676,-5713.99,0.0,-5050.7,1163.28,-0.250801,7737.88,7737.63,1.83502e-5,0.0194703,0.0173762,0.0368465,0.050.050.055000.01.00.001
3.39e7,0.050067,92.6071,-5713.96,0.0,-5049.34,1163.98,-0.250668,7758.0,7757.75,0.000116632,0.0194708,0.0174334,0.0369042,0.050.050.055000.01.00.001
3.4e7,0.0499623,92.565,-5714.06,0.0,-5051.0,1161.55,-0.250932,7783.08,7782.83,0.000113809,0.0194667,0.0173397,0.0368064,0.050.050.055000.01.00.001
3.41e7,0.0500244,92.146,-5714.05,0.0,-5050.65,1162.99,-0.250817,7800.48,7800.23,-0.000175682,0.01948,0.0173751,0.0368551,0.050.050.055000.01.00.001
3.42e7,0.0500533,92.4491,-5713.84,0.0,-5049.95,1163.67,-0.250728,7820.2,7819.95,0.000104876,0.0194851,0.0173823,0.0368674,0.050.050.055000.01.00.001
3.43e7,0.049999,92.1594,-5714.51,0.0,-5051.57,1162.4,-0.250914,7843.85,7843.6,3.27168e-5,0.0194617,0.0173627,0.0368244,0.050.050.055000.01.00.001
3.44e7,0.0499792,91.9163,-5712.73,0.0,-5050.39,1161.94,-0.250867,7865.01,7864.76,-0.000161648,0.0194348,0.0173671,0.0368019,0.050.050.055000.01.00.001
3.45e7,0.0499715,92.2271,-5714.0,0.0,-5052.16,1161.76,-0.250994,7889.79,7889.53,-9.61462e-5,0.0194303,0.0173187,0.036749,0.050.050.055000.01.00.001
3.46e7,0.0500083,92.5229,-5714.39,0.0,-5050.75,1162.62,-0.250848,7910.35,7910.1,-1.30398e-5,0.0194852,0.0173609,0.0368461,0.050.050.055000.01.00.001
3.47e7,0.0500442,92.316,-5713.7,0.0,-5050.12,1163.45,-0.250753,7928.58,7928.33,-0.000139004,0.01947,0.0173857,0.0368557,0.050.050.055000.01.00.001
3.48e7,0.0499887,92.2375,-5713.99,0.0,-5051.14,1162.16,-0.250901,7951.56,7951.31,-0.000132575,0.0194895,0.0173243,0.0368137,0.050.050.055000.01.00.001
3.49e7,0.0500498,92.4049,-5712.63,0.0,-5049.33,1163.58,-0.250693,7970.45,7970.2,-5.78309e-5,0.0194701,0.0173622,0.0368323,0.050.050.055000.01.00.001
3.5e7,0.0499888,92.6142,-5712.28,0.0,-5048.91,1162.16,-0.250758,7992.4,7992.15,-1.94657e-5,0.0194555,0.0173674,0.0368229,0.050.050.055000.01.00.001
3.51e7,0.050059,92.5358,-5710.07,0.0,-5046.29,1163.8,-0.250484,8010.17,8009.92,-5.47298e-5,0.0194995,0.0173548,0.0368543,0.050.050.055000.01.00.001
3.52e7,0.0500327,92.408,-5710.09,0.0,-5046.66,1163.19,-0.250547,8034.34,8034.09,-4.10445e-5,0.0194888,0.0173517,0.0368405,0.050.050.055000.01.00.001
3.53e7,0.0500095,92.1739,-5710.42,0.0,-5047.54,1162.65,-0.250638,8058.2,8057.94,3.65881e-5,0.0194537,0.0173659,0.0368196,0.050.050.055000.01.00.001
3.54e7,0.0499927,92.2327,-5710.2,0.0,-5047.41,1162.26,-0.250655,8080.33,8080.08,-3.07047e-5,0.0194546,0.0173556,0.0368102,0.050.050.055000.01.00.001
3.55e7,0.0500566,92.4006,-5710.15,0.0,-5046.68,1163.74,-0.250512,8097.21,8096.96,8.78717e-6,0.0194608,0.0173825,0.0368434,0.050.050.055000.01.00.001
3.56e7,0.049969,92.0403,-5710.75,0.0,-5048.5,1161.7,-0.250761,8120.95,8120.7,2.68444e-5,0.0194211,0.0173668,0.0367879,0.050.050.055000.01.00.001
3.57e7,0.0500129,92.073,-5710.29,0.0,-5047.65,1162.72,-0.25064,8138.17,8137.92,-5.4045e-5,0.01947,0.0173406,0.0368106,0.050.050.055000.01.00.001
3.58e7,0.0500066,92.6667,-5710.27,0.0,-5047.37,1162.58,-0.250632,8159.65,8159.4,0.000106561,0.0194272,0.017362,0.0367892,0.050.050.055000.01.00.001
3.59e7,0.0500465,92.2179,-5708.33,0.0,-5045.11,1163.51,-0.250426,8178.94,8178.69,-0.000146458,0.0194834,0.0173557,0.0368391,0.050.050.055000.01.00.001
3.6e7,0.049976,91.7945,-5708.52,0.0,-5045.72,1161.87,-0.250571,8202.67,8202.42,-0.000129787,0.0194486,0.0173905,0.0368391,0.050.050.055000.01.00.001
3.61e7,0.0500094,92.4771,-5707.7,0.0,-5044.07,1162.64,-0.250415,8219.86,8219.61,0.000134129,0.0194603,0.0173879,0.0368482,0.050.050.055000.01.00.001
3.62e7,0.0499654,92.6293,-5706.1,0.0,-5043.59,1161.62,-0.250449,8242.02,8241.77,0.00015812,0.0194281,0.0173384,0.0367665,0.050.050.055000.01.00.001
3.63e7,0.0500098,92.0892,-5704.38,0.0,-5041.84,1162.65,-0.25027,8261.65,8261.4,7.44966e-5,0.0194466,0.0173568,0.0368034,0.050.050.055000.01.00.001
3.64e7,0.0500058,91.7216,-5704.38,0.0,-5042.17,1162.56,-0.250297,8284.76,8284.51,-0.000103889,0.0194676,0.0173384,0.036806,0.050.050.055000.01.00.001
3.65e7,0.0499437,91.9388,-5705.09,0.0,-5042.98,1161.12,-0.250443,8308.73,8308.48,-2.31392e-5,0.0194155,0.0173695,0.036785,0.050.050.055000.01.00.001
3.66e7,0.0499826,91.8837,-5704.81,0.0,-5042.33,1162.02,-0.250343,8327.88,8327.62,-2.75713e-5,0.0194264,0.017386,0.0368124,0.050.050.055000.01.00.001
3.67e7,0.0499376,91.8548,-5704.53,0.0,-5042.24,1160.98,-0.250404,8351.29,8351.04,-8.48222e-5,0.0194545,0.0173476,0.0368021,0.050.050.055000.01.00.001
3.68e7,0.0500179,92.2734,-5707.51,0.0,-5044.51,1162.84,-0.25043,8372.65,8372.4,-5.05855e-5,0.0194695,0.0173516,0.0368211,0.050.050.055000.01.00.001
3.69e7,0.0499915,91.6684,-5706.15,0.0,-5043.73,1162.23,-0.25042,8394.95,8394.7,-0.000226527,0.0194546,0.0173679,0.0368225,0.050.050.055000.01.00.001
3.7e7,0.0499297,92.2255,-5705.98,0.0,-5043.78,1160.79,-0.250515,8417.66,8417.41,5.93273e-5,0.0194186,0.0173544,0.036773,0.050.050.055000.01.00.001
3.71e7,0.0499856,92.6177,-5705.26,0.0,-5042.77,1162.09,-0.250366,8435.31,8435.06,8.06013e-6,0.0194435,0.0173223,0.0367658,0.050.050.055000.01.00.001
3.72e7,0.049988,92.459,-5705.5,0.0,-5042.32,1162.14,-0.250334,8457.61,8457.36,7.94871e-5,0.0194559,0.0173653,0.0368212,0.050.050.055000.01.00.001
3.73e7,0.0500275,92.6247,-5706.81,0.0,-5043.46,1163.07,-0.250348,8476.69,8476.44,3.34638e-5,0.0194817,0.0173394,0.0368211,0.050.050.055000.01.00.001
3.74e7,0.0500025,92.2259,-5705.8,0.0,-5042.39,1162.48,-0.250317,8496.33,8496.08,-2.17983e-5,0.0194697,0.0173805,0.0368502,0.050.050.055000.01.00.001
3.75e7,0.0499842,91.9033,-5705.5,0.0,-5042.95,1162.06,-0.25038,8520.94,8520.69,-6.72179e-5,0.0194634,0.0173521,0.0368156,0.050.050.055000.01.00.001
3.76e7,0.0499706,91.5507,-5706.78,0.0,-5044.62,1161.74,-0.250508,8543.53,8543.28,-0.00010592,0.0194465,0.017367,0.0368135,0.050.050.055000.01.00.001
3.77e7,0.0500189,92.6073,-5705.99,0.0,-5042.61,1162.87,-0.250306,8563.98,8563.73,0.000146287,0.0194479,0.0173764,0.0368243,0.050.050.055000.01.00.001
3.78e7,0.0500086,91.5908,-5705.47,0.0,-5042.59,1162.62,-0.25032,8588.37,8588.12,-0.000238257,0.0194682,0.017389,0.0368572,0.050.050.055000.01.00.001
3.79e7,0.0500118,91.9226,-5704.17,0.0,-5041.57,1162.7,-0.25025,8610.11,8609.86,-0.000104009,0.0194471,0.0173707,0.0368178,0.050.050.055000.01.00.001
3.8e7,0.0499654,92.2773,-5703.77,0.0,-5040.84,1161.62,-0.250272,8630.82,8630.57,3.52453e-5,0.0194281,0.0173884,0.0368165,0.050.050.055000.01.00.001
3.81e7,0.0499884,91.4197,-5703.42,0.0,-5041.3,1162.16,-0.250267,8650.67,8650.42,-0.000167065,0.0194569,0.0173626,0.0368195,0.050.050.055000.01.00.001
3.82e7,0.0499726,91.9161,-5703.46,0.0,-5040.88,1161.79,-0.250264,8673.31,8673.06,-0.00012525,0.0194461,0.0173706,0.0368168,0.050.050.055000.01.00.001
3.83e7,0.0500808,92.6041,-5702.32,0.0,-5037.64,1164.3,-0.249892,8689.02,8688.77,-5.78021e-5,0.0195053,0.0174031,0.0369084,0.050.050.055000.01.00.001
3.84e7,0.0499724,92.6346,-5701.67,0.0,-5038.33,1161.78,-0.2501,8713.41,8713.16,7.77888e-5,0.0194431,0.0173767,0.0368198,0.050.050.055000.01.00.001
3.85e7,0.0500334,92.858,-5701.53,0.0,-5037.8,1163.2,-0.249974,8731.82,8731.57,0.000169752,0.0194577,0.0173727,0.0368305,0.050.050.055000.01.00.001
3.86e7,0.0500131,91.7811,-5701.71,0.0,-5038.8,1162.73,-0.250069,8754.08,8753.83,-0.000223288,0.0194523,0.0173951,0.0368475,0.050.050.055000.01.00.001
3.87e7,0.050023,91.9058,-5702.28,0.0,-5039.11,1162.96,-0.250074,8773.86,8773.61,-9.93572e-5,0.0194856,0.0173703,0.0368559,0.050.050.055000.01.00.001
3.88e7,0.049977,91.6648,-5703.71,0.0,-5041.33,1161.89,-0.250286,8797.86,8797.61,-0.000157624,0.0194351,0.0173851,0.0368202,0.050.050.055000.01.00.001
3.89e7,0.0500167,91.6339,-5702.13,0.0,-5039.85,1162.81,-0.250131,8817.84,8817.59,-0.000231574,0.0194758,0.0173404,0.0368161,0.050.050.055000.01.00.001
3.9e7,0.0500369,92.1717,-5703.29,0.0,-5039.51,1163.28,-0.250079,8838.33,8838.08,-4.94896e-5,0.0194628,0.0174154,0.0368781,0.050.050.055000.01.00.001
3.91e7,0.0500602,92.0407,-5705.21,0.0,-5041.88,1163.82,-0.250197,8861.74,8861.49,-6.42303e-5,0.0194671,0.01739,0.0368571,0.050.050.055000.01.00.001
3.92e7,0.0499537,91.8902,-5706.06,0.0,-5043.77,1161.35,-0.250479,8887.03,8886.78,-7.67799e-5,0.0194141,0.0173858,0.0367999,0.050.050.055000.01.00.001
3.93e7,0.0500238,91.5221,-5705.78,0.0,-5042.99,1162.98,-0.250324,8906.68,8906.43,-0.000100086,0.0194391,0.0174168,0.0368559,0.050.050.055000.01.00.001
3.94e7,0.0500211,91.4722,-5705.85,0.0,-5043.9,1162.92,-0.250386,8928.29,8928.04,-0.000123457,0.0194532,0.0173518,0.0368049,0.050.050.055000.01.00.001
3.95e7,0.0499972,91.86,-5707.49,0.0,-5045.12,1162.36,-0.250501,8948.79,8948.54,-1.79406e-5,0.0194373,0.0173698,0.0368071,0.050.050.055000.01.00.001
3.96e7,0.0499688,92.0602,-5707.23,0.0,-5044.65,1161.7,-0.250513,8971.01,8970.76,-3.85038e-5,0.0194465,0.0173613,0.0368078,0.050.050.055000.01.00.001
3.97e7,0.0499735,90.8888,-5707.82,0.0,-5046.42,1161.81,-0.25062,8995.45,8995.2,-0.000344702,0.0194545,0.0173528,0.0368073,0.050.050.055000.01.00.001
3.98e7,0.0500207,91.3263,-5707.36,0.0,-5045.27,1162.91,-0.250475,9013.74,9013.49,-0.000366685,0.0194487,0.0173742,0.0368229,0.050.050.055000.01.00.001
3.99e7,0.0499788,91.4471,-5706.28,0.0,-5044.46,1161.93,-0.250486,9037.14,9036.89,-0.000294024,0.0194528,0.0173453,0.0367981,0.050.050.055000.01.00.001
4.0e7,0.0499853,91.6442,-5705.31,0.0,-5043.44,1162.08,-0.25041,9057.64,9057.39,-7.37318e-5,0.0194525,0.0173359,0.0367884,0.050.050.055000.01.00.001
4.01e7,0.0500268,92.1229,-5705.72,0.0,-5042.47,1163.05,-0.250285,9075.46,9075.21,-3.87084e-5,0.0194617,0.0173855,0.0368473,0.050.050.055000.01.00.001
4.02e7,0.0500231,91.7232,-5705.49,0.0,-5042.77,1162.96,-0.25031,9095.75,9095.5,1.7908e-5,0.01946,0.0173783,0.0368383,0.050.050.055000.01.00.001
4.03e7,0.0499447,91.7559,-5706.55,0.0,-5044.63,1161.14,-0.250548,9119.44,9119.19,-0.000211929,0.0194375,0.0173473,0.0367848,0.050.050.055000.01.00.001
4.04e7,0.0499617,91.8859,-5707.72,0.0,-5045.41,1161.54,-0.250573,9140.46,9140.2,-7.77987e-6,0.0194223,0.0173794,0.0368017,0.050.050.055000.01.00.001
4.05e7,0.05,91.3574,-5707.52,0.0,-5045.26,1162.42,-0.250506,9160.14,9159.89,-0.000202801,0.0194534,0.0173789,0.0368322,0.050.050.055000.01.00.001
4.06e7,0.0499737,90.9344,-5708.4,0.0,-5046.47,1161.81,-0.250623,9182.3,9182.05,-0.000392572,0.0194575,0.0173806,0.0368381,0.050.050.055000.01.00.001
4.07e7,0.049968,91.8085,-5709.16,0.0,-5047.52,1161.68,-0.250699,9202.99,9202.74,-1.65696e-5,0.0194361,0.0173269,0.0367629,0.050.050.055000.01.00.001
4.08e7,0.0499708,91.8312,-5707.8,0.0,-5045.91,1161.75,-0.250591,9223.58,9223.33,6.14082e-5,0.0194025,0.0173752,0.0367777,0.050.050.055000.01.00.001
4.09e7,0.0499582,91.901,-5707.7,0.0,-5045.27,1161.45,-0.250569,9244.03,9243.78,5.72514e-6,0.0194412,0.0173672,0.0368085,0.050.050.055000.01.00.001
4.1e7,0.0500409,92.0442,-5707.39,0.0,-5044.12,1163.38,-0.25037,9264.09,9263.84,-1.60228e-6,0.0194898,0.0173634,0.0368532,0.050.050.055000.01.00.001
4.11e7,0.0499761,91.844,-5707.65,0.0,-5045.01,1161.87,-0.250525,9288.48,9288.23,-0.000221459,0.019446,0.0173791,0.0368251,0.050.050.055000.01.00.001
4.12e7,0.0499804,92.4281,-5707.44,0.0,-5044.11,1161.97,-0.25046,9305.94,9305.69,6.27632e-5,0.0194721,0.0173601,0.0368323,0.050.050.055000.01.00.001
4.13e7,0.0499947,91.9204,-5708.08,0.0,-5045.11,1162.3,-0.250504,9326.53,9326.28,-9.71703e-5,0.019477,0.0173649,0.0368418,0.050.050.055000.01.00.001
4.14e7,0.0500503,92.5497,-5707.47,0.0,-5043.7,1163.6,-0.25033,9345.34,9345.09,0.000271506,0.0194732,0.0173795,0.0368527,0.050.050.055000.01.00.001
4.15e7,0.0499559,91.7365,-5707.66,0.0,-5045.96,1161.4,-0.250617,9370.82,9370.57,-5.27304e-5,0.0194382,0.0173335,0.0367717,0.050.050.055000.01.00.001
4.16e7,0.050003,91.2599,-5705.76,0.0,-5043.5,1162.49,-0.250388,9388.29,9388.04,-0.000112901,0.0194639,0.0173746,0.0368385,0.050.050.055000.01.00.001
4.17e7,0.050058,91.5698,-5705.46,0.0,-5043.28,1163.77,-0.250291,9409.81,9409.56,-0.000155987,0.0194501,0.0173633,0.0368134,0.050.050.055000.01.00.001
4.18e7,0.0499388,91.8089,-5705.46,0.0,-5043.84,1161.0,-0.250506,9433.93,9433.68,-0.000136273,0.0194559,0.0173061,0.036762,0.050.050.055000.01.00.001
4.19e7,0.0499657,91.6726,-5705.5,0.0,-5043.79,1161.63,-0.250462,9455.84,9455.59,-6.0716e-5,0.019439,0.0173374,0.0367764,0.050.050.055000.01.00.001
4.2e7,0.0500345,92.0141,-5704.8,0.0,-5041.68,1163.23,-0.250223,9473.66,9473.41,-9.01963e-5,0.0194928,0.0173527,0.0368455,0.050.050.055000.01.00.001
4.21e7,0.0500304,91.8084,-5704.98,0.0,-5041.76,1163.13,-0.250234,9494.83,9494.58,-0.000158047,0.0194878,0.0173773,0.0368651,0.050.050.055000.01.00.001
4.22e7,0.0499972,92.1518,-5705.52,0.0,-5042.52,1162.36,-0.250333,9518.1,9517.85,-6.02961e-6,0.0194502,0.0173791,0.0368293,0.050.050.055000.01.00.001
4.23e7,0.0499842,91.3855,-5705.76,0.0,-5043.98,1162.06,-0.250447,9541.07,9540.82,-0.000166556,0.0194376,0.0173619,0.0367995,0.050.050.055000.01.00.001
4.24e7,0.0499739,92.031,-5705.63,0.0,-5043.04,1161.82,-0.250402,9561.57,9561.32,-2.45323e-5,0.0194392,0.0173704,0.0368096,0.050.050.055000.01.00.001
4.25e7,0.0499686,92.2242,-5705.76,0.0,-5043.39,1161.69,-0.250432,9581.32,9581.07,4.59719e-5,0.0194299,0.0173538,0.0367837,0.050.050.055000.01.00.001
4.26e7,0.0500277,91.6746,-5705.59,0.0,-5043.03,1163.07,-0.25032,9600.4,9600.15,-0.000113269,0.0194511,0.01738,0.0368311,0.050.050.055000.01.00.001
4.27e7,0.0500634,92.1942,-5705.33,0.0,-5041.39,1163.9,-0.250161,9618.47,9618.22,1.99274e-5,0.0194616,0.0174251,0.0368867,0.050.050.055000.01.00.001
4.28e7,0.0500391,92.3078,-5703.44,0.0,-5039.75,1163.33,-0.250091,9640.58,9640.33,2.7789e-5,0.0194422,0.017421,0.0368632,0.050.050.055000.01.00.001
4.29e7,0.0499853,92.037,-5704.13,0.0,-5041.86,1162.08,-0.250308,9664.08,9663.83,-1.162e-6,0.0194432,0.0173462,0.0367894,0.050.050.055000.01.00.001
4.3e7,0.0500465,92.4527,-5704.36,0.0,-5040.92,1163.51,-0.250156,9683.78,9683.53,0.000176023,0.0194518,0.0173861,0.0368379,0.050.050.055000.01.00.001
4.31e7,0.0499708,91.669,-5704.77,0.0,-5042.44,1161.75,-0.250367,9706.63,9706.38,-1.29432e-5,0.0194294,0.0173874,0.0368168,0.050.050.055000.01.00.001
4.32e7,0.0500522,92.6213,-5704.35,0.0,-5041.13,1163.64,-0.25016,9724.01,9723.76,0.000201608,0.0194491,0.0173641,0.0368132,0.050.050.055000.01.00.001
4.33e7,0.0499943,91.4778,-5704.6,0.0,-5042.52,1162.29,-0.250337,9749.45,9749.2,-0.00022452,0.0194509,0.0173626,0.0368134,0.050.050.055000.01.00.001
4.34e7,0.0500413,91.8835,-5704.47,0.0,-5041.58,1163.38,-0.250206,9769.44,9769.19,-0.000125151,0.0194552,0.0173836,0.0368389,0.050.050.055000.01.00.001
4.35e7,0.0499892,91.4544,-5704.78,0.0,-5042.72,1162.18,-0.250358,9792.91,9792.66,-9.89265e-5,0.0194197,0.0173934,0.0368131,0.050.050.055000.01.00.001
4.36e7,0.0500056,91.6674,-5703.79,0.0,-5041.43,1162.55,-0.25025,9810.11,9809.85,-7.93631e-5,0.0194236,0.0173955,0.0368191,0.050.050.055000.01.00.001
4.37e7,0.0500015,90.9625,-5702.13,0.0,-5040.89,1162.46,-0.250221,9832.83,9832.58,-0.000404077,0.0194526,0.0173394,0.036792,0.050.050.055000.01.00.001
4.38e7,0.0500817,91.3611,-5700.47,0.0,-5038.11,1164.32,-0.249921,9852.32,9852.07,-0.000109292,0.0194579,0.0173808,0.0368388,0.050.050.055000.01.00.001
4.39e7,0.0499782,91.4307,-5700.28,0.0,-5038.55,1161.92,-0.250105,9876.83,9876.58,-6.05822e-6,0.0194191,0.0173748,0.0367939,0.050.050.055000.01.00.001
4.4e7,0.05,91.673,-5698.86,0.0,-5036.64,1162.43,-0.249949,9895.24,9894.99,2.78978e-5,0.0194162,0.0173936,0.0368098,0.050.050.055000.01.00.001
4.41e7,0.0500025,91.2693,-5700.86,0.0,-5038.73,1162.48,-0.25008,9917.9,9917.65,-0.000151013,0.0194396,0.0173904,0.03683,0.050.050.055000.01.00.001
4.42e7,0.0500403,91.0749,-5702.56,0.0,-5040.62,1163.36,-0.250146,9940.34,9940.09,-0.000273592,0.0194468,0.0173835,0.0368303,0.050.050.055000.01.00.001
4.43e7,0.0499941,91.2459,-5702.93,0.0,-5041.07,1162.29,-0.250244,9961.78,9961.53,-0.000118594,0.019444,0.0173699,0.0368139,0.050.050.055000.01.00.001
4.44e7,0.0500127,91.788,-5702.66,0.0,-5040.52,1162.72,-0.25018,9982.06,9981.81,-6.22732e-5,0.0194453,0.0173519,0.0367973,0.050.050.055000.01.00.001
4.45e7,0.0500434,91.279,-5702.42,0.0,-5040.34,1163.43,-0.250123,10004.0,10003.7,-0.000213784,0.0194563,0.0173697,0.0368259,0.050.050.055000.01.00.001
4.46e7,0.0500077,91.1731,-5702.76,0.0,-5040.7,1162.6,-0.250199,10028.0,10027.7,-0.000220546,0.0194477,0.0173842,0.0368319,0.050.050.055000.01.00.001
4.47e7,0.0499468,91.76,-5702.93,0.0,-5041.66,1161.19,-0.250353,10050.9,10050.6,7.70897e-5,0.0194121,0.0173303,0.0367425,0.050.050.055000.01.00.001
4.48e7,0.0500629,90.7404,-5702.78,0.0,-5041.0,1163.89,-0.250136,10068.3,10068.1,-0.00040068,0.01945,0.0173912,0.0368413,0.050.050.055000.01.00.001
4.49e7,0.0500144,91.6044,-5701.91,0.0,-5040.02,1162.76,-0.250146,10090.3,10090.1,-5.90444e-5,0.0194362,0.0173562,0.0367923,0.050.050.055000.01.00.001
4.5e7,0.0499975,91.7071,-5702.36,0.0,-5040.35,1162.37,-0.250192,10112.5,10112.2,3.09018e-5,0.0194335,0.0173603,0.0367938,0.050.050.055000.01.00.001
4.51e7,0.050086,91.5377,-5702.43,0.0,-5038.81,1164.42,-0.24996,10130.6,10130.3,-2.62168e-5,0.0194476,0.0174611,0.0369087,0.050.050.055000.01.00.001
4.52e7,0.0499898,91.1272,-5702.87,0.0,-5041.03,1162.19,-0.250248,10154.2,10154.0,-0.000194318,0.0194336,0.0173868,0.0368204,0.050.050.055000.01.00.001
4.53e7,0.0500264,91.4986,-5703.42,0.0,-5040.94,1163.04,-0.250187,10173.8,10173.5,-1.69213e-5,0.0194358,0.0174014,0.0368372,0.050.050.055000.01.00.001
4.54e7,0.0500165,91.445,-5704.79,0.0,-5042.33,1162.81,-0.250292,10195.2,10194.9,-1.52595e-5,0.019446,0.0173939,0.03684,0.050.050.055000.01.00.001
4.55e7,0.0500466,91.6811,-5705.08,0.0,-5042.6,1163.51,-0.250264,10214.7,10214.4,-0.000233235,0.0194646,0.0173611,0.0368257,0.050.050.055000.01.00.001
4.56e7,0.050011,91.657,-5706.69,0.0,-5044.0,1162.68,-0.250408,10237.0,10236.7,-0.000179839,0.0194541,0.0173865,0.0368407,0.050.050.055000.01.00.001
4.57e7,0.0499822,91.965,-5706.46,0.0,-5044.09,1162.01,-0.250456,10258.0,10257.7,8.97959e-6,0.0194467,0.0173541,0.0368008,0.050.050.055000.01.00.001
4.58e7,0.0500086,91.4503,-5706.33,0.0,-5044.16,1162.63,-0.250421,10280.1,10279.9,-0.00015125,0.0194549,0.0173657,0.0368206,0.050.050.055000.01.00.001
4.59e7,0.0499959,91.4512,-5706.67,0.0,-5044.43,1162.33,-0.250458,10302.3,10302.0,-0.00021109,0.0194475,0.0173774,0.0368249,0.050.050.055000.01.00.001
4.6e7,0.0500485,92.2095,-5706.53,0.0,-5043.68,1163.55,-0.250331,10320.8,10320.5,-3.08434e-5,0.0194535,0.0173618,0.0368153,0.050.050.055000.01.00.001
4.61e7,0.049999,92.3016,-5706.57,0.0,-5043.86,1162.4,-0.250417,10341.6,10341.3,0.000102948,0.019429,0.017371,0.0368,0.050.050.055000.01.00.001
4.62e7,0.0500172,92.1201,-5706.48,0.0,-5044.21,1162.82,-0.250412,10361.4,10361.2,-2.26422e-5,0.0194521,0.0173323,0.0367844,0.050.050.055000.01.00.001
4.63e7,0.05001,92.2416,-5704.57,0.0,-5041.23,1162.66,-0.25023,10379.8,10379.6,2.17468e-5,0.0194466,0.0173984,0.036845,0.050.050.055000.01.00.001
4.64e7,0.0500001,91.7699,-5707.47,0.0,-5044.83,1162.43,-0.250478,10403.5,10403.2,-0.00014802,0.0194572,0.0173729,0.0368301,0.050.050.055000.01.00.001
4.65e7,0.0500029,92.2516,-5710.62,0.0,-5047.71,1162.49,-0.250659,10425.4,10425.1,5.19108e-6,0.0194445,0.0173723,0.0368169,0.050.050.055000.01.00.001
4.66e7,0.0500134,92.3397,-5711.2,0.0,-5048.27,1162.74,-0.250679,10445.0,10444.8,8.9544e-5,0.0194591,0.0173533,0.0368124,0.050.050.055000.01.00.001
4.67e7,0.0500604,92.4699,-5711.07,0.0,-5047.99,1163.83,-0.250591,10462.9,10462.7,0.000152167,0.0194639,0.0173493,0.0368132,0.050.050.055000.01.00.001
4.68e7,0.0499888,91.4297,-5711.29,0.0,-5049.1,1162.17,-0.25077,10487.0,10486.7,-0.000310532,0.0194713,0.0173518,0.0368231,0.050.050.055000.01.00.001
4.69e7,0.0499647,92.5666,-5711.15,0.0,-5048.43,1161.6,-0.250763,10509.6,10509.4,9.03991e-5,0.0194471,0.0173372,0.0367843,0.050.050.055000.01.00.001
4.7e7,0.0500034,92.7118,-5711.26,0.0,-5048.02,1162.5,-0.250678,10529.6,10529.4,0.000195239,0.0194614,0.0173471,0.0368085,0.050.050.055000.01.00.001
4.71e7,0.0500271,91.5352,-5711.29,0.0,-5048.35,1163.06,-0.250664,10550.1,10549.9,-0.000316988,0.0194485,0.0174161,0.0368646,0.050.050.055000.01.00.001
4.72e7,0.0500364,91.4162,-5712.19,0.0,-5050.08,1163.27,-0.250762,10570.1,10569.8,-0.000169427,0.0194588,0.0173601,0.0368189,0.050.050.055000.01.00.001
4.73e7,0.0499503,91.7019,-5711.06,0.0,-5049.27,1161.27,-0.250839,10590.2,10589.9,-0.000195874,0.0194496,0.01733,0.0367796,0.050.050.055000.01.00.001
4.74e7,0.0500453,92.1418,-5710.42,0.0,-5047.77,1163.48,-0.250599,10607.7,10607.5,5.13083e-5,0.0194697,0.0173372,0.0368069,0.050.050.055000.01.00.001
4.75e7,0.0500321,91.505,-5709.15,0.0,-5046.77,1163.17,-0.250555,10631.5,10631.3,-0.000184908,0.0194615,0.017369,0.0368306,0.050.050.055000.01.00.001
4.76e7,0.0500192,91.3989,-5708.51,0.0,-5046.17,1162.87,-0.250536,10654.0,10653.8,-0.000241639,0.0194422,0.0173924,0.0368345,0.050.050.055000.01.00.001
4.77e7,0.0500238,91.1851,-5706.84,0.0,-5044.48,1162.98,-0.250419,10671.8,10671.5,-0.000209334,0.0194293,0.0174211,0.0368504,0.050.050.055000.01.00.001
4.78e7,0.0499437,91.8679,-5708.15,0.0,-5046.01,1161.12,-0.250639,10695.7,10695.4,-4.94066e-5,0.0194352,0.0173567,0.0367918,0.050.050.055000.01.00.001
4.79e7,0.0500141,91.4985,-5709.23,0.0,-5046.81,1162.75,-0.250584,10716.2,10716.0,-0.000214532,0.0194505,0.0173836,0.0368341,0.050.050.055000.01.00.001
4.8e7,0.049991,91.5537,-5710.52,0.0,-5047.77,1162.22,-0.250681,10737.9,10737.7,-0.000250481,0.0194342,0.0174167,0.0368509,0.050.050.055000.01.00.001
4.81e7,0.0500232,92.5853,-5710.99,0.0,-5047.1,1162.97,-0.25059,10757.0,10756.8,0.000110928,0.0194654,0.0173926,0.0368581,0.050.050.055000.01.00.001
4.82e7,0.0499922,91.8666,-5712.68,0.0,-5050.02,1162.24,-0.250824,10780.7,10780.5,-0.000219038,0.0194692,0.0173561,0.0368253,0.050.050.055000.01.00.001
4.83e7,0.0500077,91.5886,-5713.98,0.0,-5051.19,1162.6,-0.250877,10803.8,10803.5,-7.05747e-5,0.0194518,0.0173998,0.0368516,0.050.050.055000.01.00.001
4.84e7,0.0500196,91.2588,-5717.23,0.0,-5055.04,1162.88,-0.251107,10828.7,10828.5,-0.000291119,0.0194597,0.0173746,0.0368343,0.050.050.055000.01.00.001
4.85e7,0.0500476,91.6535,-5717.32,0.0,-5054.25,1163.53,-0.251014,10850.2,10849.9,-0.000251445,0.019453,0.0174126,0.0368656,0.050.050.055000.01.00.001
4.86e7,0.0499998,92.0052,-5717.15,0.0,-5054.3,1162.42,-0.251089,10873.7,10873.5,-3.4654e-5,0.0194435,0.017385,0.0368285,0.050.050.055000.01.00.001
4.87e7,0.0500259,91.687,-5717.17,0.0,-5054.2,1163.03,-0.251044,10894.8,10894.5,-0.000204796,0.019465,0.0173918,0.0368568,0.050.050.055000.01.00.001
4.88e7,0.050008,91.8841,-5717.08,0.0,-5054.15,1162.61,-0.251067,10915.6,10915.4,-0.000183491,0.0194694,0.0173727,0.0368421,0.050.050.055000.01.00.001
4.89e7,0.0500168,92.0919,-5717.04,0.0,-5053.64,1162.82,-0.251021,10936.0,10935.7,-5.16221e-5,0.0194728,0.0173859,0.0368587,0.050.050.055000.01.00.001
4.9e7,0.0500176,92.2996,-5718.45,0.0,-5054.49,1162.83,-0.251075,10956.4,10956.1,-9.8141e-5,0.0194825,0.0173989,0.0368814,0.050.050.055000.01.00.001
4.91e7,0.050036,92.2692,-5718.96,0.0,-5055.62,1163.26,-0.25112,10978.1,10977.8,-8.64847e-5,0.0194681,0.0173754,0.0368434,0.050.050.055000.01.00.001
4.92e7,0.050031,92.3596,-5718.86,0.0,-5055.47,1163.15,-0.251118,11000.1,10999.9,-2.98267e-6,0.0194735,0.0173673,0.0368408,0.050.050.055000.01.00.001
4.93e7,0.0500111,92.042,-5719.1,0.0,-5056.38,1162.68,-0.251206,11023.4,11023.2,-0.00018891,0.0194678,0.01735,0.0368178,0.050.050.055000.01.00.001
4.94e7,0.0500028,92.6784,-5718.95,0.0,-5055.37,1162.49,-0.251154,11044.4,11044.1,3.15354e-5,0.0194866,0.0173458,0.0368323,0.050.050.055000.01.00.001
4.95e7,0.0500028,92.3359,-5717.62,0.0,-5054.9,1162.49,-0.251123,11066.0,11065.7,-0.000121172,0.0194617,0.0173372,0.036799,0.050.050.055000.01.00.001
4.96e7,0.0500244,92.3379,-5717.15,0.0,-5054.21,1162.99,-0.251046,11086.9,11086.6,-9.34507e-5,0.0194612,0.0173522,0.0368135,0.050.050.055000.01.00.001
4.97e7,0.0500149,91.8416,-5717.05,0.0,-5054.05,1162.77,-0.25105,11107.0,11106.8,-0.000188005,0.0194556,0.0173929,0.0368486,0.050.050.055000.01.00.001
4.98e7,0.050004,92.307,-5717.1,0.0,-5054.18,1162.52,-0.251075,11126.3,11126.0,-9.91302e-6,0.0194663,0.0173476,0.0368139,0.050.050.055000.01.00.001
4.99e7,0.0500505,92.6889,-5718.55,0.0,-5054.27,1163.6,-0.251011,11145.3,11145.0,8.80804e-5,0.0194872,0.0173899,0.0368771,0.050.050.055000.01.00.001
5.0e7,0.0500205,92.3349,-5717.32,0.0,-5053.88,1162.9,-0.251031,11167.7,11167.5,-0.000143738,0.0194567,0.0173886,0.0368453,0.050.050.055000.01.00.001
5.01e7,0.0499589,92.2069,-5718.95,0.0,-5056.51,1161.47,-0.251293,11192.0,11191.7,-0.000138423,0.0194613,0.0173279,0.0367891,0.050.050.055000.01.00.001
5.02e7,0.0499282,92.0048,-5717.93,0.0,-5055.74,1160.76,-0.251289,11214.0,11213.7,-8.69581e-5,0.0194319,0.0173545,0.0367864,0.050.050.055000.01.00.001
5.03e7,0.0500538,91.928,-5716.94,0.0,-5053.76,1163.68,-0.250973,11231.8,11231.5,-0.000234821,0.0194984,0.0173568,0.0368552,0.050.050.055000.01.00.001
5.04e7,0.0500409,92.8005,-5716.85,0.0,-5052.94,1163.38,-0.25094,11253.4,11253.1,2.87426e-5,0.0194707,0.0173747,0.0368454,0.050.050.055000.01.00.001
5.05e7,0.050025,92.4465,-5716.79,0.0,-5052.59,1163.01,-0.250941,11272.4,11272.2,1.7166e-5,0.019493,0.0173947,0.0368877,0.050.050.055000.01.00.001
5.06e7,0.050006,92.4238,-5717.26,0.0,-5054.07,1162.57,-0.251065,11293.3,11293.0,4.56914e-6,0.0194459,0.0173778,0.0368237,0.050.050.055000.01.00.001
5.07e7,0.0500067,92.9994,-5716.7,0.0,-5052.38,1162.58,-0.250955,11313.6,11313.3,0.000146724,0.0195011,0.0173582,0.0368593,0.050.050.055000.01.00.001
5.08e7,0.0499865,92.9523,-5717.22,0.0,-5053.43,1162.11,-0.251053,11337.7,11337.5,0.000210512,0.0194552,0.0173731,0.0368283,0.050.050.055000.01.00.001
5.09e7,0.0500086,92.4929,-5717.05,0.0,-5053.45,1162.63,-0.251021,11358.7,11358.4,5.21826e-5,0.0194832,0.0173629,0.0368461,0.050.050.055000.01.00.001
5.1e7,0.0499997,92.6644,-5717.45,0.0,-5053.97,1162.42,-0.251068,11382.4,11382.2,1.68939e-5,0.0194672,0.0173595,0.0368267,0.050.050.055000.01.00.001
5.11e7,0.0500711,91.8788,-5716.71,0.0,-5052.87,1164.08,-0.25089,11400.5,11400.2,-0.00018166,0.0195134,0.0173872,0.0369006,0.050.050.055000.01.00.001
5.12e7,0.0500544,92.5679,-5715.85,0.0,-5051.94,1163.69,-0.250855,11424.1,11423.8,1.28683e-5,0.0194918,0.0173692,0.036861,0.050.050.055000.01.00.001
5.13e7,0.0500229,91.8385,-5714.26,0.0,-5051.34,1162.96,-0.250864,11445.7,11445.4,-0.000186659,0.0194664,0.017377,0.0368434,0.050.050.055000.01.00.001
5.14e7,0.0500146,91.7712,-5713.97,0.0,-5051.24,1162.76,-0.25087,11467.2,11466.9,-0.000258791,0.0194588,0.0173772,0.036836,0.050.050.055000.01.00.001
5.15e7,0.0500364,92.2558,-5714.95,0.0,-5051.03,1163.27,-0.250823,11488.6,11488.4,-0.000117697,0.0194809,0.0174008,0.0368817,0.050.050.055000.01.00.001
5.16e7,0.0500461,91.834,-5715.96,0.0,-5052.59,1163.5,-0.250909,11512.9,11512.7,-0.000250824,0.0194806,0.0173926,0.0368732,0.050.050.055000.01.00.001
5.17e7,0.0499513,91.2671,-5716.18,0.0,-5054.76,1161.29,-0.251191,11538.9,11538.7,-0.00040303,0.0194495,0.0173346,0.0367841,0.050.050.055000.01.00.001
5.18e7,0.0500089,91.6864,-5717.06,0.0,-5054.4,1162.63,-0.251082,11555.6,11555.4,-0.000307247,0.0194505,0.0173864,0.0368369,0.050.050.055000.01.00.001
5.19e7,0.0500103,91.4687,-5718.04,0.0,-5055.02,1162.66,-0.25112,11574.7,11574.5,-0.000328243,0.0194819,0.0173922,0.0368741,0.050.050.055000.01.00.001
5.2e7,0.0499805,92.2739,-5717.44,0.0,-5054.56,1161.97,-0.251135,11597.9,11597.7,-2.44775e-6,0.0194528,0.0173609,0.0368137,0.050.050.055000.01.00.001
5.21e7,0.0499686,91.3655,-5716.58,0.0,-5055.09,1161.69,-0.251187,11620.7,11620.5,-0.000352776,0.0194326,0.0173496,0.0367822,0.050.050.055000.01.00.001
5.22e7,0.0500603,91.5017,-5714.15,0.0,-5051.04,1163.83,-0.250788,11635.9,11635.7,-0.000411826,0.0194844,0.017394,0.0368784,0.050.050.055000.01.00.001
5.23e7,0.0500415,92.3197,-5710.6,0.0,-5047.49,1163.39,-0.250587,11655.3,11655.1,5.10634e-5,0.0194642,0.0173614,0.0368256,0.050.050.055000.01.00.001
5.24e7,0.0499666,91.9906,-5714.28,0.0,-5051.36,1161.65,-0.250949,11679.1,11678.8,-8.33733e-5,0.0194682,0.017366,0.0368342,0.050.050.055000.01.00.001
5.25e7,0.0499551,91.7165,-5714.83,0.0,-5053.11,1161.38,-0.25108,11700.2,11700.0,-0.000106616,0.0194285,0.0173458,0.0367743,0.050.050.055000.01.00.001
5.26e7,0.0500022,92.1288,-5714.15,0.0,-5051.53,1162.48,-0.250906,11717.4,11717.2,-9.50058e-5,0.0194712,0.0173352,0.0368063,0.050.050.055000.01.00.001
5.27e7,0.0499907,91.4743,-5713.95,0.0,-5051.74,1162.21,-0.250938,11738.5,11738.3,-0.000313418,0.0194782,0.0173436,0.0368218,0.050.050.055000.01.00.001
5.28e7,0.0499993,91.9212,-5714.08,0.0,-5051.1,1162.41,-0.250883,11760.4,11760.1,-0.00012603,0.0194762,0.0173661,0.0368423,0.050.050.055000.01.00.001
5.29e7,0.0500316,91.8967,-5712.27,0.0,-5049.78,1163.16,-0.250749,11780.7,11780.5,-0.000129658,0.0194804,0.0173323,0.0368127,0.050.050.055000.01.00.001
5.3e7,0.0499631,91.4714,-5712.21,0.0,-5051.14,1161.57,-0.25094,11804.3,11804.0,-0.000279334,0.0194332,0.0173153,0.0367485,0.050.050.055000.01.00.001
5.31e7,0.0499655,91.4166,-5714.15,0.0,-5052.66,1161.62,-0.251035,11826.3,11826.1,-0.000365546,0.0194387,0.01734,0.0367787,0.050.050.055000.01.00.001
5.32e7,0.0499816,91.9028,-5711.64,0.0,-5049.43,1162.0,-0.250802,11846.4,11846.1,-9.51037e-5,0.0194408,0.0173532,0.036794,0.050.050.055000.01.00.001
5.33e7,0.049949,91.1301,-5708.78,0.0,-5047.53,1161.24,-0.250729,11870.6,11870.3,-0.000219719,0.0194287,0.0173531,0.0367818,0.050.050.055000.01.00.001
5.34e7,0.0499738,91.6054,-5708.57,0.0,-5047.04,1161.82,-0.250659,11891.6,11891.3,-0.000146205,0.0194327,0.0173369,0.0367697,0.050.050.055000.01.00.001
5.35e7,0.0500245,91.804,-5708.01,0.0,-5044.77,1162.99,-0.250437,11908.1,11907.8,-8.6605e-5,0.0194571,0.0174101,0.0368672,0.050.050.055000.01.00.001
5.36e7,0.0500022,92.3223,-5706.42,0.0,-5042.86,1162.47,-0.250348,11929.8,11929.5,8.96076e-5,0.0194389,0.0174151,0.036854,0.050.050.055000.01.00.001
5.37e7,0.0500322,91.8273,-5706.32,0.0,-5043.33,1163.17,-0.250333,11951.5,11951.3,-6.97488e-5,0.0194667,0.0173826,0.0368493,0.050.050.055000.01.00.001
5.38e7,0.0499623,91.8117,-5708.61,0.0,-5046.71,1161.55,-0.250656,11975.3,11975.1,2.68162e-5,0.0194151,0.0173644,0.0367795,0.050.050.055000.01.00.001
5.39e7,0.0500421,92.5335,-5710.37,0.0,-5047.16,1163.4,-0.250565,11992.7,11992.4,0.000117984,0.0194483,0.0173694,0.0368177,0.050.050.055000.01.00.001
5.4e7,0.0499922,91.9242,-5710.57,0.0,-5047.59,1162.24,-0.250668,12014.1,12013.8,-7.09559e-5,0.0194429,0.0173997,0.0368426,0.050.050.055000.01.00.001
5.41e7,0.0499987,92.2874,-5710.39,0.0,-5047.44,1162.39,-0.250648,12035.6,12035.3,9.65841e-5,0.019435,0.0173821,0.0368171,0.050.050.055000.01.00.001
5.42e7,0.0499716,91.8818,-5712.3,0.0,-5050.3,1161.76,-0.250873,12060.2,12060.0,-0.000152797,0.019455,0.017327,0.0367821,0.050.050.055000.01.00.001
5.43e7,0.050053,92.5554,-5712.26,0.0,-5048.64,1163.66,-0.250644,12078.6,12078.4,0.000163603,0.0194622,0.0173807,0.036843,0.050.050.055000.01.00.001
5.44e7,0.0499433,92.5778,-5712.44,0.0,-5049.34,1161.11,-0.250854,12101.2,12101.0,0.000142934,0.0194371,0.0173709,0.036808,0.050.050.055000.01.00.001
5.45e7,0.0500595,91.9613,-5713.77,0.0,-5050.27,1163.81,-0.25074,12119.4,12119.1,-0.000153005,0.0194983,0.0173748,0.0368731,0.050.050.055000.01.00.001
5.46e7,0.0500077,91.8241,-5716.02,0.0,-5053.02,1162.6,-0.250994,12144.1,12143.9,-0.000160332,0.019466,0.0173845,0.0368505,0.050.050.055000.01.00.001
5.47e7,0.0500089,92.3807,-5716.19,0.0,-5052.82,1162.63,-0.25098,12165.0,12164.8,6.36939e-5,0.0194417,0.0173964,0.0368382,0.050.050.055000.01.00.001
5.48e7,0.0500046,91.5552,-5716.25,0.0,-5054.16,1162.53,-0.251073,12187.1,12186.8,-0.000312746,0.019457,0.0173515,0.0368085,0.050.050.055000.01.00.001
5.49e7,0.0500502,92.0629,-5716.16,0.0,-5052.94,1163.59,-0.250926,12207.4,12207.1,-0.000164549,0.019476,0.0173729,0.0368488,0.050.050.055000.01.00.001
5.5e7,0.0499644,92.6472,-5717.42,0.0,-5054.18,1161.6,-0.251134,12230.9,12230.6,2.13192e-5,0.019433,0.0173792,0.0368122,0.050.050.055000.01.00.001
5.51e7,0.0500388,92.3191,-5718.94,0.0,-5054.98,1163.33,-0.251074,12250.3,12250.1,7.53206e-6,0.0194796,0.0174004,0.03688,0.050.050.055000.01.00.001
5.52e7,0.0500009,92.175,-5720.1,0.0,-5057.05,1162.45,-0.251265,12274.4,12274.1,4.52594e-5,0.0194428,0.0173872,0.03683,0.050.050.055000.01.00.001
5.53e7,0.0499989,91.6369,-5721.78,0.0,-5058.87,1162.4,-0.251385,12296.7,12296.4,-0.000120882,0.0194723,0.0173837,0.036856,0.050.050.055000.01.00.001
5.54e7,0.0500349,92.2173,-5721.56,0.0,-5057.87,1163.24,-0.251267,12316.5,12316.3,-0.000173595,0.0194954,0.0173736,0.0368691,0.050.050.055000.01.00.001
5.55e7,0.0499356,91.8241,-5720.24,0.0,-5058.45,1160.93,-0.251453,12341.5,12341.3,-0.000231013,0.0194365,0.0173357,0.0367722,0.050.050.055000.01.00.001
5.56e7,0.0499982,92.4372,-5720.05,0.0,-5056.35,1162.38,-0.251224,12361.0,12360.7,-6.52381e-5,0.0194614,0.017394,0.0368554,0.050.050.055000.01.00.001
5.57e7,0.0500292,92.3471,-5719.85,0.0,-5055.4,1163.1,-0.251116,12379.9,12379.6,-0.000218482,0.019495,0.0174148,0.0369098,0.050.050.055000.01.00.001
5.58e7,0.0500094,92.6859,-5718.85,0.0,-5055.61,1162.64,-0.251159,12402.2,12402.0,8.79201e-5,0.019457,0.0173534,0.0368104,0.050.050.055000.01.00.001
5.59e7,0.0500474,92.4175,-5717.82,0.0,-5053.73,1163.53,-0.250981,12420.8,12420.6,-4.60161e-5,0.0195019,0.0173803,0.0368822,0.050.050.055000.01.00.001
5.6e7,0.0500301,91.7807,-5717.88,0.0,-5054.27,1163.12,-0.251042,12441.9,12441.6,-0.000235293,0.0194781,0.0174143,0.0368924,0.050.050.055000.01.00.001
5.61e7,0.0500427,91.9835,-5717.81,0.0,-5054.23,1163.42,-0.25102,12460.5,12460.3,-0.000118943,0.0194814,0.0173961,0.0368775,0.050.050.055000.01.00.001
5.62e7,0.0499208,91.4598,-5717.69,0.0,-5056.17,1160.58,-0.251328,12487.5,12487.2,-0.000249434,0.0194162,0.0173614,0.0367776,0.050.050.055000.01.00.001
5.63e7,0.0500161,91.6427,-5715.96,0.0,-5053.51,1162.8,-0.251014,12504.7,12504.5,-0.000172799,0.0194674,0.0173589,0.0368263,0.050.050.055000.01.00.001
5.64e7,0.05,92.1337,-5715.59,0.0,-5052.12,1162.43,-0.250948,12524.9,12524.7,-0.000105607,0.0194528,0.0174078,0.0368606,0.050.050.055000.01.00.001
5.65e7,0.0499992,91.6161,-5714.5,0.0,-5052.26,1162.41,-0.250958,12545.3,12545.1,-0.000151483,0.0194353,0.0173794,0.0368147,0.050.050.055000.01.00.001
5.66e7,0.0500319,91.9806,-5714.2,0.0,-5050.82,1163.17,-0.250817,12563.3,12563.0,-7.30139e-5,0.0194983,0.017366,0.0368644,0.050.050.055000.01.00.001
5.67e7,0.0500731,92.1617,-5717.17,0.0,-5053.16,1164.12,-0.250905,12583.7,12583.4,-8.38804e-5,0.0194915,0.0174023,0.0368937,0.050.050.055000.01.00.001
5.68e7,0.0500045,91.5287,-5720.08,0.0,-5057.09,1162.53,-0.251262,12609.9,12609.7,-0.000240703,0.0194738,0.0173942,0.036868,0.050.050.055000.01.00.001
5.69e7,0.050015,91.9079,-5720.12,0.0,-5056.9,1162.77,-0.251234,12630.8,12630.6,-0.000229119,0.0194772,0.0173814,0.0368586,0.050.050.055000.01.00.001
5.7e7,0.0500072,92.0697,-5719.98,0.0,-5057.24,1162.59,-0.251268,12650.8,12650.5,-0.000162378,0.0194569,0.0173605,0.0368174,0.050.050.055000.01.00.001
5.71e7,0.0499915,91.7703,-5718.96,0.0,-5056.28,1162.23,-0.25123,12672.9,12672.7,8.20038e-6,0.0194556,0.0173773,0.0368329,0.050.050.055000.01.00.001
5.72e7,0.0499907,92.1852,-5719.94,0.0,-5057.42,1162.21,-0.251304,12694.2,12694.0,-1.22656e-5,0.0194602,0.0173359,0.0367961,0.050.050.055000.01.00.001
5.73e7,0.0500219,92.3967,-5719.92,0.0,-5056.84,1162.93,-0.25122,12714.5,12714.2,-0.00014534,0.0194629,0.0173554,0.0368184,0.050.050.055000.01.00.001
5.74e7,0.0500283,92.7814,-5719.57,0.0,-5055.35,1163.08,-0.251114,12736.4,12736.1,-5.59143e-5,0.0195031,0.017364,0.0368671,0.050.050.055000.01.00.001
5.75e7,0.0500128,92.7611,-5721.16,0.0,-5056.84,1162.72,-0.251233,12760.8,12760.6,-8.79069e-5,0.0195076,0.0173674,0.0368751,0.050.050.055000.01.00.001
5.76e7,0.0500471,92.4588,-5721.87,0.0,-5057.95,1163.52,-0.251254,12782.7,12782.4,-3.05665e-5,0.0194764,0.0173919,0.0368683,0.050.050.055000.01.00.001
5.77e7,0.0500139,91.8758,-5721.86,0.0,-5058.17,1162.75,-0.251317,12805.3,12805.1,-0.000406377,0.0194888,0.017403,0.0368918,0.050.050.055000.01.00.001
5.78e7,0.0499497,92.2741,-5722.87,0.0,-5059.9,1161.26,-0.251526,12830.8,12830.6,-0.000147997,0.0194562,0.0173628,0.036819,0.050.050.055000.01.00.001
5.79e7,0.0500413,92.2507,-5725.43,0.0,-5061.4,1163.38,-0.251485,12850.3,12850.0,-0.000192103,0.0195079,0.0173811,0.0368889,0.050.050.055000.01.00.001
5.8e7,0.0499975,92.267,-5725.99,0.0,-5062.13,1162.37,-0.251598,12876.0,12875.8,-0.000177947,0.0194705,0.0174061,0.0368766,0.050.050.055000.01.00.001
5.81e7,0.050038,91.832,-5724.2,0.0,-5060.85,1163.31,-0.251454,12897.2,12896.9,-0.000280272,0.0194813,0.0173904,0.0368717,0.050.050.055000.01.00.001
5.82e7,0.0499985,91.4761,-5724.11,0.0,-5061.94,1162.39,-0.251584,12920.0,12919.8,-0.000374155,0.0194826,0.0173363,0.0368189,0.050.050.055000.01.00.001
5.83e7,0.0500582,92.1723,-5724.45,0.0,-5060.02,1163.78,-0.251371,12937.5,12937.3,-0.000260455,0.0194994,0.0174204,0.0369198,0.050.050.055000.01.00.001
5.84e7,0.0499594,92.1811,-5726.2,0.0,-5063.29,1161.48,-0.25173,12962.7,12962.5,-0.000255912,0.0194765,0.017345,0.0368215,0.050.050.055000.01.00.001
5.85e7,0.0499716,92.0061,-5722.8,0.0,-5060.41,1161.77,-0.251526,12979.6,12979.4,-0.000240582,0.0194472,0.0173518,0.0367991,0.050.050.055000.01.00.001
5.86e7,0.0500716,91.8869,-5721.05,0.0,-5057.42,1164.09,-0.251183,12995.3,12995.0,-0.000229597,0.0194822,0.0174045,0.0368867,0.050.050.055000.01.00.001
5.87e7,0.0500169,92.232,-5719.33,0.0,-5056.05,1162.82,-0.251176,13015.8,13015.5,-1.32558e-5,0.0194833,0.0173582,0.0368414,0.050.050.055000.01.00.001
5.88e7,0.0499606,92.036,-5718.88,0.0,-5056.62,1161.51,-0.251297,13037.0,13036.8,-0.000104076,0.0194594,0.0173289,0.0367884,0.050.050.055000.01.00.001
5.89e7,0.0499824,91.6595,-5719.22,0.0,-5056.52,1162.02,-0.251258,13057.1,13056.8,-0.000347315,0.0194657,0.0173753,0.0368411,0.050.050.055000.01.00.001
5.9e7,0.0499417,92.2931,-5718.72,0.0,-5056.32,1161.07,-0.251307,13079.1,13078.9,-8.52503e-5,0.0194364,0.0173444,0.0367808,0.050.050.055000.01.00.001
5.91e7,0.0500184,92.3257,-5717.19,0.0,-5053.77,1162.85,-0.251027,13096.7,13096.4,-5.28783e-5,0.0194848,0.0173598,0.0368446,0.050.050.055000.01.00.001
5.92e7,0.0500718,91.3955,-5717.06,0.0,-5053.68,1164.09,-0.250941,13116.5,13116.2,-0.000285822,0.0194763,0.0174263,0.0369026,0.050.050.055000.01.00.001
5.93e7,0.0500685,91.8038,-5716.51,0.0,-5052.95,1164.02,-0.250899,13137.5,13137.2,-0.000258561,0.0195049,0.017383,0.0368879,0.050.050.055000.01.00.001
5.94e7,0.0499598,91.6195,-5717.22,0.0,-5055.32,1161.49,-0.251215,13165.2,13165.0,-0.000159204,0.019443,0.0173493,0.0367923,0.050.050.055000.01.00.001
5.95e7,0.0500011,91.2783,-5717.25,0.0,-5055.28,1162.45,-0.25115,13185.8,13185.6,-0.00039777,0.0194619,0.017357,0.0368189,0.050.050.055000.01.00.001
5.96e7,0.0499444,92.3409,-5717.47,0.0,-5055.12,1161.13,-0.251225,13208.3,13208.0,0.000144241,0.0194294,0.0173455,0.0367749,0.050.050.055000.01.00.001
5.97e7,0.0500035,92.2456,-5718.91,0.0,-5055.79,1162.51,-0.251179,13227.2,13227.0,-0.000120789,0.0194561,0.0173746,0.0368307,0.050.050.055000.01.00.001
5.98e7,0.0499949,92.1718,-5721.01,0.0,-5057.83,1162.31,-0.251324,13250.2,13249.9,-6.73939e-5,0.0194434,0.0173958,0.0368392,0.050.050.055000.01.00.001
5.99e7,0.0500383,91.2011,-5719.08,0.0,-5056.61,1163.32,-0.25118,13268.2,13268.0,-0.00046285,0.0194961,0.0173598,0.036856,0.050.050.055000.01.00.001
6.0e7,0.0499798,91.7892,-5718.85,0.0,-5056.41,1161.96,-0.251255,13290.1,13289.9,-8.60131e-5,0.0194541,0.0173624,0.0368164,0.050.050.055000.01.00.001
6.01e7,0.0500081,92.1036,-5718.64,0.0,-5055.38,1162.61,-0.251146,13312.4,13312.2,-4.66688e-5,0.0194541,0.0173948,0.036849,0.050.050.055000.01.00.001
6.02e7,0.050028,92.9117,-5714.8,0.0,-5050.59,1163.08,-0.250807,13330.3,13330.0,0.00018743,0.0194764,0.0173816,0.036858,0.050.050.055000.01.00.001
6.03e7,0.0500103,93.289,-5715.07,0.0,-5051.14,1162.66,-0.250869,13352.9,13352.6,0.000245269,0.0194598,0.0173561,0.0368159,0.050.050.055000.01.00.001
6.04e7,0.0500133,92.2118,-5716.09,0.0,-5052.37,1162.73,-0.250944,13375.0,13374.7,-8.76275e-5,0.0194775,0.0173939,0.0368714,0.050.050.055000.01.00.001
6.05e7,0.0500732,92.5904,-5715.03,0.0,-5050.67,1164.13,-0.250745,13393.7,13393.5,2.87842e-5,0.0195125,0.0173756,0.0368882,0.050.050.055000.01.00.001
6.06e7,0.0499963,92.7933,-5713.75,0.0,-5051.15,1162.34,-0.250891,13417.6,13417.3,0.000176696,0.0194196,0.0173425,0.0367621,0.050.050.055000.01.00.001
6.07e7,0.0500152,91.4146,-5710.15,0.0,-5048.05,1162.78,-0.250663,13436.8,13436.6,-0.000165983,0.0194429,0.0173752,0.0368181,0.050.050.055000.01.00.001
6.08e7,0.0499897,91.5855,-5709.6,0.0,-5047.03,1162.19,-0.250635,13458.3,13458.0,-0.000115162,0.0194372,0.0174009,0.0368381,0.050.050.055000.01.00.001
6.09e7,0.0499428,91.4155,-5709.76,0.0,-5048.6,1161.1,-0.250807,13480.7,13480.4,-0.000119848,0.019409,0.0173487,0.0367577,0.050.050.055000.01.00.001
6.1e7,0.0499969,91.262,-5710.42,0.0,-5048.79,1162.35,-0.250738,13499.8,13499.6,-0.00029366,0.0194391,0.0173592,0.0367983,0.050.050.055000.01.00.001
6.11e7,0.0499577,90.9529,-5710.98,0.0,-5050.5,1161.44,-0.250907,13521.6,13521.3,-0.000352367,0.0194283,0.0173148,0.0367431,0.050.050.055000.01.00.001
6.12e7,0.0499712,92.0687,-5710.59,0.0,-5047.87,1161.76,-0.250717,13538.8,13538.5,-5.07555e-5,0.0194354,0.0173809,0.0368163,0.050.050.055000.01.00.001
6.13e7,0.049979,91.8122,-5710.61,0.0,-5049.12,1161.94,-0.250786,13561.0,13560.7,-0.000166654,0.0194246,0.0173289,0.0367534,0.050.050.055000.01.00.001
6.14e7,0.0500213,91.6781,-5710.39,0.0,-5048.08,1162.92,-0.250656,13578.2,13577.9,-0.000113235,0.0194332,0.0173813,0.0368145,0.050.050.055000.01.00.001
6.15e7,0.0500222,91.6232,-5710.45,0.0,-5047.98,1162.94,-0.250648,13599.2,13599.0,-0.000181028,0.0194483,0.0173799,0.0368282,0.050.050.055000.01.00.001
6.16e7,0.0499737,92.1418,-5712.52,0.0,-5049.9,1161.81,-0.250844,13622.7,13622.5,-5.67018e-5,0.0194259,0.017379,0.0368049,0.050.050.055000.01.00.001
6.17e7,0.0499792,91.4022,-5712.95,0.0,-5050.26,1161.94,-0.250859,13644.4,13644.2,-0.00033962,0.0194503,0.0174071,0.0368574,0.050.050.055000.01.00.001
6.18e7,0.0499527,92.2162,-5714.02,0.0,-5051.95,1161.32,-0.251008,13667.0,13666.8,2.98717e-5,0.0194396,0.0173252,0.0367648,0.050.050.055000.01.00.001
6.19e7,0.0499344,91.7108,-5712.81,0.0,-5052.08,1160.9,-0.251044,13690.8,13690.5,-0.000146597,0.0194046,0.0173064,0.0367109,0.050.050.055000.01.00.001
6.2e7,0.0499875,91.3546,-5712.78,0.0,-5051.01,1162.13,-0.250895,13708.9,13708.6,-9.66566e-5,0.0194298,0.0173713,0.0368011,0.050.050.055000.01.00.001
6.21e7,0.0499832,91.1045,-5711.84,0.0,-5050.31,1162.03,-0.250857,13729.4,13729.1,-0.000268717,0.0194314,0.01737,0.0368014,0.050.050.055000.01.00.001
6.22e7,0.0500459,91.6912,-5710.53,0.0,-5047.52,1163.49,-0.250583,13744.6,13744.4,-0.000132266,0.0194681,0.0173908,0.0368589,0.050.050.055000.01.00.001
6.23e7,0.0500187,91.5864,-5712.59,0.0,-5050.19,1162.86,-0.250795,13766.2,13765.9,-0.000181622,0.0194581,0.0173689,0.036827,0.050.050.055000.01.00.001
6.24e7,0.0499631,91.5058,-5712.56,0.0,-5050.85,1161.57,-0.250921,13788.2,13788.0,-0.000200207,0.0194209,0.0173667,0.0367876,0.050.050.055000.01.00.001
6.25e7,0.049991,92.0856,-5712.51,0.0,-5049.67,1162.22,-0.250803,13805.6,13805.4,0.000103275,0.0194251,0.017398,0.0368231,0.050.050.055000.01.00.001
6.26e7,0.0500324,91.8239,-5712.14,0.0,-5049.25,1163.18,-0.250714,13827.7,13827.5,-0.000161981,0.0194695,0.0173736,0.036843,0.050.050.055000.01.00.001
6.27e7,0.0499247,91.3587,-5713.38,0.0,-5051.95,1160.67,-0.25105,13853.6,13853.4,-0.000298852,0.0194418,0.0173366,0.0367783,0.050.050.055000.01.00.001
6.28e7,0.0499759,92.5738,-5714.33,0.0,-5051.16,1161.87,-0.250922,13873.5,13873.3,7.84172e-5,0.0194419,0.0173703,0.0368122,0.050.050.055000.01.00.001
6.29e7,0.0499984,91.4379,-5714.31,0.0,-5052.2,1162.39,-0.250956,13895.2,13894.9,-0.000261236,0.0194598,0.0173576,0.0368173,0.050.050.055000.01.00.001
6.3e7,0.0500224,91.1637,-5714.27,0.0,-5051.73,1162.94,-0.25089,13915.3,13915.0,-0.00039175,0.0194699,0.0173926,0.0368625,0.050.050.055000.01.00.001
6.31e7,0.049977,90.8406,-5714.32,0.0,-5052.81,1161.89,-0.251027,13938.9,13938.6,-0.000539444,0.0194618,0.0173555,0.0368172,0.050.050.055000.01.00.001
6.32e7,0.0499984,91.0702,-5714.19,0.0,-5051.94,1162.39,-0.250939,13959.1,13958.9,-0.000383687,0.0194648,0.0173851,0.0368499,0.050.050.055000.01.00.001
6.33e7,0.0500592,91.4461,-5714.12,0.0,-5051.77,1163.8,-0.250837,13978.0,13977.7,-0.000341298,0.0194656,0.0173671,0.0368327,0.050.050.055000.01.00.001
6.34e7,0.0499935,91.2202,-5714.18,0.0,-5052.09,1162.27,-0.250956,13998.6,13998.3,-0.000468159,0.0194942,0.017336,0.0368302,0.050.050.055000.01.00.001
6.35e7,0.0500495,91.5165,-5714.22,0.0,-5051.44,1163.58,-0.25083,14015.3,14015.1,-0.000201768,0.0194622,0.0173936,0.0368558,0.050.050.055000.01.00.001
6.36e7,0.0499914,91.1975,-5712.3,0.0,-5050.21,1162.23,-0.250838,14037.4,14037.1,-0.000318203,0.0194462,0.0173858,0.036832,0.050.050.055000.01.00.001
6.37e7,0.0499924,91.1134,-5712.3,0.0,-5050.64,1162.25,-0.250864,14059.9,14059.7,-0.000322081,0.0194468,0.0173631,0.0368098,0.050.050.055000.01.00.001
6.38e7,0.0500081,91.7883,-5715.59,0.0,-5053.04,1162.61,-0.250995,14084.8,14084.5,-0.00019274,0.0194309,0.0173923,0.0368232,0.050.050.055000.01.00.001
6.39e7,0.0499815,91.8832,-5716.32,0.0,-5053.71,1162.0,-0.251078,14104.8,14104.6,-0.000101517,0.019446,0.0173754,0.0368214,0.050.050.055000.01.00.001
6.4e7,0.0500263,91.9036,-5716.14,0.0,-5053.85,1163.04,-0.25102,14125.9,14125.7,-8.84057e-5,0.0194536,0.0173459,0.0367994,0.050.050.055000.01.00.001
6.41e7,0.0499946,90.8088,-5714.98,0.0,-5053.68,1162.3,-0.251057,14149.0,14148.7,-0.00037891,0.0194542,0.017352,0.0368062,0.050.050.055000.01.00.001
6.42e7,0.050006,91.8399,-5714.27,0.0,-5051.64,1162.56,-0.250908,14167.3,14167.1,4.83607e-5,0.0194403,0.0173852,0.0368255,0.050.050.055000.01.00.001
6.43e7,0.0500246,91.718,-5714.5,0.0,-5051.96,1163.0,-0.250901,14189.3,14189.1,-8.84408e-5,0.0194503,0.0173765,0.0368268,0.050.050.055000.01.00.001
6.44e7,0.0499648,91.4475,-5714.21,0.0,-5053.37,1161.61,-0.251082,14213.0,14212.8,-0.000156911,0.0194256,0.0173091,0.0367347,0.050.050.055000.01.00.001
6.45e7,0.0499685,91.312,-5712.5,0.0,-5051.14,1161.69,-0.250932,14231.7,14231.4,-0.000232204,0.0194391,0.0173383,0.0367774,0.050.050.055000.01.00.001
6.46e7,0.0500154,91.5687,-5712.28,0.0,-5050.45,1162.78,-0.250817,14249.5,14249.2,-2.9245e-5,0.0194318,0.0173594,0.0367912,0.050.050.055000.01.00.001
6.47e7,0.049956,91.6547,-5712.68,0.0,-5051.18,1161.4,-0.250954,14271.5,14271.2,-9.52361e-5,0.019429,0.017335,0.036764,0.050.050.055000.01.00.001
6.48e7,0.049977,92.0595,-5712.39,0.0,-5049.92,1161.89,-0.250841,14289.1,14288.9,5.45938e-5,0.0194369,0.0173634,0.0368003,0.050.050.055000.01.00.001
6.49e7,0.0500397,92.4848,-5712.11,0.0,-5048.49,1163.35,-0.250654,14306.3,14306.1,5.68035e-6,0.0194637,0.0173835,0.0368472,0.050.050.055000.01.00.001
6.5e7,0.0499811,92.0052,-5712.5,0.0,-5050.21,1161.98,-0.250853,14331.1,14330.8,-8.43537e-6,0.0194292,0.0173634,0.0367925,0.050.050.055000.01.00.001
6.51e7,0.0500162,91.4235,-5712.55,0.0,-5050.48,1162.8,-0.250818,14349.4,14349.2,-0.000362313,0.0194366,0.017379,0.0368157,0.050.050.055000.01.00.001
6.52e7,0.0500507,91.4407,-5712.11,0.0,-5049.65,1163.6,-0.250713,14367.5,14367.3,-0.000327864,0.0194769,0.0173635,0.0368404,0.050.050.055000.01.00.001
6.53e7,0.0499602,91.2036,-5712.38,0.0,-5050.64,1161.5,-0.250912,14391.3,14391.1,-0.000383101,0.0194595,0.0173491,0.0368087,0.050.050.055000.01.00.001
6.54e7,0.050046,91.4199,-5711.92,0.0,-5048.93,1163.49,-0.250673,14409.7,14409.4,-0.000220749,0.0194755,0.0173999,0.0368754,0.050.050.055000.01.00.001
6.55e7,0.0500113,91.8037,-5713.89,0.0,-5051.6,1162.69,-0.250898,14433.1,14432.8,-0.0002867,0.0194739,0.0173312,0.036805,0.050.050.055000.01.00.001
6.56e7,0.0499911,92.0386,-5714.58,0.0,-5052.02,1162.22,-0.250955,14454.9,14454.7,-0.000129104,0.0194794,0.0173284,0.0368078,0.050.050.055000.01.00.001
6.57e7,0.0500624,91.6147,-5715.05,0.0,-5051.89,1163.88,-0.25084,14472.0,14471.8,-0.000206321,0.0194883,0.0173857,0.036874,0.050.050.055000.01.00.001
6.58e7,0.050016,91.8342,-5714.09,0.0,-5051.64,1162.8,-0.250893,14493.9,14493.6,-0.000183682,0.0194614,0.0173526,0.0368139,0.050.050.055000.01.00.001
6.59e7,0.0500502,92.074,-5714.98,0.0,-5051.59,1163.59,-0.250838,14512.0,14511.7,-0.000230076,0.0195051,0.0173544,0.0368595,0.050.050.055000.01.00.001
6.6e7,0.0499692,91.0953,-5716.25,0.0,-5054.65,1161.71,-0.251157,14537.5,14537.3,-0.000482062,0.019448,0.0173592,0.0368072,0.050.050.055000.01.00.001
6.61e7,0.0499539,92.0268,-5716.07,0.0,-5053.87,1161.35,-0.25113,14559.1,14558.8,-0.000173282,0.0194591,0.0173263,0.0367854,0.050.050.055000.01.00.001
6.62e7,0.0499922,92.0639,-5716.06,0.0,-5052.88,1162.24,-0.251009,14576.1,14575.9,-0.000156271,0.0194724,0.0173739,0.0368462,0.050.050.055000.01.00.001
6.63e7,0.0499556,91.53,-5716.25,0.0,-5054.24,1161.39,-0.251152,14600.1,14599.8,-0.000474198,0.0194635,0.0173412,0.0368047,0.050.050.055000.01.00.001
6.64e7,0.050009,92.3788,-5715.52,0.0,-5051.98,1162.63,-0.250926,14617.5,14617.3,-0.000189938,0.0194898,0.0173591,0.0368489,0.050.050.055000.01.00.001
6.65e7,0.0499977,92.2497,-5714.07,0.0,-5050.58,1162.37,-0.250852,14639.7,14639.4,-0.000147332,0.0194861,0.0173681,0.0368542,0.050.050.055000.01.00.001
6.66e7,0.0500052,92.5053,-5712.75,0.0,-5049.19,1162.55,-0.250751,14661.5,14661.2,-0.000133984,0.0194791,0.0173633,0.0368423,0.050.050.055000.01.00.001
6.67e7,0.050038,92.4489,-5714.8,0.0,-5050.48,1163.31,-0.250785,14684.0,14683.8,-3.18281e-5,0.0194822,0.0174127,0.0368949,0.050.050.055000.01.00.001
6.68e7,0.0500334,92.3311,-5716.17,0.0,-5052.35,1163.2,-0.250913,14707.3,14707.0,-0.00015172,0.0194769,0.0173929,0.0368698,0.050.050.055000.01.00.001
6.69e7,0.0500098,91.8359,-5714.9,0.0,-5052.26,1162.65,-0.250942,14730.1,14729.8,-0.000265191,0.0194809,0.0173456,0.0368266,0.050.050.055000.01.00.001
6.7e7,0.0500744,91.9719,-5714.74,0.0,-5051.13,1164.15,-0.250772,14749.8,14749.6,-8.2577e-5,0.0194981,0.0173821,0.0368802,0.050.050.055000.01.00.001
6.71e7,0.0499696,91.5896,-5716.7,0.0,-5054.23,1161.72,-0.25113,14775.9,14775.6,-0.00028257,0.0194355,0.0173954,0.0368309,0.050.050.055000.01.00.001
6.72e7,0.0499468,92.0962,-5718.13,0.0,-5056.08,1161.19,-0.251283,14798.0,14797.8,-1.17797e-5,0.0194324,0.0173389,0.0367713,0.050.050.055000.01.00.001
6.73e7,0.0500067,91.6208,-5717.98,0.0,-5055.37,1162.58,-0.251148,14814.4,14814.1,-0.000301526,0.0194833,0.017355,0.0368383,0.050.050.055000.01.00.001
6.74e7,0.0499715,91.9894,-5718.26,0.0,-5055.43,1161.76,-0.251204,14833.9,14833.7,-9.25069e-5,0.0194384,0.01739,0.0368284,0.050.050.055000.01.00.001
6.75e7,0.0499693,91.5386,-5719.2,0.0,-5057.3,1161.71,-0.251328,14853.8,14853.6,-0.00032832,0.0194495,0.0173483,0.0367978,0.050.050.055000.01.00.001
6.76e7,0.0498953,92.0,-5720.43,0.0,-5059.0,1159.99,-0.251549,14878.2,14878.0,-8.90415e-5,0.0194337,0.0173038,0.0367375,0.050.050.055000.01.00.001
6.77e7,0.050022,92.1403,-5719.88,0.0,-5057.05,1162.94,-0.251233,14896.0,14895.8,-0.000180814,0.0194808,0.0173375,0.0368184,0.050.050.055000.01.00.001
6.78e7,0.049999,92.0758,-5719.9,0.0,-5057.2,1162.4,-0.251277,14918.3,14918.0,-0.000190425,0.0194793,0.0173347,0.036814,0.050.050.055000.01.00.001
6.79e7,0.0499877,92.6962,-5720.08,0.0,-5056.55,1162.14,-0.251252,14938.1,14937.9,9.47099e-5,0.0194527,0.0173752,0.0368279,0.050.050.055000.01.00.001
6.8e7,0.050016,91.866,-5719.92,0.0,-5056.93,1162.8,-0.251235,14957.9,14957.6,-0.000189868,0.0194803,0.0173663,0.0368465,0.050.050.055000.01.00.001
6.81e7,0.0500473,91.218,-5719.83,0.0,-5057.16,1163.53,-0.251202,14979.2,14979.0,-0.000435723,0.0194857,0.0173827,0.0368684,0.050.050.055000.01.00.001
6.82e7,0.0500325,91.4944,-5719.86,0.0,-5056.77,1163.18,-0.251199,15001.7,15001.5,-0.000220406,0.0194699,0.0174074,0.0368773,0.050.050.055000.01.00.001
6.83e7,0.0500253,91.739,-5715.87,0.0,-5052.98,1163.01,-0.250965,15021.9,15021.7,-0.000283471,0.0194653,0.0173837,0.036849,0.050.050.055000.01.00.001
6.84e7,0.0500155,92.1916,-5712.95,0.0,-5050.19,1162.79,-0.250801,15041.4,15041.1,-2.64558e-6,0.0194299,0.0173809,0.0368108,0.050.050.055000.01.00.001
6.85e7,0.0500159,91.8822,-5712.62,0.0,-5049.78,1162.8,-0.250773,15060.5,15060.3,-8.20303e-5,0.0194607,0.0173757,0.0368364,0.050.050.055000.01.00.001
6.86e7,0.0500114,91.8612,-5716.29,0.0,-5053.03,1162.69,-0.25099,15081.4,15081.2,6.68314e-6,0.0194456,0.017419,0.0368646,0.050.050.055000.01.00.001
6.87e7,0.0499821,91.5909,-5715.13,0.0,-5053.22,1162.01,-0.251046,15103.8,15103.6,-0.000158983,0.0194333,0.0173614,0.0367947,0.050.050.055000.01.00.001
6.88e7,0.0499872,91.7697,-5716.01,0.0,-5053.84,1162.13,-0.251078,15125.1,15124.9,-4.00196e-5,0.0194471,0.0173529,0.0368,0.050.050.055000.01.00.001
6.89e7,0.0500287,91.6229,-5716.05,0.0,-5053.34,1163.09,-0.250983,15145.1,15144.8,-0.000174748,0.0194755,0.0173689,0.0368443,0.050.050.055000.01.00.001
6.9e7,0.0499815,91.2495,-5716.61,0.0,-5054.69,1161.99,-0.251142,15168.9,15168.7,-0.000328233,0.0194267,0.0173908,0.0368175,0.050.050.055000.01.00.001
6.91e7,0.050021,91.4379,-5716.33,0.0,-5054.27,1162.91,-0.251055,15188.7,15188.5,-0.000239107,0.0194513,0.017363,0.0368144,0.050.050.055000.01.00.001
6.92e7,0.0500198,91.0119,-5716.25,0.0,-5053.81,1162.89,-0.251028,15211.6,15211.4,-0.000478254,0.0194721,0.0173939,0.036866,0.050.050.055000.01.00.001
6.93e7,0.0500016,92.3844,-5716.4,0.0,-5053.67,1162.46,-0.251045,15233.7,15233.5,4.65615e-5,0.0194641,0.0173328,0.0367969,0.050.050.055000.01.00.001
6.94e7,0.0499543,92.4659,-5718.37,0.0,-5055.92,1161.36,-0.251261,15256.6,15256.4,2.79442e-5,0.01944,0.0173335,0.0367734,0.050.050.055000.01.00.001
6.95e7,0.0499554,92.0449,-5718.15,0.0,-5055.35,1161.39,-0.251223,15274.4,15274.2,-4.60311e-5,0.0194523,0.0173705,0.0368228,0.050.050.055000.01.00.001
6.96e7,0.0499952,91.2745,-5718.07,0.0,-5056.0,1162.31,-0.251206,15294.7,15294.4,-0.000388224,0.0194601,0.017365,0.036825,0.050.050.055000.01.00.001
6.97e7,0.0499761,92.4332,-5718.05,0.0,-5054.83,1161.87,-0.251159,15314.4,15314.2,-5.75761e-5,0.0194806,0.0173445,0.0368252,0.050.050.055000.01.00.001
6.98e7,0.0499795,92.9012,-5717.9,0.0,-5054.88,1161.95,-0.251157,15335.3,15335.0,0.000193382,0.0194367,0.0173456,0.0367822,0.050.050.055000.01.00.001
6.99e7,0.049957,91.9209,-5717.66,0.0,-5055.26,1161.43,-0.251215,15358.0,15357.7,-0.000177467,0.019442,0.0173632,0.0368052,0.050.050.055000.01.00.001
7.0e7,0.0500185,92.0761,-5714.73,0.0,-5052.24,1162.85,-0.250928,15375.4,15375.2,-6.30835e-5,0.0194351,0.0173659,0.036801,0.050.050.055000.01.00.001
7.01e7,0.049956,91.6724,-5712.5,0.0,-5050.53,1161.4,-0.250912,15396.4,15396.2,-0.000210254,0.0194648,0.0173287,0.0367935,0.050.050.055000.01.00.001
7.02e7,0.0500092,91.5573,-5712.56,0.0,-5050.02,1162.64,-0.250799,15415.4,15415.1,-0.000115683,0.0194537,0.0173844,0.0368381,0.050.050.055000.01.00.001
7.03e7,0.0499983,92.0651,-5712.5,0.0,-5049.84,1162.38,-0.250804,15436.9,15436.6,4.21992e-5,0.0194414,0.0173712,0.0368126,0.050.050.055000.01.00.001
7.04e7,0.0499575,92.2693,-5712.48,0.0,-5049.46,1161.44,-0.250841,15458.9,15458.7,4.85166e-5,0.0194539,0.0173683,0.0368222,0.050.050.055000.01.00.001
7.05e7,0.0500441,92.117,-5712.28,0.0,-5048.99,1163.45,-0.25068,15479.1,15478.8,-4.39938e-5,0.0194472,0.017403,0.0368502,0.050.050.055000.01.00.001
7.06e7,0.0499925,92.0291,-5713.7,0.0,-5051.0,1162.25,-0.250887,15503.7,15503.4,1.46933e-5,0.0194475,0.0173701,0.0368176,0.050.050.055000.01.00.001
7.07e7,0.0500108,91.7948,-5712.22,0.0,-5049.73,1162.68,-0.250778,15522.9,15522.7,-0.00012295,0.0194494,0.0173694,0.0368188,0.050.050.055000.01.00.001
7.08e7,0.0499966,91.8994,-5712.48,0.0,-5049.84,1162.35,-0.250806,15542.2,15542.0,-4.17073e-5,0.0194367,0.017385,0.0368217,0.050.050.055000.01.00.001
7.09e7,0.0499626,91.0084,-5712.32,0.0,-5050.68,1161.56,-0.250911,15565.2,15565.0,-0.000315809,0.0194446,0.0173704,0.036815,0.050.050.055000.01.00.001
7.1e7,0.0499432,91.5594,-5712.92,0.0,-5051.49,1161.11,-0.250993,15585.5,15585.3,-5.276e-5,0.0194098,0.0173561,0.0367658,0.050.050.055000.01.00.001
7.11e7,0.049973,91.064,-5712.62,0.0,-5051.33,1161.8,-0.250938,15604.4,15604.2,-0.000337788,0.019434,0.0173546,0.0367886,0.050.050.055000.01.00.001
7.12e7,0.0500134,92.021,-5712.5,0.0,-5049.86,1162.74,-0.250782,15623.7,15623.5,-0.0001321,0.0194412,0.0173732,0.0368144,0.050.050.055000.01.00.001
7.13e7,0.0500396,91.9846,-5714.15,0.0,-5051.46,1163.35,-0.250846,15644.5,15644.3,1.04513e-5,0.0194647,0.0173554,0.0368201,0.050.050.055000.01.00.001
7.14e7,0.0500397,92.2771,-5715.38,0.0,-5052.27,1163.35,-0.250898,15665.5,15665.2,6.33276e-5,0.0194835,0.0173448,0.0368283,0.050.050.055000.01.00.001
7.15e7,0.0500327,91.8221,-5714.17,0.0,-5050.93,1163.18,-0.250822,15687.4,15687.1,-0.000235641,0.0194838,0.0173818,0.0368657,0.050.050.055000.01.00.001
7.16e7,0.0499776,91.7134,-5714.11,0.0,-5052.08,1161.9,-0.250979,15712.1,15711.8,-0.000311837,0.0194656,0.0173292,0.0367949,0.050.050.055000.01.00.001
7.17e7,0.0499514,91.5057,-5713.18,0.0,-5051.39,1161.29,-0.250974,15734.1,15733.8,-0.000271233,0.019443,0.0173495,0.0367925,0.050.050.055000.01.00.001
7.18e7,0.0499895,91.7114,-5712.38,0.0,-5049.85,1162.18,-0.250817,15753.0,15752.8,-0.00019869,0.0194601,0.0173671,0.0368272,0.050.050.055000.01.00.001
7.19e7,0.0499909,91.9284,-5712.49,0.0,-5049.86,1162.21,-0.250816,15774.6,15774.4,-7.57001e-5,0.0194388,0.0173808,0.0368196,0.050.050.055000.01.00.001
7.2e7,0.0500558,91.5853,-5712.82,0.0,-5049.85,1163.72,-0.250718,15793.8,15793.6,-0.000266795,0.0194829,0.0173806,0.0368635,0.050.050.055000.01.00.001
7.21e7,0.0500321,91.8552,-5716.21,0.0,-5052.72,1163.17,-0.250939,15817.1,15816.8,-0.00021906,0.0194618,0.0174174,0.0368793,0.050.050.055000.01.00.001
7.22e7,0.0499993,92.3159,-5716.1,0.0,-5052.52,1162.41,-0.250975,15838.2,15837.9,-0.000127107,0.0194685,0.0173875,0.036856,0.050.050.055000.01.00.001
7.23e7,0.0500172,92.1384,-5715.3,0.0,-5051.93,1162.82,-0.25091,15857.8,15857.6,-0.000221066,0.0194742,0.0173792,0.0368534,0.050.050.055000.01.00.001
7.24e7,0.0500249,92.0061,-5714.86,0.0,-5051.82,1163.0,-0.250892,15876.0,15875.8,-0.000213967,0.019495,0.0173457,0.0368407,0.050.050.055000.01.00.001
7.25e7,0.0499638,92.1918,-5715.86,0.0,-5053.38,1161.58,-0.251083,15898.1,15897.8,-0.000150991,0.0194208,0.0173721,0.0367929,0.050.050.055000.01.00.001
7.26e7,0.0499783,91.6205,-5715.59,0.0,-5053.07,1161.92,-0.251042,15918.8,15918.6,-0.000251073,0.0194709,0.0173612,0.0368321,0.050.050.055000.01.00.001
7.27e7,0.0499767,91.6993,-5715.34,0.0,-5053.52,1161.88,-0.251074,15943.6,15943.4,-0.000167303,0.0194279,0.0173537,0.0367816,0.050.050.055000.01.00.001
7.28e7,0.0499433,92.3061,-5715.4,0.0,-5053.25,1161.11,-0.251106,15966.5,15966.3,8.55977e-5,0.0194093,0.0173547,0.036764,0.050.050.055000.01.00.001
7.29e7,0.049978,91.9301,-5715.08,0.0,-5052.29,1161.91,-0.250992,15984.8,15984.5,-0.000158643,0.0194708,0.0173588,0.0368296,0.050.050.055000.01.00.001
7.3e7,0.0499702,91.7851,-5715.25,0.0,-5053.24,1161.73,-0.251065,16008.3,16008.1,-0.000186839,0.0194492,0.0173394,0.0367885,0.050.050.055000.01.00.001
7.31e7,0.0499978,92.2432,-5714.9,0.0,-5051.95,1162.37,-0.25094,16026.5,16026.2,-6.71009e-5,0.0194538,0.0173662,0.03682,0.050.050.055000.01.00.001
7.32e7,0.0500029,92.417,-5715.32,0.0,-5052.57,1162.49,-0.250973,16049.1,16048.9,7.77634e-5,0.0194438,0.017352,0.0367957,0.050.050.055000.01.00.001
7.33e7,0.0499543,92.3305,-5715.39,0.0,-5052.3,1161.36,-0.251028,16070.4,16070.1,5.66534e-5,0.0194484,0.0173746,0.036823,0.050.050.055000.01.00.001
7.34e7,0.0499417,92.2466,-5715.59,0.0,-5053.6,1161.07,-0.251131,16090.6,16090.3,3.26404e-5,0.019451,0.0173065,0.0367575,0.050.050.055000.01.00.001
7.35e7,0.0500026,91.664,-5715.26,0.0,-5052.59,1162.49,-0.250974,16108.7,16108.4,-0.000217776,0.0194778,0.0173612,0.036839,0.050.050.055000.01.00.001
7.36e7,0.0500186,91.64,-5715.13,0.0,-5052.34,1162.86,-0.250934,16128.3,16128.0,-0.000267023,0.0194809,0.017368,0.0368489,0.050.050.055000.01.00.001
7.37e7,0.0500334,91.8294,-5716.49,0.0,-5052.76,1163.2,-0.250939,16148.0,16147.8,-0.000181542,0.0194635,0.0174336,0.0368971,0.050.050.055000.01.00.001
7.38e7,0.0499736,91.4844,-5717.25,0.0,-5055.18,1161.81,-0.251185,16171.8,16171.5,-0.000258105,0.019436,0.0173761,0.036812,0.050.050.055000.01.00.001
7.39e7,0.0500087,91.7727,-5718.69,0.0,-5055.69,1162.63,-0.251166,16191.1,16190.9,-0.000257804,0.0194826,0.0173706,0.0368532,0.050.050.055000.01.00.001
7.4e7,0.050063,91.7854,-5716.81,0.0,-5053.05,1163.89,-0.250913,16210.0,16209.7,-0.000210228,0.0194889,0.0174128,0.0369017,0.050.050.055000.01.00.001
7.41e7,0.0500085,91.5384,-5717.42,0.0,-5054.4,1162.62,-0.251082,16234.2,16234.0,-0.00047162,0.0194753,0.0173949,0.0368702,0.050.050.055000.01.00.001
7.42e7,0.0500435,92.4048,-5719.05,0.0,-5054.91,1163.44,-0.251063,16252.2,16252.0,-0.000105532,0.0194625,0.0174238,0.0368863,0.050.050.055000.01.00.001
7.43e7,0.0499675,92.1826,-5720.15,0.0,-5057.44,1161.67,-0.25134,16275.3,16275.0,-8.03959e-5,0.01943,0.0173777,0.0368078,0.050.050.055000.01.00.001
7.44e7,0.0499665,92.1373,-5722.86,0.0,-5060.31,1161.65,-0.251527,16297.3,16297.1,-4.71859e-5,0.0194383,0.0173626,0.0368008,0.050.050.055000.01.00.001
7.45e7,0.050022,92.6268,-5722.6,0.0,-5058.94,1162.94,-0.251355,16315.7,16315.5,5.55497e-5,0.0194742,0.0173669,0.0368411,0.050.050.055000.01.00.001
7.46e7,0.0500472,92.2201,-5720.68,0.0,-5056.93,1163.52,-0.251187,16334.5,16334.2,-0.000108446,0.0194973,0.0173758,0.036873,0.050.050.055000.01.00.001
7.47e7,0.0500337,92.209,-5720.94,0.0,-5056.92,1163.21,-0.251207,16354.8,16354.5,-9.46733e-5,0.0194758,0.0174151,0.0368909,0.050.050.055000.01.00.001
7.48e7,0.0499796,92.7288,-5720.1,0.0,-5056.34,1161.95,-0.251251,16377.9,16377.6,7.68153e-5,0.0194714,0.0173698,0.0368412,0.050.050.055000.01.00.001
7.49e7,0.0499731,92.4737,-5718.92,0.0,-5055.86,1161.8,-0.25123,16399.1,16398.8,-4.36128e-5,0.0194794,0.0173325,0.0368119,0.050.050.055000.01.00.001
7.5e7,0.0500743,92.7854,-5718.67,0.0,-5054.03,1164.15,-0.25096,16416.3,16416.1,4.92234e-5,0.0194985,0.0173959,0.0368944,0.050.050.055000.01.00.001
7.51e7,0.0499746,92.1971,-5720.65,0.0,-5057.48,1161.84,-0.251332,16442.6,16442.3,-8.86999e-5,0.0194561,0.017381,0.0368371,0.050.050.055000.01.00.001
7.52e7,0.0500281,91.8723,-5722.02,0.0,-5059.31,1163.08,-0.25137,16464.0,16463.7,-0.000286854,0.0194919,0.0173363,0.0368282,0.050.050.055000.01.00.001
7.53e7,0.0500288,92.3046,-5722.73,0.0,-5058.78,1163.09,-0.251335,16484.3,16484.0,3.92186e-5,0.0194727,0.0174074,0.0368801,0.050.050.055000.01.00.001
7.54e7,0.0499804,91.901,-5722.94,0.0,-5061.0,1161.97,-0.25155,16510.8,16510.6,-0.000126709,0.0194608,0.0173161,0.0367769,0.050.050.055000.01.00.001
7.55e7,0.0500476,92.0571,-5721.91,0.0,-5058.37,1163.53,-0.25128,16528.0,16527.7,-0.000270056,0.0194837,0.0173857,0.0368694,0.050.050.055000.01.00.001
7.56e7,0.0500456,91.8962,-5722.89,0.0,-5059.37,1163.49,-0.251347,16549.7,16549.4,-0.000235637,0.0194795,0.0173994,0.0368788,0.050.050.055000.01.00.001
7.57e7,0.0499495,91.7032,-5723.89,0.0,-5061.71,1161.25,-0.251642,16574.3,16574.1,-0.000366099,0.0194558,0.0173493,0.0368051,0.050.050.055000.01.00.001
7.58e7,0.0501197,93.457,-5723.39,0.0,-5057.38,1165.21,-0.251108,16588.6,16588.4,0.000183149,0.0195209,0.0174181,0.036939,0.050.050.055000.01.00.001
7.59e7,0.0499944,92.5292,-5725.89,0.0,-5062.41,1162.29,-0.251621,16617.5,16617.3,-8.2412e-5,0.0194488,0.0173865,0.0368354,0.050.050.055000.01.00.001
7.6e7,0.0499792,92.7076,-5726.15,0.0,-5062.35,1161.94,-0.251639,16639.5,16639.2,-0.000152648,0.0194518,0.0173931,0.0368449,0.050.050.055000.01.00.001
7.61e7,0.050067,93.3924,-5725.69,0.0,-5060.42,1163.98,-0.251383,16656.5,16656.3,0.000169795,0.0195123,0.0173825,0.0368948,0.050.050.055000.01.00.001
7.62e7,0.0499839,92.2582,-5725.94,0.0,-5062.15,1162.05,-0.251619,16680.6,16680.4,-0.000105364,0.0194578,0.0174151,0.0368729,0.050.050.055000.01.00.001
7.63e7,0.0499702,91.9203,-5725.86,0.0,-5063.64,1161.73,-0.251736,16705.6,16705.3,-0.000237005,0.0194583,0.017335,0.0367933,0.050.050.055000.01.00.001
7.64e7,0.0500029,91.9231,-5724.92,0.0,-5062.24,1162.49,-0.251596,16727.0,16726.7,-0.000182968,0.0194475,0.0173759,0.0368234,0.050.050.055000.01.00.001
7.65e7,0.0499842,91.8764,-5724.86,0.0,-5062.16,1162.06,-0.25162,16749.4,16749.1,-0.000298673,0.0194778,0.0173494,0.0368272,0.050.050.055000.01.00.001
7.66e7,0.0500318,91.9371,-5726.67,0.0,-5062.88,1163.16,-0.251595,16768.8,16768.6,-0.00032183,0.0195201,0.0173735,0.0368936,0.050.050.055000.01.00.001
7.67e7,0.0500241,91.6122,-5725.85,0.0,-5063.0,1162.99,-0.251614,16791.1,16790.8,-0.000482086,0.0194976,0.0173565,0.0368541,0.050.050.055000.01.00.001
7.68e7,0.0499932,92.0765,-5724.9,0.0,-5062.22,1162.27,-0.25161,16814.2,16813.9,-0.000206827,0.0194572,0.0173555,0.0368127,0.050.050.055000.01.00.001
7.69e7,0.0499841,91.8692,-5725.06,0.0,-5062.0,1162.05,-0.251609,16837.6,16837.3,-0.000193279,0.0194521,0.0173992,0.0368513,0.050.050.055000.01.00.001
7.7e7,0.0500143,92.3147,-5726.0,0.0,-5062.54,1162.76,-0.251599,16858.0,16857.7,-0.000309518,0.0194757,0.0173728,0.0368485,0.050.050.055000.01.00.001
7.71e7,0.0499512,92.9884,-5726.95,0.0,-5063.23,1161.29,-0.251738,16883.3,16883.1,7.62904e-5,0.0194502,0.0173712,0.0368214,0.050.050.055000.01.00.001
7.72e7,0.049995,93.172,-5726.05,0.0,-5062.23,1162.31,-0.251607,16902.4,16902.1,0.000202925,0.01946,0.0173561,0.0368161,0.050.050.055000.01.00.001
7.73e7,0.0499791,92.7869,-5724.58,0.0,-5060.98,1161.94,-0.251551,16922.9,16922.6,0.000103347,0.0194785,0.017348,0.0368265,0.050.050.055000.01.00.001
7.74e7,0.0499752,92.5443,-5724.95,0.0,-5062.5,1161.85,-0.251655,16944.7,16944.4,-2.48166e-7,0.0194588,0.0173097,0.0367685,0.050.050.055000.01.00.001
7.75e7,0.0499671,92.356,-5725.19,0.0,-5062.06,1161.66,-0.251639,16966.2,16965.9,2.31181e-5,0.0194487,0.0173754,0.0368242,0.050.050.055000.01.00.001
7.76e7,0.050043,92.1469,-5724.95,0.0,-5061.32,1163.42,-0.251477,16984.8,16984.6,-0.000183745,0.0194666,0.0174028,0.0368694,0.050.050.055000.01.00.001
7.77e7,0.0499729,92.6856,-5725.35,0.0,-5061.92,1161.8,-0.251621,17007.2,17007.0,-2.54208e-5,0.0194629,0.0173597,0.0368227,0.050.050.055000.01.00.001
7.78e7,0.0499613,92.3354,-5724.97,0.0,-5062.65,1161.53,-0.251685,17027.9,17027.7,-0.000212513,0.0194536,0.0173197,0.0367733,0.050.050.055000.01.00.001
7.79e7,0.0499988,91.4432,-5725.07,0.0,-5062.58,1162.4,-0.251625,17047.5,17047.2,-0.000462234,0.0194633,0.0173786,0.036842,0.050.050.055000.01.00.001
7.8e7,0.0500709,92.2326,-5727.13,0.0,-5063.03,1164.07,-0.251546,17065.1,17064.8,-0.000231774,0.0194944,0.0174005,0.0368948,0.050.050.055000.01.00.001
7.81e7,0.0500019,92.234,-5726.9,0.0,-5063.62,1162.47,-0.251687,17087.1,17086.9,-0.000205102,0.0194835,0.0173581,0.0368415,0.050.050.055000.01.00.001
7.82e7,0.0499986,92.4833,-5726.35,0.0,-5062.86,1162.39,-0.251643,17108.8,17108.5,-0.000243295,0.0194845,0.0173544,0.036839,0.050.050.055000.01.00.001
7.83e7,0.050001,92.2072,-5724.73,0.0,-5061.41,1162.45,-0.251546,17129.9,17129.7,-0.000208894,0.0194872,0.0173585,0.0368457,0.050.050.055000.01.00.001
7.84e7,0.0499975,91.9691,-5723.29,0.0,-5060.34,1162.37,-0.251482,17152.2,17151.9,-0.000205303,0.0194421,0.0173954,0.0368375,0.050.050.055000.01.00.001
7.85e7,0.050025,91.7921,-5720.33,0.0,-5057.15,1163.01,-0.251235,17172.4,17172.1,-0.00032202,0.0194822,0.0173815,0.0368638,0.050.050.055000.01.00.001
7.86e7,0.0499714,92.0475,-5719.35,0.0,-5056.71,1161.76,-0.251287,17195.0,17194.8,-0.000188595,0.0194313,0.0173812,0.0368126,0.050.050.055000.01.00.001
7.87e7,0.0500135,92.3061,-5718.82,0.0,-5054.97,1162.74,-0.251112,17213.6,17213.3,-0.00010403,0.0194705,0.0174032,0.0368736,0.050.050.055000.01.00.001
7.88e7,0.0500034,92.2102,-5719.18,0.0,-5056.11,1162.51,-0.2512,17235.3,17235.1,2.74757e-6,0.0194513,0.0173788,0.03683,0.050.050.055000.01.00.001
7.89e7,0.0499437,91.9259,-5719.51,0.0,-5056.88,1161.12,-0.251339,17258.1,17257.8,-0.000223477,0.0194545,0.0173653,0.0368198,0.050.050.055000.01.00.001
7.9e7,0.0499623,92.1435,-5719.33,0.0,-5056.89,1161.55,-0.251312,17275.9,17275.7,-7.99237e-5,0.0194281,0.0173656,0.0367937,0.050.050.055000.01.00.001
7.91e7,0.0499549,92.028,-5719.11,0.0,-5056.88,1161.38,-0.251323,17295.9,17295.7,-0.000235848,0.0194571,0.0173304,0.0367874,0.050.050.055000.01.00.001
7.92e7,0.049998,92.5063,-5718.97,0.0,-5055.27,1162.38,-0.251154,17313.9,17313.6,-0.000139002,0.0194696,0.0173818,0.0368514,0.050.050.055000.01.00.001
7.93e7,0.0498987,92.1277,-5718.69,0.0,-5056.87,1160.07,-0.251406,17339.3,17339.0,-0.000184466,0.0194258,0.017329,0.0367548,0.050.050.055000.01.00.001
7.94e7,0.0500689,92.2833,-5717.05,0.0,-5053.14,1164.03,-0.250911,17352.0,17351.7,-0.000179952,0.0194742,0.0174048,0.036879,0.050.050.055000.01.00.001
7.95e7,0.0500097,91.8498,-5717.21,0.0,-5054.21,1162.65,-0.251068,17373.7,17373.4,-0.000246338,0.0194452,0.017403,0.0368483,0.050.050.055000.01.00.001
7.96e7,0.0500456,92.3232,-5716.92,0.0,-5053.38,1163.48,-0.250961,17393.6,17393.3,-0.000160189,0.0194862,0.0173666,0.0368528,0.050.050.055000.01.00.001
7.97e7,0.049998,92.5708,-5717.11,0.0,-5053.35,1162.38,-0.25103,17416.1,17415.8,-1.70257e-6,0.0194638,0.0173872,0.036851,0.050.050.055000.01.00.001
7.98e7,0.0500438,92.3216,-5717.15,0.0,-5053.06,1163.44,-0.250943,17436.6,17436.4,-4.51681e-5,0.0194771,0.0174112,0.0368883,0.050.050.055000.01.00.001
7.99e7,0.0499498,91.4688,-5717.53,0.0,-5055.3,1161.26,-0.251228,17462.4,17462.2,-0.000313324,0.0194225,0.0174011,0.0368236,0.050.050.055000.01.00.001
8.0e7,0.0499527,91.4445,-5719.25,0.0,-5057.63,1161.33,-0.251375,17485.2,17485.0,-0.000252643,0.0194435,0.017342,0.0367855,0.050.050.055000.01.00.001
8.01e7,0.0500247,91.8483,-5720.83,0.0,-5056.87,1163.0,-0.251218,17503.2,17502.9,-0.000195443,0.0194772,0.017433,0.0369102,0.050.050.055000.01.00.001
8.02e7,0.0499841,92.6013,-5722.77,0.0,-5059.68,1162.06,-0.251459,17527.7,17527.4,3.10431e-6,0.0194687,0.0173372,0.036806,0.050.050.055000.01.00.001
8.03e7,0.0499797,91.9988,-5721.31,0.0,-5058.84,1161.95,-0.251412,17548.4,17548.2,-9.19665e-5,0.0194319,0.0173727,0.0368045,0.050.050.055000.01.00.001
8.04e7,0.0499944,91.9577,-5721.39,0.0,-5058.81,1162.29,-0.251388,17569.4,17569.1,-0.000232024,0.0194513,0.0173629,0.0368143,0.050.050.055000.01.00.001
8.05e7,0.0499646,92.2617,-5722.14,0.0,-5059.91,1161.6,-0.251504,17591.0,17590.8,-5.17653e-5,0.0194132,0.017359,0.0367722,0.050.050.055000.01.00.001
8.06e7,0.0500081,91.8045,-5721.73,0.0,-5058.91,1162.61,-0.251374,17610.5,17610.2,-0.000374765,0.0194802,0.0173596,0.0368398,0.050.050.055000.01.00.001
8.07e7,0.0500171,92.5119,-5721.76,0.0,-5058.76,1162.82,-0.251351,17632.8,17632.6,-0.000101016,0.0194595,0.0173466,0.0368062,0.050.050.055000.01.00.001
8.08e7,0.050047,92.0474,-5721.61,0.0,-5057.42,1163.52,-0.251219,17653.3,17653.0,-0.000318701,0.0194979,0.0174149,0.0369129,0.050.050.055000.01.00.001
8.09e7,0.0499656,92.9826,-5720.41,0.0,-5056.86,1161.63,-0.251306,17676.6,17676.4,2.62408e-5,0.0194584,0.017352,0.0368105,0.050.050.055000.01.00.001
8.1e7,0.0500215,92.5487,-5721.41,0.0,-5057.96,1162.92,-0.251292,17696.5,17696.2,-0.000202737,0.0194986,0.0173336,0.0368323,0.050.050.055000.01.00.001
8.11e7,0.0500893,92.7107,-5723.35,0.0,-5058.13,1164.5,-0.251202,17717.3,17717.0,-0.00019673,0.0195134,0.0174226,0.036936,0.050.050.055000.01.00.001
8.12e7,0.049967,93.1406,-5725.37,0.0,-5061.63,1161.66,-0.251611,17744.6,17744.4,4.04088e-5,0.0194842,0.0173287,0.036813,0.050.050.055000.01.00.001
8.13e7,0.0500051,93.1444,-5723.62,0.0,-5059.16,1162.54,-0.251394,17762.5,17762.2,4.76356e-5,0.0195081,0.0173511,0.0368591,0.050.050.055000.01.00.001
8.14e7,0.0499846,92.6086,-5723.78,0.0,-5060.29,1162.07,-0.251498,17785.8,17785.6,-6.62061e-5,0.0194821,0.0173491,0.0368312,0.050.050.055000.01.00.001
8.15e7,0.0499678,92.5478,-5724.28,0.0,-5061.27,1161.68,-0.251587,17806.4,17806.1,-0.00012328,0.0194556,0.0173481,0.0368037,0.050.050.055000.01.00.001
8.16e7,0.0500027,91.6714,-5723.68,0.0,-5060.5,1162.49,-0.251485,17824.9,17824.7,-0.000406363,0.0194789,0.0173921,0.036871,0.050.050.055000.01.00.001
8.17e7,0.0499636,92.1589,-5723.94,0.0,-5060.88,1161.58,-0.251568,17847.0,17846.8,-9.24566e-5,0.0194438,0.0173887,0.0368325,0.050.050.055000.01.00.001
8.18e7,0.0500766,92.3431,-5723.78,0.0,-5059.9,1164.21,-0.251335,17865.0,17864.7,-0.000106051,0.0194726,0.017401,0.0368736,0.050.050.055000.01.00.001
8.19e7,0.0500249,92.4064,-5723.99,0.0,-5060.46,1163.0,-0.251449,17888.2,17888.0,-0.000131138,0.0194709,0.0173758,0.0368467,0.050.050.055000.01.00.001
8.2e7,0.0499937,91.93,-5723.83,0.0,-5061.24,1162.28,-0.251546,17910.3,17910.0,-0.000168024,0.0194675,0.0173494,0.0368168,0.050.050.055000.01.00.001
8.21e7,0.0500119,91.3763,-5724.15,0.0,-5061.2,1162.7,-0.251516,17931.6,17931.4,-0.000430434,0.0194617,0.0174146,0.0368763,0.050.050.055000.01.00.001
8.22e7,0.0500014,91.6425,-5723.98,0.0,-5061.26,1162.46,-0.251536,17953.3,17953.0,-0.00037283,0.019466,0.0173774,0.0368434,0.050.050.055000.01.00.001
8.23e7,0.0499668,92.5489,-5723.9,0.0,-5060.76,1161.65,-0.251555,17974.0,17973.7,-1.70872e-5,0.0194548,0.0173576,0.0368124,0.050.050.055000.01.00.001
8.24e7,0.0499818,92.3705,-5722.93,0.0,-5059.8,1162.0,-0.251471,17993.1,17992.8,-8.91011e-5,0.0194724,0.0173506,0.036823,0.050.050.055000.01.00.001
8.25e7,0.0500277,92.092,-5716.67,0.0,-5053.64,1163.07,-0.251004,18009.0,18008.7,-6.46558e-5,0.0194866,0.0173482,0.0368348,0.050.050.055000.01.00.001
8.26e7,0.0500601,91.5906,-5715.88,0.0,-5052.68,1163.82,-0.250894,18029.4,18029.2,-0.000274693,0.0194874,0.0173905,0.0368779,0.050.050.055000.01.00.001
8.27e7,0.0499968,91.4271,-5712.58,0.0,-5049.94,1162.35,-0.250812,18048.7,18048.5,-0.00022886,0.0194535,0.0173994,0.0368529,0.050.050.055000.01.00.001
8.28e7,0.0500196,91.7389,-5710.38,0.0,-5047.76,1162.88,-0.250637,18065.5,18065.2,-8.0928e-5,0.01945,0.0173816,0.0368316,0.050.050.055000.01.00.001
8.29e7,0.0500243,91.3283,-5710.26,0.0,-5047.37,1162.99,-0.250605,18086.1,18085.9,-0.000272833,0.0194525,0.0174226,0.0368751,0.050.050.055000.01.00.001
8.3e7,0.0500305,92.0028,-5710.39,0.0,-5047.42,1163.13,-0.250599,18107.8,18107.6,-0.000105108,0.0194622,0.0173741,0.0368363,0.050.050.055000.01.00.001
8.31e7,0.0500221,91.589,-5710.48,0.0,-5048.3,1162.94,-0.250669,18128.3,18128.1,-0.000147311,0.0194552,0.0173568,0.036812,0.050.050.055000.01.00.001
8.32e7,0.0500029,92.0172,-5709.26,0.0,-5046.77,1162.49,-0.250599,18150.4,18150.1,0.000119582,0.0194143,0.0173898,0.0368041,0.050.050.055000.01.00.001
8.33e7,0.049983,91.3732,-5707.97,0.0,-5046.4,1162.03,-0.250604,18172.4,18172.2,-0.00014464,0.0194288,0.0173581,0.0367869,0.050.050.055000.01.00.001
8.34e7,0.0499758,91.9919,-5706.32,0.0,-5043.86,1161.86,-0.250452,18190.4,18190.2,0.000133154,0.0194252,0.0173789,0.0368041,0.050.050.055000.01.00.001
8.35e7,0.0500305,91.3254,-5705.59,0.0,-5043.18,1163.13,-0.250326,18208.4,18208.1,-0.000183357,0.0194394,0.0174047,0.0368442,0.050.050.055000.01.00.001
8.36e7,0.0500476,91.4699,-5705.17,0.0,-5042.76,1163.53,-0.250273,18229.1,18228.9,-0.000193324,0.0194628,0.017372,0.0368348,0.050.050.055000.01.00.001
8.37e7,0.0500338,92.1925,-5706.65,0.0,-5043.71,1163.21,-0.250354,18248.6,18248.3,-5.34596e-6,0.0194617,0.0173612,0.0368229,0.050.050.055000.01.00.001
8.38e7,0.0500351,92.1356,-5706.35,0.0,-5044.0,1163.24,-0.250372,18269.1,18268.8,7.32755e-5,0.0194519,0.0173362,0.0367881,0.050.050.055000.01.00.001
8.39e7,0.0500138,91.7757,-5705.43,0.0,-5042.88,1162.75,-0.250331,18288.4,18288.1,-8.15986e-5,0.0194473,0.017377,0.0368243,0.050.050.055000.01.00.001
8.4e7,0.0499837,91.0333,-5705.6,0.0,-5044.52,1162.05,-0.250483,18309.2,18308.9,-0.000272505,0.0194159,0.0173612,0.0367771,0.050.050.055000.01.00.001
8.41e7,0.0500421,91.4439,-5705.33,0.0,-5042.69,1163.4,-0.250276,18327.0,18326.8,-0.0001868,0.0194596,0.0173922,0.0368518,0.050.050.055000.01.00.001
8.42e7,0.0500215,91.5828,-5705.51,0.0,-5043.45,1162.92,-0.250356,18350.8,18350.5,-5.66597e-5,0.0194346,0.0173701,0.0368047,0.050.050.055000.01.00.001
8.43e7,0.0500666,91.8569,-5705.33,0.0,-5042.47,1163.97,-0.250226,18371.4,18371.1,0.000182717,0.019439,0.0173998,0.0368387,0.050.050.055000.01.00.001
8.44e7,0.0499865,90.9714,-5704.44,0.0,-5043.18,1162.11,-0.250391,18394.7,18394.4,-0.00016873,0.0194238,0.017369,0.0367928,0.050.050.055000.01.00.001
8.45e7,0.0500268,91.7236,-5703.68,0.0,-5040.78,1163.05,-0.250176,18411.9,18411.6,-5.89292e-5,0.0194371,0.0174129,0.03685,0.050.050.055000.01.00.001
8.46e7,0.0499646,91.859,-5703.72,0.0,-5041.71,1161.6,-0.250329,18432.4,18432.2,4.9827e-5,0.0194261,0.0173581,0.0367842,0.050.050.055000.01.00.001
8.47e7,0.0500765,92.6495,-5703.58,0.0,-5039.72,1164.2,-0.250034,18448.5,18448.3,0.000106847,0.0194652,0.0173869,0.0368521,0.050.050.055000.01.00.001
8.48e7,0.0500308,92.2298,-5705.31,0.0,-5042.38,1163.14,-0.250273,18471.8,18471.5,0.000250031,0.0194432,0.0173765,0.0368197,0.050.050.055000.01.00.001
8.49e7,0.0499807,91.8444,-5705.75,0.0,-5043.84,1161.98,-0.250443,18492.3,18492.0,8.28034e-5,0.0194076,0.0173708,0.0367785,0.050.050.055000.01.00.001
8.5e7,0.0499756,92.404,-5705.82,0.0,-5043.13,1161.86,-0.250405,18511.1,18510.8,0.000205642,0.0194304,0.0173619,0.0367923,0.050.050.055000.01.00.001
8.51e7,0.0500541,92.2156,-5705.62,0.0,-5042.51,1163.68,-0.250247,18529.2,18529.0,5.74358e-5,0.0194476,0.0173843,0.036832,0.050.050.055000.01.00.001
8.52e7,0.0500264,91.738,-5706.62,0.0,-5044.44,1163.04,-0.250413,18552.9,18552.7,-4.18499e-5,0.0194396,0.0173628,0.0368024,0.050.050.055000.01.00.001
8.53e7,0.0500133,91.499,-5706.5,0.0,-5044.29,1162.73,-0.250423,18572.0,18571.7,-0.000148127,0.0194413,0.0173789,0.0368202,0.050.050.055000.01.00.001
8.54e7,0.0500541,92.4495,-5706.34,0.0,-5043.12,1163.68,-0.250286,18587.5,18587.2,0.000161113,0.0194547,0.0173694,0.0368241,0.050.050.055000.01.00.001
8.55e7,0.0500624,91.7495,-5708.57,0.0,-5045.29,1163.88,-0.250414,18608.1,18607.8,-0.000322794,0.0194749,0.0173977,0.0368726,0.050.050.055000.01.00.001
8.56e7,0.0500176,92.0489,-5710.15,0.0,-5047.41,1162.83,-0.250618,18628.9,18628.7,-8.82354e-5,0.019463,0.0173553,0.0368183,0.050.050.055000.01.00.001
8.57e7,0.0499481,92.5381,-5711.22,0.0,-5048.69,1161.22,-0.250804,18652.3,18652.1,0.000169201,0.0194156,0.017358,0.0367736,0.050.050.055000.01.00.001
8.58e7,0.0499822,92.3092,-5708.86,0.0,-5046.22,1162.01,-0.250594,18671.2,18670.9,0.000134413,0.0194313,0.0173645,0.0367958,0.050.050.055000.01.00.001
8.59e7,0.0500121,91.6535,-5708.89,0.0,-5046.15,1162.71,-0.250545,18691.0,18690.8,-0.000120278,0.0194589,0.0173856,0.0368445,0.050.050.055000.01.00.001
8.6e7,0.0500199,92.094,-5710.9,0.0,-5047.77,1162.89,-0.250637,18712.7,18712.5,6.40245e-6,0.0194467,0.0173944,0.0368411,0.050.050.055000.01.00.001
8.61e7,0.0499506,92.5429,-5714.52,0.0,-5052.05,1161.28,-0.251018,18739.3,18739.0,5.30074e-5,0.0194316,0.0173377,0.0367693,0.050.050.055000.01.00.001
8.62e7,0.0499881,92.1156,-5714.28,0.0,-5051.34,1162.15,-0.250916,18759.5,18759.2,4.26455e-7,0.0194633,0.0173638,0.0368271,0.050.050.055000.01.00.001
8.63e7,0.0500218,92.2401,-5713.1,0.0,-5049.43,1162.93,-0.250742,18778.2,18777.9,3.89311e-5,0.0194648,0.0174011,0.0368659,0.050.050.055000.01.00.001
8.64e7,0.0499623,91.9118,-5712.28,0.0,-5050.1,1161.55,-0.250874,18803.2,18803.0,-0.000116808,0.0194263,0.0173656,0.0367919,0.050.050.055000.01.00.001
8.65e7,0.0499968,91.9042,-5712.18,0.0,-5050.1,1162.35,-0.250823,18824.7,18824.5,-0.000157231,0.0194519,0.0173338,0.0367857,0.050.050.055000.01.00.001
8.66e7,0.0499784,92.1233,-5712.38,0.0,-5049.51,1161.92,-0.250812,18848.4,18848.2,2.834e-5,0.0194262,0.0173958,0.0368221,0.050.050.055000.01.00.001
8.67e7,0.0500236,91.8434,-5712.44,0.0,-5049.32,1162.97,-0.250732,18866.6,18866.3,-0.00010693,0.0194343,0.0174218,0.0368561,0.050.050.055000.01.00.001
8.68e7,0.0499736,91.9052,-5712.68,0.0,-5049.81,1161.81,-0.250839,18889.4,18889.1,-7.69603e-5,0.0194387,0.0173978,0.0368366,0.050.050.055000.01.00.001
8.69e7,0.0500512,92.2868,-5714.05,0.0,-5050.7,1163.62,-0.25078,18910.2,18909.9,-9.43452e-5,0.0194514,0.017391,0.0368425,0.050.050.055000.01.00.001
8.7e7,0.0499876,91.9889,-5714.54,0.0,-5052.14,1162.14,-0.250968,18934.4,18934.1,9.14895e-6,0.019427,0.0173736,0.0368007,0.050.050.055000.01.00.001
8.71e7,0.0500237,92.3109,-5713.99,0.0,-5050.82,1162.98,-0.250828,18951.7,18951.4,-2.63587e-5,0.0194776,0.0173523,0.0368298,0.050.050.055000.01.00.001
8.72e7,0.0499673,91.6943,-5714.47,0.0,-5052.28,1161.67,-0.251007,18974.0,18973.8,-5.39619e-5,0.0194267,0.0173795,0.0368062,0.050.050.055000.01.00.001
8.73e7,0.0499716,91.6049,-5715.09,0.0,-5053.26,1161.76,-0.251064,18995.8,18995.5,-0.000172573,0.01943,0.0173585,0.0367885,0.050.050.055000.01.00.001
8.74e7,0.0500142,92.1215,-5713.56,0.0,-5050.51,1162.76,-0.250823,19013.4,19013.1,1.72249e-5,0.0194329,0.0174007,0.0368336,0.050.050.055000.01.00.001
8.75e7,0.0500272,92.1694,-5712.31,0.0,-5049.3,1163.06,-0.250726,19033.2,19032.9,-5.257e-5,0.0194527,0.0173755,0.0368282,0.050.050.055000.01.00.001
8.76e7,0.0500018,91.8958,-5712.16,0.0,-5049.59,1162.47,-0.250782,19053.2,19052.9,-0.00022621,0.0194547,0.0173634,0.0368181,0.050.050.055000.01.00.001
8.77e7,0.0500147,92.3354,-5712.23,0.0,-5049.09,1162.77,-0.250731,19073.4,19073.2,7.46432e-5,0.0194507,0.0173751,0.0368259,0.050.050.055000.01.00.001
8.78e7,0.0500413,92.4339,-5714.42,0.0,-5050.68,1163.39,-0.250793,19093.2,19093.0,0.000138582,0.0194406,0.017418,0.0368586,0.050.050.055000.01.00.001
8.79e7,0.0500306,92.2442,-5716.37,0.0,-5052.92,1163.14,-0.250954,19113.1,19112.8,1.08749e-5,0.019466,0.0173855,0.0368515,0.050.050.055000.01.00.001
8.8e7,0.0499805,91.6214,-5718.27,0.0,-5055.58,1161.97,-0.251201,19135.3,19135.0,-0.000261679,0.0194441,0.0173989,0.0368431,0.050.050.055000.01.00.001
8.81e7,0.0499672,91.9299,-5718.4,0.0,-5056.25,1161.66,-0.251264,19157.2,19157.0,-0.000188452,0.0194558,0.0173325,0.0367883,0.050.050.055000.01.00.001
8.82e7,0.0500286,91.7469,-5718.18,0.0,-5055.23,1163.09,-0.251106,19176.8,19176.5,-0.000209057,0.0194606,0.0173911,0.0368517,0.050.050.055000.01.00.001
8.83e7,0.050046,92.2259,-5718.08,0.0,-5054.98,1163.49,-0.251063,19198.7,19198.4,-8.75317e-6,0.0194641,0.0173666,0.0368307,0.050.050.055000.01.00.001
8.84e7,0.0500019,92.6333,-5716.38,0.0,-5053.03,1162.47,-0.251004,19218.4,19218.2,0.000173527,0.0194435,0.0173764,0.0368199,0.050.050.055000.01.00.001
8.85e7,0.0499721,92.3173,-5716.13,0.0,-5052.87,1161.78,-0.251038,19239.5,19239.2,7.05393e-5,0.0194408,0.0173941,0.0368349,0.050.050.055000.01.00.001
8.86e7,0.0499718,92.4769,-5715.98,0.0,-5052.97,1161.77,-0.251045,19261.5,19261.2,7.7184e-5,0.019447,0.0173614,0.0368083,0.050.050.055000.01.00.001
8.87e7,0.0500071,92.6392,-5716.23,0.0,-5053.04,1162.59,-0.250997,19281.8,19281.6,0.000100258,0.0194569,0.0173526,0.0368094,0.050.050.055000.01.00.001
8.88e7,0.0500407,92.4588,-5715.1,0.0,-5051.84,1163.37,-0.250869,19300.6,19300.4,6.47148e-5,0.019463,0.0173624,0.0368255,0.050.050.055000.01.00.001
8.89e7,0.0500002,92.2672,-5718.27,0.0,-5055.27,1162.43,-0.251151,19324.3,19324.0,1.18325e-5,0.0194602,0.0173615,0.0368216,0.050.050.055000.01.00.001
8.9e7,0.0499816,91.7255,-5718.37,0.0,-5055.8,1162.0,-0.251213,19346.3,19346.1,-0.000184057,0.0194572,0.0173717,0.0368289,0.050.050.055000.01.00.001
8.91e7,0.0499563,91.5274,-5718.35,0.0,-5056.48,1161.41,-0.251295,19366.6,19366.3,-0.000213992,0.019425,0.0173714,0.0367964,0.050.050.055000.01.00.001
8.92e7,0.0499902,92.1557,-5717.22,0.0,-5054.49,1162.2,-0.251116,19383.7,19383.4,4.46207e-5,0.0194095,0.0174017,0.0368112,0.050.050.055000.01.00.001
8.93e7,0.0500048,91.9465,-5716.34,0.0,-5053.14,1162.54,-0.251007,19401.2,19400.9,-0.000235936,0.0194571,0.0173979,0.036855,0.050.050.055000.01.00.001
8.94e7,0.0499684,92.1233,-5714.39,0.0,-5051.91,1161.69,-0.250982,19420.8,19420.6,-3.00724e-5,0.0194483,0.0173484,0.0367968,0.050.050.055000.01.00.001
8.95e7,0.0500091,91.9141,-5714.59,0.0,-5051.87,1162.64,-0.250918,19439.4,19439.1,-0.00011997,0.0194731,0.0173529,0.0368261,0.050.050.055000.01.00.001
8.96e7,0.0500081,92.2126,-5715.37,0.0,-5052.59,1162.61,-0.250966,19460.7,19460.4,0.000104385,0.0194468,0.017364,0.0368108,0.050.050.055000.01.00.001
8.97e7,0.0500004,92.4385,-5717.24,0.0,-5053.78,1162.43,-0.251055,19483.7,19483.4,0.000106139,0.0194645,0.0173753,0.0368398,0.050.050.055000.01.00.001
8.98e7,0.0500062,92.0892,-5718.44,0.0,-5055.41,1162.57,-0.251151,19506.8,19506.6,-9.8361e-5,0.0194248,0.0174098,0.0368346,0.050.050.055000.01.00.001
8.99e7,0.0500178,91.634,-5718.37,0.0,-5055.95,1162.84,-0.251168,19526.9,19526.6,-0.000252615,0.0194362,0.0173888,0.036825,0.050.050.055000.01.00.001
9.0e7,0.0500001,90.9815,-5718.16,0.0,-5056.67,1162.43,-0.251242,19548.0,19547.7,-0.000468837,0.0194443,0.0173627,0.036807,0.050.050.055000.01.00.001
9.01e7,0.0499791,91.9052,-5718.33,0.0,-5056.0,1161.94,-0.25123,19570.1,19569.9,-3.4294e-5,0.0194382,0.0173629,0.0368011,0.050.050.055000.01.00.001
9.02e7,0.0500004,92.3065,-5718.3,0.0,-5055.5,1162.43,-0.251165,19590.2,19589.9,0.000116204,0.0194424,0.0173637,0.0368061,0.050.050.055000.01.00.001
9.03e7,0.0499928,92.5046,-5718.42,0.0,-5055.78,1162.26,-0.251195,19610.2,19609.9,3.91e-5,0.0194396,0.0173437,0.0367832,0.050.050.055000.01.00.001
9.04e7,0.0500134,92.0544,-5717.38,0.0,-5054.99,1162.74,-0.251113,19627.9,19627.7,-9.97293e-6,0.0194451,0.0173507,0.0367958,0.050.050.055000.01.00.001
9.05e7,0.0500106,92.2823,-5715.74,0.0,-5052.78,1162.67,-0.250975,19646.0,19645.8,3.9488e-5,0.0194547,0.0173636,0.0368183,0.050.050.055000.01.00.001
9.06e7,0.0499993,91.5615,-5714.92,0.0,-5052.71,1162.41,-0.250987,19665.8,19665.6,-0.000229369,0.0194557,0.0173604,0.036816,0.050.050.055000.01.00.001
9.07e7,0.0500708,92.2308,-5714.72,0.0,-5051.49,1164.07,-0.250801,19682.1,19681.9,-5.89407e-5,0.0194625,0.0173763,0.0368388,0.050.050.055000.01.00.001
9.08e7,0.0499758,91.8688,-5715.19,0.0,-5053.16,1161.86,-0.251052,19705.5,19705.3,-0.000131313,0.01947,0.0173148,0.0367848,0.050.050.055000.01.00.001
9.09e7,0.0499393,91.518,-5715.34,0.0,-5053.89,1161.01,-0.251153,19727.9,19727.6,-0.000237973,0.0194554,0.0173143,0.0367697,0.050.050.055000.01.00.001
9.1e7,0.0500196,91.8606,-5714.21,0.0,-5051.2,1162.88,-0.250859,19744.0,19743.7,-0.000225458,0.0194649,0.0173839,0.0368488,0.050.050.055000.01.00.001
9.11e7,0.0500435,91.9015,-5714.29,0.0,-5051.61,1163.44,-0.25085,19762.7,19762.5,-0.000163002,0.0194678,0.0173569,0.0368246,0.050.050.055000.01.00.001
9.12e7,0.0500569,91.6214,-5711.81,0.0,-5049.59,1163.75,-0.2507,19781.8,19781.5,-0.000115981,0.0194635,0.0173491,0.0368125,0.050.050.055000.01.00.001
9.13e7,0.0500386,91.0139,-5708.37,0.0,-5046.37,1163.32,-0.250519,19802.7,19802.4,-0.0002783,0.0194513,0.0173865,0.0368378,0.050.050.055000.01.00.001
9.14e7,0.0499778,91.332,-5708.85,0.0,-5047.11,1161.91,-0.250658,19824.4,19824.1,-0.000185428,0.019419,0.0173817,0.0368006,0.050.050.055000.01.00.001
9.15e7,0.0500232,90.9158,-5708.47,0.0,-5046.93,1162.97,-0.250579,19845.1,19844.9,-0.000331747,0.0194585,0.0173555,0.036814,0.050.050.055000.01.00.001
9.16e7,0.0499932,90.9266,-5708.29,0.0,-5046.59,1162.27,-0.250602,19868.0,19867.7,-0.000350391,0.0194424,0.0173817,0.0368241,0.050.050.055000.01.00.001
9.17e7,0.0499875,91.4583,-5706.53,0.0,-5044.96,1162.14,-0.250505,19888.1,19887.9,-0.000234139,0.0194456,0.0173359,0.0367815,0.050.050.055000.01.00.001
9.18e7,0.0499981,91.4341,-5708.66,0.0,-5046.73,1162.38,-0.250603,19908.5,19908.3,-6.1307e-5,0.0194185,0.0173879,0.0368063,0.050.050.055000.01.00.001
9.19e7,0.050029,91.764,-5708.41,0.0,-5046.12,1163.1,-0.250517,19927.0,19926.7,-0.000111687,0.0194563,0.0173515,0.0368079,0.050.050.055000.01.00.001
9.2e7,0.0500121,92.1684,-5708.47,0.0,-5045.53,1162.71,-0.250505,19946.8,19946.6,4.73612e-5,0.0194373,0.0173866,0.0368239,0.050.050.055000.01.00.001
9.21e7,0.0500229,91.0974,-5709.57,0.0,-5047.17,1162.96,-0.250595,19969.2,19968.9,-0.00022999,0.019459,0.017399,0.0368581,0.050.050.055000.01.00.001
9.22e7,0.0500176,91.175,-5711.31,0.0,-5049.0,1162.83,-0.25072,19993.1,19992.9,-0.00042156,0.019448,0.0173995,0.0368475,0.050.050.055000.01.00.001
9.23e7,0.0500594,91.6191,-5712.45,0.0,-5048.94,1163.81,-0.250654,20014.0,20013.8,-0.000129767,0.0194709,0.0174253,0.0368963,0.050.050.055000.01.00.001
9.24e7,0.0499892,90.9329,-5712.59,0.0,-5050.9,1162.17,-0.250885,20038.0,20037.7,-0.000454155,0.0194393,0.017384,0.0368233,0.050.050.055000.01.00.001
9.25e7,0.0499805,91.3582,-5714.3,0.0,-5052.59,1161.97,-0.251008,20060.7,20060.4,-0.000121359,0.0194509,0.0173456,0.0367965,0.050.050.055000.01.00.001
9.26e7,0.0499644,90.7609,-5714.85,0.0,-5054.07,1161.6,-0.251127,20083.3,20083.0,-0.0003612,0.0193964,0.0173789,0.0367753,0.050.050.055000.01.00.001
9.27e7,0.0499786,91.5423,-5716.29,0.0,-5054.82,1161.93,-0.251155,20102.3,20102.1,-0.000228894,0.0194386,0.0173309,0.0367694,0.050.050.055000.01.00.001
9.28e7,0.0500241,92.3026,-5716.1,0.0,-5052.99,1162.99,-0.250968,20118.0,20117.7,-5.5966e-5,0.0194776,0.0173486,0.0368262,0.050.050.055000.01.00.001
9.29e7,0.0499586,91.5006,-5714.09,0.0,-5052.35,1161.46,-0.251025,20139.4,20139.2,-0.000232375,0.0194496,0.0173398,0.0367894,0.050.050.055000.01.00.001
9.3e7,0.050011,91.3971,-5712.1,0.0,-5049.87,1162.68,-0.250787,20156.9,20156.6,-0.000262927,0.0194609,0.0173664,0.0368273,0.050.050.055000.01.00.001
9.31e7,0.0500281,92.0769,-5712.31,0.0,-5049.82,1163.08,-0.250758,20176.9,20176.7,9.32138e-5,0.0194375,0.0173634,0.0368009,0.050.050.055000.01.00.001
9.32e7,0.0499806,91.583,-5712.47,0.0,-5050.82,1161.97,-0.250893,20200.0,20199.8,-0.000126641,0.0194004,0.0173779,0.0367783,0.050.050.055000.01.00.001
9.33e7,0.0500686,91.7897,-5712.28,0.0,-5049.63,1164.02,-0.250684,20218.3,20218.1,-0.000125773,0.0194587,0.0173709,0.0368296,0.050.050.055000.01.00.001
9.34e7,0.0499244,91.586,-5714.14,0.0,-5052.53,1160.67,-0.251088,20246.0,20245.8,-0.000127795,0.0194173,0.0173583,0.0367755,0.050.050.055000.01.00.001
9.35e7,0.0500063,91.9823,-5712.57,0.0,-5050.39,1162.57,-0.250827,20263.1,20262.9,2.56845e-5,0.0194377,0.0173489,0.0367866,0.050.050.055000.01.00.001
9.36e7,0.0499543,91.3496,-5712.85,0.0,-5051.15,1161.36,-0.250954,20284.2,20283.9,-0.000228032,0.0194025,0.0173947,0.0367971,0.050.050.055000.01.00.001
9.37e7,0.0500411,91.1335,-5712.44,0.0,-5050.75,1163.38,-0.250798,20302.6,20302.4,-0.000253067,0.019442,0.0173682,0.0368102,0.050.050.055000.01.00.001
9.38e7,0.0500424,90.8174,-5712.28,0.0,-5050.47,1163.41,-0.250778,20322.4,20322.2,-0.000397702,0.0194594,0.0173792,0.0368386,0.050.050.055000.01.00.001
9.39e7,0.0500101,92.3601,-5712.35,0.0,-5049.39,1162.66,-0.250757,20342.6,20342.4,-2.28226e-5,0.0194659,0.0173472,0.0368131,0.050.050.055000.01.00.001
9.4e7,0.0500103,91.7676,-5712.18,0.0,-5049.86,1162.66,-0.250787,20364.8,20364.5,-0.000275098,0.0194378,0.0173718,0.0368097,0.050.050.055000.01.00.001
9.41e7,0.0500726,91.9845,-5712.27,0.0,-5048.45,1164.11,-0.250602,20382.2,20382.0,-0.000282622,0.0194729,0.0174195,0.0368924,0.050.050.055000.01.00.001
9.42e7,0.0500467,91.6414,-5714.01,0.0,-5051.23,1163.51,-0.25082,20404.9,20404.7,-0.000301094,0.0194734,0.0173743,0.0368477,0.050.050.055000.01.00.001
9.43e7,0.049965,91.7756,-5714.79,0.0,-5052.66,1161.61,-0.251036,20428.9,20428.7,-0.000102481,0.0194219,0.0173749,0.0367968,0.050.050.055000.01.00.001
9.44e7,0.0500166,91.6476,-5714.47,0.0,-5052.21,1162.81,-0.250929,20446.9,20446.6,-0.00024952,0.0194654,0.0173486,0.036814,0.050.050.055000.01.00.001
9.45e7,0.0499887,90.9151,-5714.13,0.0,-5052.75,1162.16,-0.251006,20466.4,20466.1,-0.000399954,0.019452,0.017352,0.036804,0.050.050.055000.01.00.001
9.46e7,0.0500125,91.6866,-5714.34,0.0,-5051.75,1162.72,-0.250906,20484.6,20484.3,-0.000115683,0.0194489,0.0173836,0.0368325,0.050.050.055000.01.00.001
9.47e7,0.0499972,91.3031,-5714.33,0.0,-5052.32,1162.36,-0.250965,20506.1,20505.8,-0.00020967,0.0194507,0.0173689,0.0368196,0.050.050.055000.01.00.001
9.48e7,0.0499958,91.0112,-5714.47,0.0,-5053.22,1162.33,-0.251026,20528.6,20528.3,-0.000271138,0.0194375,0.0173519,0.0367894,0.050.050.055000.01.00.001
9.49e7,0.0500462,91.5998,-5712.24,0.0,-5049.46,1163.5,-0.250707,20545.4,20545.2,-0.000251585,0.0194695,0.0173808,0.0368503,0.050.050.055000.01.00.001
9.5e7,0.0500379,91.8328,-5712.23,0.0,-5048.92,1163.31,-0.250685,20568.3,20568.1,-0.00017502,0.0194751,0.0173943,0.0368694,0.050.050.055000.01.00.001
9.51e7,0.0500117,92.1874,-5712.59,0.0,-5049.71,1162.7,-0.250775,20592.2,20591.9,3.2439e-5,0.0194295,0.0173893,0.0368188,0.050.050.055000.01.00.001
9.52e7,0.0500108,91.6837,-5712.16,0.0,-5049.62,1162.68,-0.25077,20611.5,20611.3,-0.000341933,0.0194874,0.0173421,0.0368294,0.050.050.055000.01.00.001
9.53e7,0.0500149,92.0326,-5712.28,0.0,-5049.94,1162.77,-0.250785,20634.8,20634.5,3.42197e-5,0.0194417,0.017352,0.0367937,0.050.050.055000.01.00.001
9.54e7,0.0500186,91.5075,-5712.34,0.0,-5050.07,1162.86,-0.250788,20656.6,20656.3,-0.000237607,0.0194558,0.0173675,0.0368233,0.050.050.055000.01.00.001
9.55e7,0.04994,91.2484,-5712.54,0.0,-5051.48,1161.03,-0.250997,20681.0,20680.8,-0.000215011,0.0194037,0.0173583,0.036762,0.050.050.055000.01.00.001
