TimeStep,c_t,c_wcaPair,c_patchPair,c_swapPair,c_ep,c_ek,v_eT,v_ec,v_eC,c_p,v_eB,v_eA,v_eM,id
100000.0,0.0142122,0.07047796666666667,-38.38786666666667,0.0,257.02433333333335,330.41233333333327,0.037899133333333335,42461.03333333333,42461.066666666666,9.355953333333334e-5,0.0077603966666666665,0.0112939,0.0190543,0.010.050.055000.01.00.001
200000.0,0.0149851,0.8495773333333334,-253.57833333333338,0.0,-93.25869999999999,348.3813333333333,0.016459500000000002,42793.13333333334,42793.166666666664,0.000272434,0.005108343333333334,0.005180046666666666,0.0102884,0.010.050.055000.01.00.001
300000.0,0.024998033333333336,3.153363333333333,-555.2473333333332,0.0,-285.6936666666666,581.1666666666666,0.019062766666666665,42752.43333333334,42752.5,0.000426538,0.00853291,0.008654199999999999,0.0171871,0.010.050.055000.01.00.001
400000.0,0.035008700000000004,7.619243333333333,-908.3113333333334,0.0,-526.8026666666666,813.9,0.018522433333333334,42760.166666666664,42760.2,0.000549429,0.012001166666666667,0.012120666666666667,0.0241219,0.010.050.055000.01.00.001
500000.0,0.04501343333333333,14.292433333333335,-1265.22,0.0,-768.2596666666667,1046.4933333333333,0.017950666666666667,42767.96666666667,42768.0,0.0006438389999999999,0.015530666666666667,0.015609,0.031139633333333333,0.010.050.055000.01.00.001
600000.0,0.05010536666666667,20.69093333333333,-1630.0033333333333,0.0,-1070.7533333333333,1164.8733333333334,0.006072366666666666,165.88666666666666,165.89266666666666,0.0006466323333333333,0.017376833333333334,0.017369033333333332,0.03474583333333333,0.010.050.055000.01.00.001
700000.0,0.0500592,24.552900000000005,-1926.6266666666668,0.0,-1362.5466666666664,1163.8033333333333,-0.0128223,456.0366666666667,456.02400000000006,0.0005902139999999999,0.017418366666666667,0.0173896,0.034808,0.010.050.055000.01.00.001
800000.0,0.05005213333333333,27.7313,-2173.5066666666667,0.0,-1605.7866666666666,1163.64,-0.028525666666666668,696.4866666666667,696.4576666666666,0.0005430223333333334,0.017468366666666665,0.017369633333333332,0.034838,0.010.050.055000.01.00.001
900000.0,0.050055133333333335,30.456466666666667,-2379.266666666667,0.0,-1807.8066666666666,1163.7066666666667,-0.04155486666666667,895.9263333333333,895.8846666666667,0.0005033666666666666,0.017512366666666668,0.017391133333333336,0.0349035,0.010.050.055000.01.00.001
1.0e6,0.05000846666666667,32.8114,-2560.016666666667,0.0,-1986.04,1162.6266666666668,-0.05312363333333333,1073.12,1073.0666666666666,0.00047196866666666666,0.017527833333333336,0.017386133333333335,0.0349139,0.010.050.055000.01.00.001
1.1e6,0.050050166666666666,34.71986666666667,-2712.356666666667,0.0,-2135.486666666667,1163.59,-0.06270303333333334,1220.71,1220.6466666666665,0.00044102000000000003,0.017580933333333333,0.017396433333333332,0.03497733333333333,0.010.050.055000.01.00.001
1.2e6,0.05003676666666667,36.45586666666667,-2843.6999999999994,0.0,-2264.683333333333,1163.2833333333335,-0.0710583,1348.6133333333335,1348.5433333333333,0.00041378266666666666,0.017634,0.01737,0.035004,0.010.050.055000.01.00.001
1.3e6,0.050033933333333336,38.29606666666667,-2975.0266666666666,0.0,-2394.0266666666666,1163.2133333333334,-0.07940736666666666,1476.1533333333334,1476.0733333333335,0.00038949499999999996,0.017673866666666666,0.017339233333333332,0.0350131,0.010.050.055000.01.00.001
1.4e6,0.050038566666666666,39.864599999999996,-3091.2466666666664,0.0,-2508.0533333333333,1163.32,-0.08675693333333333,1588.5266666666666,1588.4399999999998,0.00037111900000000005,0.017681433333333333,0.01737196666666667,0.03505339999999999,0.010.050.055000.01.00.001
1.5e6,0.05000253333333334,41.11853333333333,-3190.7333333333336,0.0,-2606.486666666667,1162.4833333333333,-0.09316136666666668,1686.6166666666668,1686.5266666666666,0.00034851733333333333,0.017696933333333335,0.01734353333333333,0.035040433333333336,0.010.050.055000.01.00.001
1.6e6,0.050026400000000006,42.37943333333333,-3277.103333333333,0.0,-2691.26,1163.0366666666666,-0.09859493333333334,1770.8066666666666,1770.7066666666667,0.0003299236666666667,0.017714266666666666,0.017347833333333333,0.03506206666666667,0.010.050.055000.01.00.001
1.7e6,0.05000206666666667,43.352666666666664,-3356.1366666666668,0.0,-2768.44,1162.4733333333334,-0.10361066666666667,1848.426666666667,1848.3266666666666,0.0003143743333333333,0.017746266666666666,0.017372766666666664,0.035119033333333334,0.010.050.055000.01.00.001
1.8e6,0.05000173333333333,44.4586,-3435.1666666666665,0.0,-2845.9366666666665,1162.4666666666665,-0.108611,1924.7266666666667,1924.62,0.00029632233333333333,0.017767966666666666,0.017378599999999998,0.03514656666666666,0.010.050.055000.01.00.001
1.9e6,0.0500277,45.48073333333334,-3506.056666666667,0.0,-2915.4266666666667,1163.07,-0.11305533333333334,1992.3833333333332,1992.2666666666664,0.000285954,0.0178029,0.017368033333333335,0.03517093333333333,0.010.050.055000.01.00.001
2.0e6,0.050005633333333334,46.528,-3576.41,0.0,-2984.36,1162.5566666666666,-0.11753566666666666,2061.2966666666666,2061.18,0.0002741623333333333,0.0178106,0.017384466666666668,0.03519513333333333,0.010.050.055000.01.00.001
2.1e6,0.05002403333333333,47.38126666666667,-3640.4966666666674,0.0,-3047.3933333333334,1162.9833333333333,-0.12157466666666666,2123.14,2123.02,0.000247654,0.017840666666666668,0.017367366666666665,0.03520803333333333,0.010.050.055000.01.00.001
2.2e6,0.05002406666666667,48.08893333333333,-3691.83,0.0,-3097.74,1162.9866666666667,-0.12482266666666668,2173.8566666666666,2173.733333333333,0.00024946166666666667,0.017865133333333335,0.017360866666666665,0.035226,0.010.050.055000.01.00.001
2.3e6,0.049986466666666673,48.707899999999995,-3736.8933333333334,0.0,-3142.516666666667,1162.11,-0.127768,2221.226666666667,2221.1,0.00023904633333333332,0.017848866666666668,0.017355699999999998,0.035204599999999996,0.010.050.055000.01.00.001
2.4e6,0.0500196,49.53549999999999,-3788.7566666666667,0.0,-3192.7166666666667,1162.88,-0.130957,2272.0133333333333,2271.883333333333,0.00023200433333333333,0.0178807,0.0173775,0.035258199999999996,0.010.050.055000.01.00.001
2.5e6,0.04999383333333333,50.03403333333333,-3834.443333333333,0.0,-3238.0733333333333,1162.28,-0.13392199999999999,2318.8166666666666,2318.68,0.00023430233333333333,0.017886333333333334,0.017361066666666664,0.035247400000000005,0.010.050.055000.01.00.001
2.6e6,0.05000756666666667,50.788333333333334,-3880.4233333333336,0.0,-3283.1800000000003,1162.6033333333332,-0.13681133333333334,2363.6066666666666,2363.47,0.000212981,0.0179102,0.017345233333333335,0.03525536666666667,0.010.050.055000.01.00.001
2.7e6,0.05003733333333333,51.535533333333326,-3926.8866666666668,0.0,-3328.193333333333,1163.2933333333333,-0.139671,2408.936666666667,2408.7966666666666,0.0002019076666666667,0.01793423333333333,0.017366299999999998,0.035300533333333335,0.010.050.055000.01.00.001
2.8e6,0.05003106666666666,52.17770000000001,-3965.353333333333,0.0,-3365.726666666667,1163.1466666666668,-0.142102,2447.373333333333,2447.23,0.00019480833333333333,0.017954266666666666,0.017364966666666665,0.03531926666666667,0.010.050.055000.01.00.001
2.9e6,0.049986166666666665,52.64576666666667,-4005.126666666667,0.0,-3405.6299999999997,1162.1033333333335,-0.14474366666666666,2488.8699999999994,2488.7233333333334,0.00019856433333333333,0.017931533333333333,0.017349233333333335,0.035280766666666664,0.010.050.055000.01.00.001
3.0e6,0.05000960000000001,52.954366666666665,-4035.89,0.0,-3435.4133333333334,1162.6466666666668,-0.14663,2519.6733333333336,2519.5266666666666,0.00017580566666666668,0.017957266666666666,0.0173665,0.03532373333333333,0.010.050.055000.01.00.001
3.1e6,0.050008166666666666,53.65646666666667,-4064.9233333333336,0.0,-3463.3733333333334,1162.6133333333335,-0.14843633333333334,2549.013333333333,2548.8633333333332,0.00017835233333333335,0.017971633333333334,0.0173765,0.03534816666666667,0.010.050.055000.01.00.001
3.2e6,0.04999306666666667,54.16483333333333,-4098.156666666667,0.0,-3496.06,1162.2633333333333,-0.15056766666666668,2584.0766666666664,2583.9266666666667,0.00018317633333333333,0.0179822,0.017367999999999998,0.0353502,0.010.050.055000.01.00.001
3.3e6,0.050002500000000005,54.53243333333334,-4123.88,0.0,-3521.1100000000006,1162.4833333333333,-0.15216933333333335,2611.523333333333,2611.3733333333334,0.00017850433333333336,0.01799666666666667,0.017373366666666668,0.035370033333333335,0.010.050.055000.01.00.001
3.4e6,0.05001743333333333,54.90290000000001,-4152.136666666666,0.0,-3549.0699999999997,1162.8300000000002,-0.15395099999999998,2641.7599999999998,2641.6066666666666,0.000163766,0.01800526666666667,0.01736006666666667,0.03536533333333333,0.010.050.055000.01.00.001
3.5e6,0.04997533333333334,55.46403333333333,-4177.740000000001,0.0,-3574.096666666667,1161.85,-0.155629,2669.0499999999997,2668.896666666667,0.00016884533333333333,0.0180075,0.017358866666666667,0.03536636666666667,0.010.050.055000.01.00.001
3.6e6,0.05000273333333333,56.14366666666666,-4203.443333333333,0.0,-3598.6633333333334,1162.49,-0.15717233333333333,2694.7466666666664,2694.5933333333337,0.0001641263333333333,0.018024066666666668,0.017371966666666665,0.035396033333333334,0.010.050.055000.01.00.001
3.7e6,0.049967733333333327,56.19433333333333,-4227.263333333333,0.0,-3622.456666666667,1161.6733333333334,-0.1587603333333333,2721.0,2720.8399999999997,0.00014364266666666667,0.018037966666666665,0.017356366666666668,0.03539433333333333,0.010.050.055000.01.00.001
3.8e6,0.0500147,56.38373333333333,-4245.77,0.0,-3640.2899999999995,1162.7666666666667,-0.15984033333333333,2740.4300000000003,2740.27,0.00013937033333333334,0.018073966666666667,0.017351566666666665,0.035425533333333335,0.010.050.055000.01.00.001
3.9e6,0.0499934,56.74066666666667,-4268.806666666666,0.0,-3663.236666666666,1162.2733333333333,-0.16135266666666667,2766.513333333333,2766.353333333333,0.00013918466666666666,0.018038466666666666,0.017369700000000002,0.0354082,0.010.050.055000.01.00.001
4.0e6,0.049988066666666664,57.04176666666667,-4289.816666666667,0.0,-3683.6966666666667,1162.1466666666665,-0.16268066666666667,2789.0633333333335,2788.9,0.00013605,0.018045266666666667,0.017378966666666665,0.03542426666666667,0.010.050.055000.01.00.001
4.1e6,0.05000116666666666,57.202799999999996,-4307.486666666667,0.0,-3700.6666666666665,1162.4499999999998,-0.163756,2808.7033333333334,2808.536666666667,0.0001278383333333333,0.018102299999999998,0.017356633333333333,0.03545896666666667,0.010.050.055000.01.00.001
4.2e6,0.0499929,57.661833333333334,-4334.2733333333335,0.0,-3727.443333333333,1162.26,-0.16549566666666668,2837.443333333333,2837.2766666666666,0.00012879099999999998,0.0180607,0.0173699,0.03543063333333333,0.010.050.055000.01.00.001
4.3e6,0.050025099999999996,58.355066666666666,-4359.973333333332,0.0,-3751.5733333333333,1163.01,-0.16700433333333334,2863.146666666667,2862.9833333333336,0.00012881,0.01810553333333333,0.017380999999999997,0.035486566666666663,0.010.050.055000.01.00.001
4.4e6,0.0499634,58.713699999999996,-4380.143333333333,0.0,-3772.2466666666674,1161.5733333333335,-0.1684306666666667,2888.366666666667,2888.1966666666667,0.00012820666666666668,0.0180726,0.017358766666666667,0.035431333333333336,0.010.050.055000.01.00.001
4.5e6,0.0499891,59.07736666666667,-4398.376666666667,0.0,-3789.7100000000005,1162.17,-0.16951866666666668,2908.2100000000005,2908.0399999999995,0.000131437,0.018112266666666665,0.0173449,0.03545716666666667,0.010.050.055000.01.00.001
4.6e6,0.050009066666666664,59.115166666666674,-4414.496666666667,0.0,-3805.1200000000003,1162.6366666666668,-0.17048266666666667,2926.7233333333334,2926.5533333333333,0.00011662233333333334,0.018120333333333332,0.017380666666666666,0.03550096666666667,0.010.050.055000.01.00.001
4.7e6,0.04999766666666666,59.30923333333333,-4430.22,0.0,-3820.8933333333334,1162.3700000000001,-0.17151766666666668,2945.6133333333332,2945.44,0.0001083087,0.0181231,0.017362,0.03548506666666667,0.010.050.055000.01.00.001
4.8e6,0.05002056666666666,59.579633333333334,-4448.056666666666,0.0,-3838.226666666667,1162.9033333333334,-0.17260166666666665,2965.6433333333334,2965.47,0.00011135733333333333,0.018140233333333335,0.01735956666666667,0.035499833333333335,0.010.050.055000.01.00.001
4.9e6,0.04999816666666667,59.93280000000001,-4464.613333333334,0.0,-3853.9733333333334,1162.38,-0.17365066666666665,2984.2066666666665,2984.0366666666664,0.000110062,0.018144499999999997,0.0173852,0.0355297,0.010.050.055000.01.00.001
5.0e6,0.050023866666666666,60.1574,-4479.743333333334,0.0,-3868.7966666666666,1162.9799999999998,-0.17456899999999997,3001.64,3001.47,0.0001050451,0.0181595,0.01737546666666667,0.035535000000000004,0.010.050.055000.01.00.001
5.1e6,0.050019133333333334,60.607400000000005,-4494.656666666667,0.0,-3883.2833333333333,1162.87,-0.17550999999999997,3019.3733333333334,3019.193333333333,0.00010865926666666667,0.01815246666666667,0.017380733333333332,0.035533199999999994,0.010.050.055000.01.00.001
5.2e6,0.05000796666666666,60.59126666666666,-4508.54,0.0,-3897.2400000000002,1162.61,-0.17642766666666665,3037.0400000000004,3036.8633333333332,9.460666666666666e-5,0.018161233333333332,0.017368400000000003,0.03552963333333333,0.010.050.055000.01.00.001
5.3e6,0.049977466666666664,61.093999999999994,-4523.72,0.0,-3912.016666666667,1161.9033333333334,-0.177427,3056.0866666666666,3055.906666666667,9.762649999999998e-5,0.018172400000000002,0.017350766666666666,0.035523233333333334,0.010.050.055000.01.00.001
5.4e6,0.05000960000000001,61.28473333333333,-4537.913333333333,0.0,-3925.513333333334,1162.6466666666668,-0.17824933333333334,3073.1766666666663,3072.9966666666664,9.282853333333333e-5,0.018185499999999997,0.017370266666666665,0.03555573333333333,0.010.050.055000.01.00.001
5.5e6,0.0499817,61.18076666666667,-4549.393333333333,0.0,-3937.7933333333335,1162.0,-0.17908333333333334,3089.903333333333,3089.7233333333334,7.708193333333332e-5,0.018172833333333333,0.0173383,0.03551116666666667,0.010.050.055000.01.00.001
5.6e6,0.049955400000000004,61.45203333333333,-4560.233333333334,0.0,-3948.123333333333,1161.3866666666665,-0.17978933333333336,3104.7833333333333,3104.603333333333,8.821913333333332e-5,0.018150233333333335,0.017376133333333335,0.03552636666666666,0.010.050.055000.01.00.001
5.7e6,0.05000863333333334,61.66909999999999,-4570.583333333333,0.0,-3957.4799999999996,1162.6266666666668,-0.18031333333333333,3116.9466666666667,3116.7666666666664,7.838363333333334e-5,0.018191233333333334,0.017385366666666666,0.03557660000000001,0.010.050.055000.01.00.001
5.8e6,0.050000533333333326,62.014,-4584.366666666666,0.0,-3971.16,1162.4366666666667,-0.18120766666666666,3133.84,3133.66,8.072093333333334e-5,0.018181966666666664,0.017379066666666665,0.03556103333333333,0.010.050.055000.01.00.001
5.9e6,0.050007,62.17916666666667,-4594.37,0.0,-3980.556666666667,1162.5866666666668,-0.1818046666666667,3146.8266666666664,3146.6433333333334,7.71472e-5,0.0182158,0.0173735,0.035589333333333334,0.010.050.055000.01.00.001
6.0e6,0.049979699999999995,62.40853333333333,-4602.286666666666,0.0,-3988.403333333333,1161.9533333333331,-0.18235166666666666,3159.4499999999994,3159.2700000000004,8.555089999999999e-5,0.0182153,0.0173637,0.035579,0.010.050.055000.01.00.001
6.1e6,0.05001203333333334,62.77973333333333,-4612.563333333333,0.0,-3997.806666666667,1162.7033333333336,-0.1829103333333333,3171.8566666666666,3171.6733333333336,9.021506666666666e-5,0.018211599999999998,0.017399633333333334,0.03561123333333333,0.010.050.055000.01.00.001
6.2e6,0.05003853333333333,62.79576666666667,-4623.306666666666,0.0,-4008.1866666666665,1163.3233333333335,-0.18353966666666666,3187.19,3187.0066666666667,9.085723333333334e-5,0.01823956666666667,0.01739426666666667,0.03563386666666667,0.010.050.055000.01.00.001
6.3e6,0.049986033333333325,63.11643333333333,-4631.670000000001,0.0,-4016.786666666667,1162.1000000000001,-0.18417333333333333,3202.6200000000003,3202.4366666666665,9.158126666666666e-5,0.018228066666666667,0.017369600000000002,0.0355977,0.010.050.055000.01.00.001
6.4e6,0.050028800000000005,62.930566666666664,-4640.093333333333,0.0,-4024.763333333334,1163.0933333333332,-0.18462366666666666,3214.013333333334,3213.83,6.373316666666667e-5,0.018247199999999998,0.0173918,0.03563896666666667,0.010.050.055000.01.00.001
6.5e6,0.0499753,63.0131,-4650.39,0.0,-4035.536666666667,1161.85,-0.185399,3230.596666666667,3230.4133333333334,7.480636666666668e-5,0.018234333333333335,0.017368333333333333,0.035602666666666664,0.010.050.055000.01.00.001
6.6e6,0.050002500000000005,63.65696666666667,-4659.953333333333,0.0,-4044.226666666667,1162.4833333333333,-0.18591933333333333,3243.786666666667,3243.6,8.735076666666667e-5,0.0182515,0.0173658,0.03561726666666667,0.010.050.055000.01.00.001
6.7e6,0.04997750000000001,63.78523333333334,-4667.7266666666665,0.0,-4052.4166666666665,1161.9033333333334,-0.186485,3257.263333333334,3257.0766666666664,7.998403333333333e-5,0.01824133333333333,0.017340900000000003,0.03558223333333334,0.010.050.055000.01.00.001
6.8e6,0.050013499999999995,63.545500000000004,-4679.203333333334,0.0,-4063.6733333333336,1162.74,-0.18715733333333331,3271.633333333333,3271.4500000000003,6.040943333333334e-5,0.018261633333333332,0.017350333333333332,0.03561193333333334,0.010.050.055000.01.00.001
6.9e6,0.0499963,63.90643333333333,-4686.513333333333,0.0,-4070.4,1162.34,-0.187617,3283.8933333333334,3283.7099999999996,6.647233333333332e-5,0.01825866666666667,0.017367433333333335,0.0356261,0.010.050.055000.01.00.001
7.0e6,0.05004106666666667,64.1991,-4693.866666666667,0.0,-4076.9233333333336,1163.3766666666668,-0.18797066666666665,3294.5099999999998,3294.3199999999997,8.101496666666667e-5,0.0182826,0.017378099999999997,0.0356607,0.010.050.055000.01.00.001
7.1e6,0.05000943333333333,63.9977,-4701.886666666666,0.0,-4085.4166666666665,1162.6433333333332,-0.1885663333333333,3308.9966666666664,3308.813333333333,5.4947899999999996e-5,0.01827113333333333,0.0173721,0.0356432,0.010.050.055000.01.00.001
7.2e6,0.0499426,64.49236666666667,-4711.393333333333,0.0,-4094.86,1161.0866666666668,-0.18927533333333332,3324.97,3324.78,7.82734e-5,0.018244833333333335,0.017370566666666667,0.03561536666666667,0.010.050.055000.01.00.001
7.3e6,0.05002673333333333,64.97506666666666,-4721.676666666667,0.0,-4103.839999999999,1163.0466666666666,-0.18972866666666666,3337.2566666666667,3337.066666666667,8.644163333333334e-5,0.0182981,0.01737016666666667,0.03566826666666667,0.010.050.055000.01.00.001
7.4e6,0.05002863333333333,64.82733333333333,-4729.963333333333,0.0,-4112.456666666667,1163.0933333333335,-0.19028166666666668,3349.78,3349.59,6.659359999999999e-5,0.018294166666666667,0.017362633333333332,0.035656700000000006,0.010.050.055000.01.00.001
7.5e6,0.050030700000000004,65.17376666666668,-4738.133333333334,0.0,-4120.153333333334,1163.1366666666665,-0.19077533333333332,3361.8800000000006,3361.69,7.694413333333333e-5,0.0182884,0.017376533333333333,0.035664933333333336,0.010.050.055000.01.00.001
7.6e6,0.04999853333333334,65.13959999999999,-4746.073333333333,0.0,-4127.866666666667,1162.3933333333334,-0.191321,3375.36,3375.17,6.195013333333334e-5,0.018299966666666667,0.017381833333333336,0.03568180000000001,0.010.050.055000.01.00.001
7.7e6,0.050010733333333335,65.30356666666665,-4751.066666666667,0.0,-4132.78,1162.6766666666667,-0.19161966666666666,3386.306666666667,3386.1166666666663,5.9311166666666655e-5,0.0182956,0.0173807,0.03567626666666667,0.010.050.055000.01.00.001
7.8e6,0.05000406666666666,65.25143333333334,-4755.166666666667,0.0,-4136.696666666667,1162.5200000000002,-0.19188233333333335,3395.6766666666667,3395.486666666666,5.69477e-5,0.018301966666666666,0.01738933333333333,0.03569136666666667,0.010.050.055000.01.00.001
7.9e6,0.050011433333333334,65.63786666666665,-4762.953333333334,0.0,-4144.510000000001,1162.6899999999998,-0.19237566666666664,3408.0333333333333,3407.84,6.248896666666666e-5,0.01831026666666667,0.017354566666666665,0.035664799999999997,0.010.050.055000.01.00.001
8.0e6,0.050017066666666665,65.83903333333333,-4771.823333333333,0.0,-4152.553333333334,1162.82,-0.19288566666666665,3420.7400000000002,3420.5466666666666,6.25165e-5,0.0183275,0.017377766666666666,0.035705266666666666,0.010.050.055000.01.00.001
8.1e6,0.05004463333333333,65.85573333333333,-4777.013333333333,0.0,-4157.546666666666,1163.4633333333334,-0.19316666666666668,3430.5166666666664,3430.316666666667,6.02999e-5,0.018330133333333335,0.017386666666666665,0.0357168,0.010.050.055000.01.00.001
8.2e6,0.04998713333333333,66.03686666666665,-4782.713333333333,0.0,-4163.576666666667,1162.1266666666668,-0.19364166666666668,3442.933333333333,3442.7400000000002,6.89218e-5,0.01831466666666667,0.017369333333333334,0.035683933333333334,0.010.050.055000.01.00.001
8.3e6,0.049990066666666666,65.73943333333334,-4788.913333333333,0.0,-4170.0,1162.1933333333334,-0.194052,3455.3266666666664,3455.1299999999997,3.942033333333334e-5,0.018315466666666665,0.017373200000000002,0.03568873333333333,0.010.050.055000.01.00.001
8.4e6,0.050015866666666665,66.1292,-4795.556666666666,0.0,-4175.826666666667,1162.7933333333333,-0.194389,3465.876666666667,3465.683333333333,5.72287e-5,0.0183497,0.017366333333333334,0.035716033333333334,0.010.050.055000.01.00.001
8.5e6,0.05000126666666666,66.28786666666667,-4800.2733333333335,0.0,-4180.2266666666665,1162.4533333333334,-0.19469533333333333,3477.14,3476.943333333333,4.644346666666666e-5,0.018343133333333334,0.017383033333333336,0.03572616666666667,0.010.050.055000.01.00.001
8.6e6,0.0500158,66.30563333333333,-4803.536666666667,0.0,-4183.52,1162.7933333333333,-0.194886,3486.5533333333333,3486.36,5.683843333333333e-5,0.018344733333333335,0.0173784,0.03572316666666667,0.010.050.055000.01.00.001
8.7e6,0.050006699999999994,66.48363333333334,-4808.173333333333,0.0,-4188.276666666667,1162.58,-0.19520633333333334,3497.2000000000003,3497.0033333333336,5.607076666666667e-5,0.018344533333333333,0.0173594,0.03570393333333333,0.010.050.055000.01.00.001
8.8e6,0.04998706666666666,66.6007,-4813.45,0.0,-4193.546666666667,1162.1266666666668,-0.19557566666666668,3509.653333333333,3509.4533333333334,5.222889999999999e-5,0.018351133333333335,0.01734583333333333,0.035697,0.010.050.055000.01.00.001
8.9e6,0.04997853333333333,66.57876666666668,-4817.46,0.0,-4197.343333333334,1161.9233333333334,-0.19583333333333333,3520.0966666666664,3519.9,5.508843333333333e-5,0.018322,0.017390066666666665,0.035712100000000004,0.010.050.055000.01.00.001
9.0e6,0.0500209,66.77516666666666,-4821.410000000001,0.0,-4200.933333333333,1162.91,-0.19600166666666666,3528.11,3527.91,6.786006666666666e-5,0.018351833333333335,0.01737053333333333,0.035722399999999994,0.010.050.055000.01.00.001
9.1e6,0.0500242,66.6785,-4827.79,0.0,-4207.14,1162.9866666666667,-0.19639700000000002,3539.2700000000004,3539.0733333333337,4.8566333333333336e-5,0.018351333333333334,0.017388533333333334,0.03573986666666667,0.010.050.055000.01.00.001
9.2e6,0.04997796666666667,66.73473333333334,-4831.283333333333,0.0,-4211.136666666666,1161.91,-0.19672433333333336,3550.986666666666,3550.7899999999995,5.056786666666667e-5,0.018346366666666666,0.01735753333333333,0.03570386666666667,0.010.050.055000.01.00.001
9.3e6,0.04998856666666667,66.6686,-4835.72,0.0,-4215.723333333333,1162.1566666666668,-0.19700433333333334,3562.57,3562.373333333333,4.071376666666667e-5,0.018335599999999997,0.017362766666666668,0.0356984,0.010.050.055000.01.00.001
9.4e6,0.04997226666666666,66.96723333333334,-4840.54,0.0,-4219.926666666667,1161.78,-0.19729966666666665,3573.3633333333332,3573.17,5.924046666666667e-5,0.018340699999999998,0.0173783,0.03571903333333334,0.010.050.055000.01.00.001
9.5e6,0.049990599999999996,66.91680000000001,-4845.566666666667,0.0,-4225.169999999999,1162.2066666666667,-0.19761066666666668,3584.2099999999996,3584.013333333334,3.113636666666667e-5,0.018355566666666667,0.017352866666666664,0.03570843333333334,0.010.050.055000.01.00.001
9.6e6,0.05004243333333334,67.01103333333333,-4850.53,0.0,-4228.893333333333,1163.41,-0.197773,3593.22,3593.023333333333,4.065986666666667e-5,0.018377933333333332,0.0174044,0.03578233333333333,0.010.050.055000.01.00.001
9.7e6,0.05002573333333333,67.22963333333333,-4854.753333333334,0.0,-4233.123333333333,1163.0233333333333,-0.198071,3603.6666666666665,3603.47,4.106986666666667e-5,0.018377833333333333,0.017390033333333336,0.03576786666666667,0.010.050.055000.01.00.001
9.8e6,0.04999423333333333,67.61073333333333,-4859.47,0.0,-4238.150000000001,1162.2933333333333,-0.19844233333333336,3615.98,3615.78,6.30423e-5,0.018361633333333332,0.0173613,0.035722866666666665,0.010.050.055000.01.00.001
9.9e6,0.05001043333333333,67.61236666666666,-4864.799999999999,0.0,-4243.253333333333,1162.6666666666667,-0.19874766666666666,3627.186666666667,3626.986666666667,6.051356666666666e-5,0.018363266666666666,0.017374199999999996,0.03573743333333333,0.010.050.055000.01.00.001
1.0e7,0.04998066666666667,67.37509999999999,-4869.1033333333335,0.0,-4248.223333333333,1161.9766666666667,-0.19911333333333334,3639.1200000000003,3638.92,3.7910799999999996e-5,0.018349966666666665,0.01735976666666667,0.03570976666666666,0.010.050.055000.01.00.001
1.01e7,0.050000133333333335,67.58706666666667,-4875.576666666667,0.0,-4253.906666666667,1162.4266666666667,-0.19945,3649.9500000000003,3649.75,3.915573333333333e-5,0.018372433333333334,0.0173749,0.0357473,0.010.050.055000.01.00.001
1.02e7,0.0499838,67.72013333333332,-4883.06,0.0,-4261.63,1162.05,-0.19997299999999998,3663.86,3663.66,3.200533333333334e-5,0.0183564,0.017367000000000004,0.03572343333333334,0.010.050.055000.01.00.001
1.03e7,0.050017299999999994,67.97286666666666,-4887.67,0.0,-4265.1866666666665,1162.8266666666668,-0.20015233333333335,3673.16,3672.9599999999996,3.88023e-5,0.0184019,0.017372966666666666,0.03577486666666666,0.010.050.055000.01.00.001
1.04e7,0.049998666666666663,68.17033333333333,-4893.89,0.0,-4271.613333333334,1162.3966666666665,-0.2005946666666667,3686.6566666666663,3686.4566666666665,4.78895e-5,0.018385166666666664,0.017363666666666666,0.035748833333333334,0.010.050.055000.01.00.001
1.05e7,0.0499888,68.08583333333334,-4897.61,0.0,-4275.5233333333335,1162.1666666666667,-0.20086166666666663,3697.0333333333333,3696.8333333333335,5.2151e-5,0.018379533333333333,0.017362433333333333,0.035741966666666666,0.010.050.055000.01.00.001
1.06e7,0.04999666666666666,67.83893333333333,-4899.216666666666,0.0,-4276.763333333333,1162.3466666666666,-0.20092999999999997,3705.3566666666666,3705.1566666666663,2.4251799999999997e-5,0.018389500000000003,0.017391966666666665,0.0357815,0.010.050.055000.01.00.001
1.07e7,0.049992800000000004,68.256,-4902.906666666667,0.0,-4280.63,1162.2566666666664,-0.20118566666666662,3716.0533333333333,3715.853333333333,3.417046666666667e-5,0.018396400000000004,0.01734693333333333,0.03574326666666667,0.010.050.055000.01.00.001
1.08e7,0.04998316666666666,68.1814,-4906.33,0.0,-4283.8533333333335,1162.03,-0.20140766666666665,3725.7233333333334,3725.52,3.093236666666666e-5,0.018391566666666668,0.017369566666666666,0.03576116666666667,0.010.050.055000.01.00.001
1.09e7,0.0499879,68.19266666666668,-4908.866666666666,0.0,-4286.416666666667,1162.1433333333332,-0.201566,3735.5733333333337,3735.373333333333,3.0237633333333333e-5,0.018391966666666665,0.017366666666666666,0.0357586,0.010.050.055000.01.00.001
1.1e7,0.049985933333333336,68.4326,-4913.386666666666,0.0,-4290.936666666667,1162.0966666666666,-0.2018603333333333,3746.69,3746.48,4.345450000000001e-5,0.018385166666666664,0.01735803333333333,0.0357432,0.010.050.055000.01.00.001
1.11e7,0.04999203333333333,68.336,-4917.293333333334,0.0,-4294.599999999999,1162.24,-0.20208766666666667,3756.83,3756.6299999999997,3.276757333333334e-5,0.018389466666666666,0.0173756,0.03576506666666667,0.010.050.055000.01.00.001
1.12e7,0.04999599999999999,68.33993333333332,-4921.996666666667,0.0,-4299.253333333333,1162.33,-0.20238233333333333,3767.383333333333,3767.1800000000003,2.9629443333333335e-5,0.01839963333333333,0.0173681,0.035767766666666666,0.010.050.055000.01.00.001
1.13e7,0.0500059,68.81849999999999,-4927.616666666666,0.0,-4303.736666666667,1162.5633333333335,-0.20265666666666668,3777.94,3777.7400000000002,4.6829499999999996e-5,0.018423033333333335,0.01738723333333333,0.035810299999999996,0.010.050.055000.01.00.001
1.14e7,0.05003006666666667,68.56156666666666,-4932.599999999999,0.0,-4308.75,1163.12,-0.20294366666666666,3788.9566666666665,3788.75,2.8276266666666666e-5,0.018423066666666665,0.017402166666666666,0.03582523333333334,0.010.050.055000.01.00.001
1.15e7,0.05002193333333333,68.6381,-4935.38,0.0,-4311.903333333333,1162.9366666666667,-0.203159,3800.0266666666666,3799.8233333333337,2.3567413333333336e-5,0.01842696666666667,0.017369133333333335,0.035796066666666675,0.010.050.055000.01.00.001
1.16e7,0.05003686666666666,68.97853333333335,-4938.363333333334,0.0,-4314.423333333333,1163.28,-0.20329933333333336,3809.3233333333333,3809.1166666666663,4.0071466666666664e-5,0.018428966666666668,0.017375233333333334,0.0358042,0.010.050.055000.01.00.001
1.17e7,0.05001066666666667,69.15603333333333,-4942.176666666667,0.0,-4318.183333333333,1162.6766666666667,-0.2035813333333333,3820.8633333333332,3820.6633333333334,3.71184e-5,0.018420033333333332,0.017375966666666662,0.03579596666666667,0.010.050.055000.01.00.001
1.18e7,0.05000406666666666,68.98513333333334,-4946.75,0.0,-4322.926666666666,1162.5200000000002,-0.20389766666666667,3832.8233333333337,3832.616666666667,2.2360836666666666e-5,0.01842893333333333,0.0173668,0.035795766666666666,0.010.050.055000.01.00.001
1.19e7,0.050030366666666666,68.84423333333334,-4949.463333333333,0.0,-4325.3133333333335,1163.1333333333332,-0.204012,3841.8199999999997,3841.6133333333332,9.605943333333335e-6,0.018451600000000002,0.017374333333333335,0.03582596666666666,0.010.050.055000.01.00.001
1.2e7,0.04998626666666667,69.37563333333334,-4952.400000000001,0.0,-4328.336666666667,1162.1066666666668,-0.204273,3853.203333333333,3853.0,3.678536666666666e-5,0.018420433333333333,0.017365833333333334,0.0357863,0.010.050.055000.01.00.001
1.21e7,0.0499842,69.11399999999999,-4955.07,0.0,-4331.116666666667,1162.0566666666666,-0.20445533333333332,3863.2766666666666,3863.0733333333333,2.8376886666666667e-5,0.018424100000000002,0.017372,0.0357961,0.010.050.055000.01.00.001
1.22e7,0.050016866666666666,69.29176666666666,-4957.68,0.0,-4333.366666666667,1162.8166666666666,-0.20455166666666666,3871.383333333333,3871.18,1.967601e-5,0.018450233333333333,0.017357666666666664,0.035807900000000004,0.010.050.055000.01.00.001
1.23e7,0.04998983333333334,68.89113333333334,-4960.776666666666,0.0,-4337.47,1162.1866666666667,-0.20485699999999998,3882.9233333333336,3882.716666666667,-4.015113333333338e-7,0.018422466666666668,0.017346333333333335,0.035768799999999996,0.010.050.055000.01.00.001
1.24e7,0.0499924,69.23606666666667,-4964.09,0.0,-4339.79,1162.25,-0.20500299999999996,3892.1,3891.896666666667,1.547142333333333e-5,0.018438200000000002,0.017372066666666665,0.03581026666666667,0.010.050.055000.01.00.001
1.25e7,0.05000283333333333,69.08713333333333,-4967.696666666667,0.0,-4343.639999999999,1162.493333333333,-0.20523533333333333,3902.286666666667,3902.08,5.4418999999999995e-6,0.0184515,0.017352999999999997,0.03580456666666667,0.010.050.055000.01.00.001
1.26e7,0.049976033333333336,69.4336,-4973.033333333333,0.0,-4349.009999999999,1161.8700000000001,-0.20562233333333335,3915.7666666666664,3915.56,2.7098600000000002e-5,0.0184265,0.017353300000000002,0.03577983333333334,0.010.050.055000.01.00.001
1.27e7,0.0500297,69.71806666666666,-4977.156666666667,0.0,-4351.583333333333,1163.1133333333335,-0.20570733333333333,3925.556666666667,3925.346666666667,2.5330033333333333e-5,0.0184481,0.01741353333333333,0.0358616,0.010.050.055000.01.00.001
1.28e7,0.04999733333333334,69.6369,-4979.623333333334,0.0,-4354.84,1162.3633333333335,-0.20596633333333333,3936.9466666666667,3936.7400000000002,1.4771859999999999e-5,0.018449533333333334,0.0173664,0.035815966666666664,0.010.050.055000.01.00.001
1.29e7,0.050027433333333336,69.84356666666666,-4983.046666666666,0.0,-4357.423333333333,1163.0633333333335,-0.20608799999999997,3945.8433333333337,3945.633333333333,1.8664949999999998e-5,0.01847523333333333,0.017381433333333335,0.03585666666666667,0.010.050.055000.01.00.001
1.3e7,0.04997973333333333,70.0073,-4986.816666666667,0.0,-4361.826666666667,1161.9533333333334,-0.20644366666666666,3957.72,3957.513333333334,2.7199799999999997e-5,0.0184534,0.017351766666666667,0.035805166666666666,0.010.050.055000.01.00.001
1.31e7,0.0499962,70.0527,-4988.213333333333,0.0,-4362.673333333333,1162.3366666666666,-0.206473,3965.8233333333333,3965.616666666667,2.513407e-5,0.018450633333333334,0.017387200000000002,0.03583783333333334,0.010.050.055000.01.00.001
1.32e7,0.049991633333333334,70.09603333333332,-4992.0,0.0,-4366.496666666666,1162.2333333333333,-0.20672633333333335,3977.2100000000005,3977.0033333333336,1.75364e-5,0.018455666666666665,0.01737733333333333,0.03583296666666667,0.010.050.055000.01.00.001
1.33e7,0.04999666666666667,70.18939999999999,-4995.083333333333,0.0,-4369.666666666667,1162.35,-0.206924,3988.33,3988.123333333333,2.552993333333333e-5,0.018468633333333335,0.017352499999999996,0.03582113333333333,0.010.050.055000.01.00.001
1.34e7,0.050016399999999996,70.5209,-4997.363333333334,0.0,-4371.043333333334,1162.8033333333333,-0.206983,3996.236666666666,3996.03,3.061226666666667e-5,0.018488666666666667,0.017369366666666664,0.03585803333333334,0.010.050.055000.01.00.001
1.35e7,0.049986166666666665,70.61913333333332,-5001.106666666667,0.0,-4374.953333333334,1162.1033333333335,-0.20728066666666667,4007.8466666666664,4007.6366666666668,3.976740000000001e-5,0.018469266666666664,0.017371733333333333,0.035841033333333334,0.010.050.055000.01.00.001
1.36e7,0.0500351,70.3836,-5004.446666666667,0.0,-4378.166666666667,1163.24,-0.20741466666666666,4016.4466666666667,4016.2400000000002,1.3334636666666666e-5,0.01848923333333333,0.017374866666666666,0.0358641,0.010.050.055000.01.00.001
1.37e7,0.049995000000000005,70.48586666666667,-5008.8,0.0,-4382.55,1162.3066666666666,-0.20775766666666665,4028.883333333333,4028.6766666666663,2.053898666666667e-6,0.01849263333333333,0.017363133333333336,0.035855733333333334,0.010.050.055000.01.00.001
1.38e7,0.05000469999999999,70.54456666666667,-5011.490000000001,0.0,-4385.006666666667,1162.5333333333335,-0.20790166666666665,4038.4533333333334,4038.2433333333333,-1.7844199999999997e-6,0.018484566666666664,0.017382466666666666,0.035867,0.010.050.055000.01.00.001
1.39e7,0.0500294,70.94386666666666,-5014.656666666667,0.0,-4387.616666666667,1163.1066666666666,-0.20803233333333335,4047.8633333333332,4047.656666666667,2.7428633333333337e-5,0.0184974,0.01737973333333333,0.03587713333333334,0.010.050.055000.01.00.001
1.4e7,0.049996066666666665,70.5449,-5016.183333333333,0.0,-4389.78,1162.3333333333333,-0.20822233333333331,4059.7166666666667,4059.51,-1.2173066666666664e-6,0.0184883,0.017373366666666668,0.03586163333333334,0.010.050.055000.01.00.001
1.41e7,0.04997783333333333,70.3655,-5018.75,0.0,-4392.876666666666,1161.9066666666668,-0.20844966666666664,4071.226666666667,4071.0200000000004,5.28812e-6,0.018477833333333336,0.0173615,0.035839333333333334,0.010.050.055000.01.00.001
1.42e7,0.049971933333333336,70.65466666666667,-5021.293333333334,0.0,-4395.366666666667,1161.7733333333333,-0.208619,4081.0400000000004,4080.8300000000004,2.8195199999999997e-5,0.018468599999999998,0.01735533333333333,0.0358239,0.010.050.055000.01.00.001
1.43e7,0.0499742,71.0208,-5026.183333333333,0.0,-4399.586666666667,1161.8266666666666,-0.208888,4091.73,4091.5200000000004,3.391986666666667e-5,0.0184747,0.017368633333333338,0.03584333333333334,0.010.050.055000.01.00.001
1.44e7,0.050030200000000004,71.21046666666666,-5030.72,0.0,-4402.796666666666,1163.1266666666668,-0.20901100000000003,4099.95,4099.740000000001,2.030030333333333e-5,0.018527266666666667,0.0173896,0.0359169,0.010.050.055000.01.00.001
1.45e7,0.049998666666666663,71.28516666666667,-5035.013333333333,0.0,-4407.583333333333,1162.3933333333332,-0.209367,4112.266666666666,4112.056666666667,2.2042466666666668e-5,0.018518066666666666,0.01736233333333333,0.0358804,0.010.050.055000.01.00.001
1.46e7,0.05001306666666666,71.4649,-5039.2733333333335,0.0,-4411.2266666666665,1162.7266666666667,-0.20958033333333334,4122.736666666667,4122.526666666666,2.032205e-5,0.018530599999999998,0.017377933333333335,0.03590856666666667,0.010.050.055000.01.00.001
1.47e7,0.049972666666666665,71.516,-5041.516666666666,0.0,-4413.950000000001,1161.7866666666666,-0.20981666666666668,4134.756666666667,4134.546666666666,1.0373233333333336e-5,0.01851356666666667,0.017360733333333333,0.035874300000000005,0.010.050.055000.01.00.001
1.48e7,0.04997203333333333,71.5202,-5044.123333333333,0.0,-4416.573333333333,1161.7733333333333,-0.20998733333333333,4145.31,4145.099999999999,8.965e-6,0.018516666666666667,0.01735616666666667,0.03587283333333333,0.010.050.055000.01.00.001
1.49e7,0.0499857,71.60033333333334,-5049.0199999999995,0.0,-4421.46,1162.0933333333335,-0.21028166666666667,4157.23,4157.0199999999995,1.5529083333333333e-5,0.018510500000000003,0.017358233333333334,0.03586873333333333,0.010.050.055000.01.00.001
1.5e7,0.04999496666666667,71.5783,-5052.12,0.0,-4423.98,1162.3066666666666,-0.21043033333333336,4167.669999999999,4167.46,7.441913333333335e-6,0.018531566666666666,0.0173759,0.03590743333333333,0.010.050.055000.01.00.001
1.51e7,0.049982,72.05746666666667,-5056.329999999999,0.0,-4427.766666666666,1162.0066666666664,-0.21069433333333332,4179.793333333333,4179.583333333333,3.159606666666667e-5,0.01852883333333333,0.017374733333333333,0.03590356666666667,0.010.050.055000.01.00.001
1.52e7,0.05000443333333334,72.0464,-5059.756666666667,0.0,-4431.246666666666,1162.5266666666666,-0.210885,4190.759999999999,4190.55,2.0331773333333333e-5,0.018557166666666666,0.017343633333333334,0.03590083333333333,0.010.050.055000.01.00.001
1.53e7,0.049980233333333325,72.19803333333334,-5062.906666666667,0.0,-4434.490000000001,1161.9666666666665,-0.21113033333333334,4202.573333333334,4202.363333333334,2.4506003333333334e-5,0.01853226666666667,0.0173527,0.03588503333333334,0.010.050.055000.01.00.001
1.54e7,0.0499919,72.08883333333333,-5064.506666666667,0.0,-4435.893333333333,1162.24,-0.21120366666666665,4212.2699999999995,4212.053333333333,1.5938016666666666e-5,0.018548433333333336,0.017356399999999998,0.0359048,0.010.050.055000.01.00.001
1.55e7,0.05001733333333334,72.16856666666666,-5065.956666666667,0.0,-4436.843333333333,1162.83,-0.21122699999999997,4221.296666666666,4221.083333333333,1.4368436333333333e-5,0.018547866666666666,0.017383866666666668,0.0359318,0.010.050.055000.01.00.001
1.56e7,0.050007166666666665,72.2079,-5067.966666666667,0.0,-4439.14,1162.5933333333335,-0.21139033333333335,4232.363333333334,4232.153333333334,1.548932666666667e-5,0.018546833333333332,0.01736423333333333,0.035911066666666665,0.010.050.055000.01.00.001
1.57e7,0.04998936666666667,71.9578,-5068.416666666667,0.0,-4439.936666666667,1162.18,-0.211468,4243.406666666667,4243.196666666667,1.0638366666666668e-5,0.018523566666666665,0.0173811,0.035904733333333334,0.010.050.055000.01.00.001
1.58e7,0.050012,72.1134,-5071.033333333334,0.0,-4442.016666666666,1162.6999999999998,-0.21156866666666665,4253.25,4253.04,2.914514000000001e-6,0.0185471,0.017381900000000002,0.03592903333333333,0.010.050.055000.01.00.001
1.59e7,0.049994566666666664,71.98246666666667,-5074.35,0.0,-4445.723333333332,1162.2966666666669,-0.211834,4265.246666666667,4265.036666666667,-1.8921133333333334e-5,0.018549666666666666,0.017362733333333335,0.03591236666666667,0.010.050.055000.01.00.001
1.6e7,0.04997316666666667,72.4744,-5077.006666666666,0.0,-4448.026666666666,1161.8000000000002,-0.21201466666666668,4275.91,4275.696666666667,1.5172966666666667e-5,0.018549999999999997,0.017353566666666664,0.035903566666666664,0.010.050.055000.01.00.001
1.61e7,0.05000413333333333,72.78656666666667,-5081.103333333333,0.0,-4451.383333333333,1162.52,-0.2121846666666667,4284.990000000001,4284.78,2.0536016666666668e-5,0.018555833333333334,0.017375233333333334,0.035931033333333334,0.010.050.055000.01.00.001
1.62e7,0.050015166666666666,72.68713333333334,-5084.32,0.0,-4454.586666666667,1162.7766666666666,-0.21237499999999998,4295.003333333333,4294.79,2.858892e-6,0.018570733333333336,0.017367533333333334,0.03593826666666666,0.010.050.055000.01.00.001
1.63e7,0.050029366666666665,72.56330000000001,-5086.47,0.0,-4456.733333333333,1163.1066666666666,-0.212492,4305.59,4305.38,6.115753333333334e-6,0.01857646666666667,0.01737003333333333,0.035946533333333336,0.010.050.055000.01.00.001
1.64e7,0.05000443333333334,72.74373333333334,-5088.516666666667,0.0,-4458.883333333334,1162.5266666666666,-0.21266833333333335,4317.136666666666,4316.923333333333,9.01588e-6,0.01856233333333333,0.017365933333333333,0.0359282,0.010.050.055000.01.00.001
1.65e7,0.05003306666666666,72.98893333333334,-5089.88,0.0,-4459.5233333333335,1163.1933333333334,-0.212666,4325.503333333333,4325.293333333334,2.2235896666666667e-5,0.018583566666666666,0.017375699999999997,0.03595926666666666,0.010.050.055000.01.00.001
1.66e7,0.049992133333333334,72.60143333333333,-5092.139999999999,0.0,-4462.833333333333,1162.24,-0.21294133333333334,4338.213333333333,4338.0,-1.88717e-6,0.018559,0.01735753333333333,0.035916500000000004,0.010.050.055000.01.00.001
1.67e7,0.05000106666666667,72.63356666666668,-5093.483333333334,0.0,-4463.716666666667,1162.45,-0.21298499999999998,4346.7733333333335,4346.56,5.16457e-6,0.0185712,0.017372933333333333,0.0359441,0.010.050.055000.01.00.001
1.68e7,0.050011933333333335,72.84043333333334,-5095.2266666666665,0.0,-4465.083333333333,1162.7033333333331,-0.21305699999999997,4356.81,4356.599999999999,7.814816666666667e-6,0.018562933333333333,0.017392,0.035954933333333335,0.010.050.055000.01.00.001
1.69e7,0.0499843,72.61833333333334,-5096.483333333334,0.0,-4467.026666666666,1162.0600000000002,-0.21322333333333332,4368.366666666666,4368.150000000001,-5.040223333333333e-6,0.018562600000000002,0.017362333333333334,0.03592493333333333,0.010.050.055000.01.00.001
1.7e7,0.050007633333333336,72.70030000000001,-5098.079999999999,0.0,-4468.593333333333,1162.6000000000001,-0.21328933333333333,4377.343333333333,4377.133333333334,-9.56206666666666e-7,0.01858366666666667,0.017337966666666666,0.0359216,0.010.050.055000.01.00.001
1.71e7,0.0500483,72.99683333333333,-5100.170000000001,0.0,-4469.3533333333335,1163.55,-0.213278,4385.09,4384.873333333333,5.293733333333333e-6,0.018590400000000003,0.017397899999999997,0.0359883,0.010.050.055000.01.00.001
1.72e7,0.05003216666666666,72.73209999999999,-5102.053333333333,0.0,-4471.650000000001,1163.1733333333332,-0.21345,4395.6466666666665,4395.4366666666665,-5.713540000000001e-6,0.0185813,0.017397533333333336,0.0359788,0.010.050.055000.01.00.001
1.73e7,0.050010066666666665,72.46713333333334,-5103.426666666667,0.0,-4474.07,1162.66,-0.21363900000000002,4406.7,4406.486666666667,-1.86381e-5,0.018578733333333333,0.017349766666666665,0.03592853333333334,0.010.050.055000.01.00.001
1.74e7,0.05001473333333333,72.85006666666666,-5103.873333333333,0.0,-4474.046666666666,1162.7666666666667,-0.21363066666666664,4416.096666666667,4415.883333333333,1.00181e-6,0.018581399999999998,0.0173529,0.03593433333333334,0.010.050.055000.01.00.001
1.75e7,0.050009300000000007,72.58033333333333,-5105.509999999999,0.0,-4475.833333333333,1162.6433333333332,-0.2137543333333333,4427.08,4426.866666666666,-1.9277621e-5,0.018573066666666666,0.017368666666666668,0.03594173333333333,0.010.050.055000.01.00.001
1.76e7,0.049996533333333336,72.58143333333334,-5107.14,0.0,-4477.44,1162.3433333333335,-0.213877,4438.296666666666,4438.083333333333,-1.7961766666666668e-5,0.018580033333333332,0.017362966666666667,0.035942999999999996,0.010.050.055000.01.00.001
1.77e7,0.0500122,72.70819999999999,-5109.343333333333,0.0,-4479.126666666667,1162.7066666666667,-0.21396266666666666,4448.566666666667,4448.356666666667,-1.507937e-5,0.018579266666666667,0.017389033333333335,0.035968266666666665,0.010.050.055000.01.00.001
1.78e7,0.05004909999999999,73.03036666666667,-5111.41,0.0,-4480.983333333334,1163.5633333333333,-0.21402666666666667,4458.23,4458.016666666666,-3.170013333333334e-6,0.01859236666666667,0.01736863333333333,0.035961,0.010.050.055000.01.00.001
1.79e7,0.04997423333333333,72.90863333333334,-5113.336666666667,0.0,-4483.166666666667,1161.8266666666666,-0.21428033333333332,4470.966666666667,4470.753333333333,-6.9016966666666665e-6,0.01858313333333333,0.017369100000000002,0.03595226666666666,0.010.050.055000.01.00.001
1.8e7,0.0499784,72.96403333333335,-5114.566666666667,0.0,-4484.7266666666665,1161.9233333333334,-0.21437433333333333,4481.926666666667,4481.71,-5.1751e-6,0.01857433333333333,0.017353366666666665,0.03592766666666667,0.010.050.055000.01.00.001
1.81e7,0.0500091,73.26806666666667,-5116.633333333334,0.0,-4486.196666666667,1162.6366666666665,-0.21442333333333333,4491.243333333333,4491.033333333334,1.182811666666667e-6,0.0185982,0.017348099999999998,0.035946266666666664,0.010.050.055000.01.00.001
1.82e7,0.05000943333333333,73.07226666666668,-5119.653333333333,0.0,-4489.2266666666665,1162.6433333333332,-0.21461833333333333,4503.31,4503.09,7.2245233333333344e-6,0.0185799,0.017378466666666665,0.035958366666666665,0.010.050.055000.01.00.001
1.83e7,0.049958300000000004,73.05003333333333,-5121.346666666667,0.0,-4491.110000000001,1161.4566666666667,-0.2148163333333333,4515.286666666666,4515.070000000001,-7.224033333333333e-6,0.0185711,0.017376633333333332,0.035947733333333336,0.010.050.055000.01.00.001
1.84e7,0.050020666666666665,73.20886666666667,-5122.653333333334,0.0,-4491.700000000001,1162.9033333333334,-0.21476133333333333,4523.596666666667,4523.383333333333,-1.0786029999999998e-5,0.018586433333333333,0.0173969,0.035983299999999996,0.010.050.055000.01.00.001
1.85e7,0.05000536666666667,73.32933333333334,-5124.75,0.0,-4494.16,1162.55,-0.21494266666666664,4535.463333333333,4535.246666666667,-4.95582e-6,0.018589233333333333,0.017363233333333335,0.03595246666666666,0.010.050.055000.01.00.001
1.86e7,0.04999976666666667,73.3344,-5124.53,0.0,-4494.093333333333,1162.42,-0.21494666666666665,4545.286666666667,4545.076666666667,7.58703333333333e-7,0.018590966666666667,0.01735123333333333,0.0359422,0.010.050.055000.01.00.001
1.87e7,0.049989200000000004,73.1436,-5125.27,0.0,-4495.13,1162.1733333333332,-0.21502966666666667,4555.299999999999,4555.086666666667,-7.064576666666669e-7,0.018573733333333335,0.017361566666666665,0.035935333333333326,0.010.050.055000.01.00.001
1.88e7,0.050022199999999996,73.1009,-5126.71,0.0,-4496.083333333333,1162.94,-0.21504166666666666,4565.106666666667,4564.8933333333325,-1.7946199999999998e-5,0.0185919,0.0173775,0.035969400000000006,0.010.050.055000.01.00.001
1.89e7,0.050017200000000005,73.5613,-5128.639999999999,0.0,-4497.830000000001,1162.8233333333335,-0.215162,4576.78,4576.5633333333335,1.24921e-5,0.0185886,0.017362866666666667,0.035951500000000004,0.010.050.055000.01.00.001
1.9e7,0.049980366666666665,73.4003,-5130.17,0.0,-4499.766666666666,1161.97,-0.21534166666666668,4589.276666666666,4589.063333333333,4.484900000000001e-6,0.0185737,0.017362266666666668,0.035935933333333336,0.010.050.055000.01.00.001
1.91e7,0.05001543333333334,73.32583333333334,-5131.28,0.0,-4500.613333333334,1162.7833333333335,-0.21534399999999998,4598.566666666667,4598.356666666667,-1.6968700000000005e-6,0.0185871,0.017370266666666665,0.0359574,0.010.050.055000.01.00.001
1.92e7,0.049985100000000005,73.3411,-5132.163333333334,0.0,-4501.2699999999995,1162.0766666666666,-0.2154316666666667,4609.463333333334,4609.25,-9.366e-6,0.018581566666666664,0.017389433333333332,0.035970999999999996,0.010.050.055000.01.00.001
1.93e7,0.04998773333333334,73.74516666666666,-5134.12,0.0,-4503.033333333334,1162.14,-0.21554166666666666,4620.09,4619.873333333333,7.4374e-6,0.018595333333333335,0.017362100000000002,0.03595743333333334,0.010.050.055000.01.00.001
1.94e7,0.0500274,73.73393333333333,-5135.983333333334,0.0,-4504.376666666667,1163.0600000000002,-0.21556833333333333,4629.4800000000005,4629.266666666666,3.69692e-6,0.018609666666666667,0.017382366666666666,0.03599203333333333,0.010.050.055000.01.00.001
1.95e7,0.0500043,73.62133333333334,-5136.7,0.0,-4505.566666666667,1162.5266666666666,-0.21567966666666663,4640.266666666666,4640.05,-5.70995e-6,0.0185997,0.017369266666666664,0.035968966666666664,0.010.050.055000.01.00.001
1.96e7,0.04998160000000001,73.51870000000001,-5136.866666666667,0.0,-4505.8133333333335,1161.9966666666667,-0.21572966666666668,4650.610000000001,4650.393333333333,-5.367300000000001e-6,0.018598333333333335,0.017371833333333333,0.035970166666666664,0.010.050.055000.01.00.001
1.97e7,0.050009500000000005,73.64206666666666,-5137.73,0.0,-4506.633333333334,1162.6466666666668,-0.215741,4659.35,4659.13,4.6178933333333334e-6,0.0186224,0.017342566666666667,0.03596493333333333,0.010.050.055000.01.00.001
1.98e7,0.0499926,73.21126666666666,-5138.973333333332,0.0,-4508.610000000001,1162.2533333333333,-0.215894,4670.740000000001,4670.5199999999995,-1.2400543333333333e-5,0.0185987,0.017346633333333333,0.035945366666666666,0.010.050.055000.01.00.001
1.99e7,0.050017533333333336,73.50683333333335,-5141.28,0.0,-4510.036666666667,1162.8300000000002,-0.21594866666666668,4679.393333333333,4679.173333333333,-5.359708e-6,0.018615133333333332,0.017367733333333333,0.03598283333333333,0.010.050.055000.01.00.001
2.0e7,0.04999276666666667,74.08693333333333,-5143.633333333334,0.0,-4511.84,1162.256666666667,-0.21610200000000002,4690.150000000001,4689.933333333333,6.905133333333334e-6,0.018608066666666662,0.017373033333333333,0.035981099999999995,0.010.050.055000.01.00.001
2.01e7,0.0499821,73.61893333333335,-5145.863333333333,0.0,-4514.533333333334,1162.0066666666664,-0.216292,4701.766666666666,4701.546666666666,-9.955933333333334e-6,0.018596266666666667,0.017384999999999998,0.03598126666666667,0.010.050.055000.01.00.001
2.02e7,0.049994133333333336,74.27763333333333,-5146.44,0.0,-4514.386666666666,1162.29,-0.2162643333333333,4710.573333333334,4710.356666666667,2.657016666666666e-5,0.018603400000000003,0.017381966666666665,0.0359854,0.010.050.055000.01.00.001
2.03e7,0.050009733333333334,74.05786666666667,-5145.783333333334,0.0,-4514.3533333333335,1162.6533333333334,-0.216239,4718.990000000001,4718.776666666667,4.92999e-6,0.018610033333333335,0.017349533333333333,0.03595956666666667,0.010.050.055000.01.00.001
2.04e7,0.05001693333333334,74.27253333333334,-5146.306666666666,0.0,-4514.116666666668,1162.82,-0.216213,4727.5599999999995,4727.346666666667,2.08034e-5,0.018621266666666667,0.017373266666666668,0.03599453333333333,0.010.050.055000.01.00.001
2.05e7,0.04999493333333333,74.42843333333333,-5148.62,0.0,-4516.493333333333,1162.3100000000002,-0.21639866666666666,4738.81,4738.6,3.7027866666666665e-5,0.018598966666666664,0.017381766666666666,0.0359807,0.010.050.055000.01.00.001
2.06e7,0.05000696666666667,73.97833333333334,-5150.623333333333,0.0,-4519.046666666666,1162.5833333333333,-0.21654566666666666,4750.2733333333335,4750.053333333333,-1.5856233333333332e-6,0.0186207,0.01735326666666667,0.03597403333333333,0.010.050.055000.01.00.001
2.07e7,0.05000703333333334,74.08106666666667,-5152.13,0.0,-4520.406666666667,1162.5900000000001,-0.21663333333333334,4761.78,4761.563333333333,1.1512106666666665e-5,0.018606433333333335,0.017370433333333334,0.035976833333333326,0.010.050.055000.01.00.001
2.08e7,0.04998823333333333,74.30883333333333,-5153.489999999999,0.0,-4521.616666666666,1162.1533333333334,-0.21673966666666666,4771.876666666666,4771.656666666667,8.935443333333333e-6,0.018607933333333337,0.017363766666666666,0.0359717,0.010.050.055000.01.00.001
2.09e7,0.05002600000000001,74.20203333333333,-5154.32,0.0,-4521.786666666667,1163.0333333333335,-0.21669400000000003,4780.05,4779.829999999999,6.881486666666666e-6,0.018628766666666668,0.0173925,0.03602126666666667,0.010.050.055000.01.00.001
2.1e7,0.049968700000000005,74.1866,-5155.39,0.0,-4523.71,1161.6999999999998,-0.21690399999999999,4791.83,4791.616666666666,-2.1803500000000002e-6,0.0186051,0.01736233333333333,0.035967533333333336,0.010.050.055000.01.00.001
2.11e7,0.049982566666666665,74.27833333333334,-5157.056666666666,0.0,-4524.813333333333,1162.02,-0.21695433333333333,4801.746666666667,4801.53,4.208150000000001e-6,0.0186051,0.017392533333333335,0.035997666666666664,0.010.050.055000.01.00.001
2.12e7,0.050031700000000005,74.0845,-5158.233333333334,0.0,-4526.206666666666,1163.1633333333332,-0.21697033333333335,4811.056666666666,4810.836666666666,-2.779766666666668e-6,0.018630933333333332,0.017365366666666663,0.035996266666666665,0.010.050.055000.01.00.001
2.13e7,0.0499984,74.49563333333333,-5160.286666666667,0.0,-4528.010000000001,1162.3866666666665,-0.21713666666666667,4822.653333333333,4822.4400000000005,2.6809833333333335e-5,0.01861353333333333,0.0173724,0.03598593333333334,0.010.050.055000.01.00.001
2.14e7,0.05001023333333334,74.4295,-5162.03,0.0,-4529.666666666667,1162.6633333333332,-0.21722566666666668,4834.02,4833.803333333333,1.158213e-6,0.018621500000000003,0.0173742,0.03599566666666667,0.010.050.055000.01.00.001
2.15e7,0.05001123333333333,74.47816666666667,-5162.996666666667,0.0,-4530.756666666667,1162.6866666666667,-0.21729500000000002,4844.626666666667,4844.41,2.285808666666667e-5,0.0186279,0.01735653333333333,0.0359844,0.010.050.055000.01.00.001
2.16e7,0.0500101,74.3087,-5165.150000000001,0.0,-4532.650000000001,1162.66,-0.217419,4856.213333333333,4856.0,-7.310466666666666e-6,0.0186211,0.017391266666666665,0.036012333333333334,0.010.050.055000.01.00.001
2.17e7,0.05000466666666667,74.40873333333333,-5167.313333333333,0.0,-4535.156666666667,1162.5333333333335,-0.21758866666666665,4868.536666666667,4868.316666666667,-9.45779e-6,0.018628466666666666,0.0173552,0.0359837,0.010.050.055000.01.00.001
2.18e7,0.049995866666666666,74.53943333333335,-5168.5599999999995,0.0,-4536.320000000001,1162.3300000000002,-0.21767666666666666,4878.650000000001,4878.433333333333,5.961762999999999e-6,0.018628699999999998,0.017352233333333335,0.03598093333333333,0.010.050.055000.01.00.001
2.19e7,0.0500457,74.66596666666668,-5170.12,0.0,-4537.046666666666,1163.4866666666667,-0.21764899999999998,4886.803333333333,4886.586666666666,9.376353333333332e-6,0.018647733333333336,0.017378433333333335,0.0360262,0.010.050.055000.01.00.001
2.2e7,0.05001366666666667,74.6433,-5171.316666666667,0.0,-4538.326666666667,1162.74,-0.21777966666666668,4897.213333333333,4896.993333333333,6.1062333333333335e-6,0.018639066666666666,0.017383466666666667,0.036022533333333336,0.010.050.055000.01.00.001
2.21e7,0.050004400000000004,74.78073333333333,-5173.656666666667,0.0,-4540.753333333333,1162.53,-0.21795,4908.673333333333,4908.456666666667,6.235833333333333e-6,0.018622733333333336,0.017385099999999997,0.03600783333333333,0.010.050.055000.01.00.001
2.22e7,0.04999513333333333,74.77046666666666,-5175.31,0.0,-4542.576666666667,1162.3133333333333,-0.21808133333333335,4919.13,4918.91,1.3125178333333332e-5,0.018625733333333335,0.017372166666666664,0.0359979,0.010.050.055000.01.00.001
2.23e7,0.050010599999999995,74.68766666666666,-5176.216666666666,0.0,-4543.323333333334,1162.67,-0.21810666666666667,4928.426666666666,4928.21,-4.811023333333334e-6,0.0186544,0.017358666666666665,0.0360131,0.010.050.055000.01.00.001
2.24e7,0.0500046,74.79753333333333,-5176.9766666666665,0.0,-4543.93,1162.5333333333335,-0.2181546666666667,4937.9766666666665,4937.763333333333,7.982699999999999e-6,0.0186354,0.017380866666666665,0.036016266666666664,0.010.050.055000.01.00.001
2.25e7,0.049971299999999996,74.7305,-5177.5633333333335,0.0,-4544.93,1161.76,-0.21826966666666667,4949.62,4949.400000000001,9.94802e-7,0.01863413333333333,0.017359266666666668,0.035993366666666665,0.010.050.055000.01.00.001
2.26e7,0.050001666666666666,74.71596666666666,-5178.056666666666,0.0,-4545.176666666667,1162.4666666666667,-0.21823933333333334,4959.306666666667,4959.09,-1.3653333333333343e-6,0.018631333333333333,0.017379333333333333,0.03601066666666666,0.010.050.055000.01.00.001
2.27e7,0.049983066666666666,74.7307,-5180.11,0.0,-4547.403333333333,1162.03,-0.21841133333333337,4972.066666666667,4971.846666666666,1.6836666666666668e-5,0.018628199999999998,0.017370133333333333,0.035998333333333334,0.010.050.055000.01.00.001
2.28e7,0.05001856666666666,74.65873333333333,-5181.37,0.0,-4548.113333333333,1162.8533333333335,-0.2184033333333333,4982.646666666667,4982.426666666666,-2.0204500000000003e-5,0.018656266666666668,0.017382066666666668,0.03603836666666666,0.010.050.055000.01.00.001
2.29e7,0.049997933333333335,74.56806666666667,-5183.656666666667,0.0,-4550.77,1162.3766666666668,-0.21860633333333332,4995.293333333334,4995.073333333333,-1.5138716666666666e-5,0.018647333333333335,0.017372766666666668,0.036020133333333336,0.010.050.055000.01.00.001
2.3e7,0.05000346666666666,74.46066666666667,-5184.993333333334,0.0,-4552.29,1162.5033333333333,-0.21869566666666665,5006.513333333333,5006.296666666667,-2.498100666666667e-5,0.0186403,0.0173754,0.036015700000000005,0.010.050.055000.01.00.001
2.31e7,0.050026666666666664,75.21713333333334,-5186.44,0.0,-4553.2266666666665,1163.0433333333333,-0.21872133333333332,5016.683333333333,5016.463333333333,5.673226666666667e-6,0.018640166666666666,0.017359899999999998,0.03600006666666667,0.010.050.055000.01.00.001
2.32e7,0.05001943333333333,75.07466666666666,-5187.856666666667,0.0,-4554.6466666666665,1162.8766666666668,-0.21882366666666667,5028.1900000000005,5027.97,1.7825509999999998e-5,0.018628966666666667,0.0173799,0.03600886666666667,0.010.050.055000.01.00.001
2.33e7,0.050037033333333335,75.03506666666667,-5189.283333333334,0.0,-4555.67,1163.2833333333335,-0.21886366666666668,5037.613333333334,5037.393333333333,8.00032e-6,0.018650366666666668,0.017387,0.03603736666666666,0.010.050.055000.01.00.001
2.34e7,0.05000123333333334,74.69936666666668,-5188.65,0.0,-4555.72,1162.4533333333336,-0.21892066666666665,5049.043333333334,5048.826666666667,-4.3036600000000006e-6,0.018642333333333334,0.01737256666666667,0.03601493333333333,0.010.050.055000.01.00.001
2.35e7,0.049980533333333334,75.04379999999999,-5189.97,0.0,-4556.97,1161.9733333333334,-0.21903233333333336,5060.55,5060.330000000001,8.481756666666667e-6,0.01862633333333333,0.017370733333333336,0.0359971,0.010.050.055000.01.00.001
2.36e7,0.05003066666666667,75.03803333333333,-5190.313333333333,0.0,-4556.91,1163.14,-0.21895299999999998,5069.043333333334,5068.823333333333,2.7236133333333338e-6,0.018642966666666667,0.017380466666666667,0.036023433333333334,0.010.050.055000.01.00.001
2.37e7,0.05000793333333334,74.9164,-5190.716666666667,0.0,-4557.653333333333,1162.61,-0.21903533333333333,5081.21,5080.99,-1.2630233333333333e-5,0.0186504,0.017359133333333335,0.03600953333333333,0.010.050.055000.01.00.001
2.38e7,0.04999506666666667,75.1203,-5191.84,0.0,-4558.57,1162.31,-0.21911366666666665,5091.6866666666665,5091.47,-3.3177933333333334e-6,0.018637466666666668,0.017372233333333334,0.03600973333333333,0.010.050.055000.01.00.001
2.39e7,0.04999473333333334,74.99363333333334,-5192.763333333333,0.0,-4559.580000000001,1162.3033333333335,-0.21917866666666666,5101.513333333333,5101.293333333333,-1.8059553333333334e-5,0.018640933333333335,0.017371499999999998,0.0360124,0.010.050.055000.01.00.001
2.4e7,0.049985499999999995,75.03463333333332,-5194.483333333334,0.0,-4561.236666666667,1162.0866666666668,-0.21929999999999997,5111.993333333334,5111.7733333333335,-1.3752593333333335e-6,0.018628966666666667,0.0173846,0.036013633333333336,0.010.050.055000.01.00.001
2.41e7,0.049992666666666664,75.23966666666666,-5196.533333333334,0.0,-4562.996666666667,1162.2533333333333,-0.21940266666666666,5123.656666666667,5123.4366666666665,2.9617333333333325e-6,0.018648233333333333,0.017370933333333335,0.036019133333333335,0.010.050.055000.01.00.001
2.42e7,0.05002683333333333,75.2193,-5198.366666666667,0.0,-4564.22,1163.0466666666666,-0.2194306666666667,5133.830000000001,5133.61,6.894733333333334e-6,0.018662566666666665,0.017397333333333334,0.03605986666666667,0.010.050.055000.01.00.001
2.43e7,0.0500275,75.6211,-5199.139999999999,0.0,-4564.856666666667,1163.0633333333333,-0.21947033333333335,5144.223333333333,5144.006666666667,1.3843403333333335e-5,0.018664666666666666,0.017377966666666664,0.03604263333333333,0.010.050.055000.01.00.001
2.44e7,0.05000276666666667,75.18566666666668,-5200.59,0.0,-4566.693333333334,1162.49,-0.21962633333333334,5156.3099999999995,5156.09,-1.75563e-5,0.0186701,0.01737563333333333,0.03604573333333334,0.010.050.055000.01.00.001
2.45e7,0.05000366666666667,75.22370000000001,-5201.266666666666,0.0,-4567.433333333333,1162.5133333333333,-0.21967233333333333,5167.133333333334,5166.916666666667,-2.628926666666667e-5,0.01867313333333333,0.0173664,0.0360395,0.010.050.055000.01.00.001
2.46e7,0.049988733333333334,75.34196666666666,-5202.693333333334,0.0,-4568.706666666667,1162.16,-0.219777,5179.123333333333,5178.906666666667,6.1862790000000004e-6,0.0186658,0.01737596666666667,0.036041800000000006,0.010.050.055000.01.00.001
2.47e7,0.05000176666666667,75.46943333333334,-5203.993333333333,0.0,-4569.81,1162.4666666666665,-0.21982833333333332,5189.033333333334,5188.813333333333,1.2021560000000003e-5,0.018660833333333335,0.017385133333333334,0.03604603333333334,0.010.050.055000.01.00.001
2.48e7,0.050005799999999996,75.56060000000001,-5205.7733333333335,0.0,-4571.643333333333,1162.5600000000002,-0.21994066666666667,5199.413333333334,5199.193333333334,-3.40221e-6,0.0186785,0.01735823333333333,0.036036766666666664,0.010.050.055000.01.00.001
2.49e7,0.05000383333333333,75.40756666666667,-5205.79,0.0,-4571.833333333333,1162.5166666666667,-0.219956,5209.66,5209.4400000000005,5.721470000000001e-6,0.018668,0.017367333333333332,0.036035333333333336,0.010.050.055000.01.00.001
2.5e7,0.05003453333333333,75.34056666666667,-5206.126666666667,0.0,-4571.963333333333,1163.2266666666667,-0.21991800000000003,5218.62,5218.3966666666665,-2.0819726666666664e-5,0.01867673333333333,0.017376566666666666,0.03605333333333333,0.010.050.055000.01.00.001
2.51e7,0.049979966666666674,75.31606666666666,-5206.083333333333,0.0,-4572.6,1161.96,-0.22004133333333334,5230.650000000001,5230.43,-6.9006066666666665e-6,0.01865376666666667,0.017357,0.0360108,0.010.050.055000.01.00.001
2.52e7,0.049998466666666665,75.46560000000001,-5206.776666666668,0.0,-4572.593333333333,1162.3866666666665,-0.22001300000000001,5240.209999999999,5239.993333333333,4.191866666666666e-6,0.01866203333333333,0.017384399999999998,0.03604643333333333,0.010.050.055000.01.00.001
2.53e7,0.05002173333333334,75.33686666666667,-5208.013333333333,0.0,-4573.843333333333,1162.93,-0.22005866666666665,5250.0633333333335,5249.84,-9.855714266666668e-6,0.018666,0.0173878,0.0360538,0.010.050.055000.01.00.001
2.54e7,0.04998433333333333,75.42683333333332,-5209.123333333333,0.0,-4575.403333333333,1162.06,-0.22021566666666667,5262.43,5262.21,4.249533333333332e-6,0.018655633333333334,0.017363166666666666,0.03601883333333333,0.010.050.055000.01.00.001
2.55e7,0.049995633333333324,75.4477,-5211.306666666666,0.0,-4577.636666666666,1162.3233333333335,-0.22034300000000004,5273.740000000001,5273.52,-5.679256666666665e-6,0.018657000000000003,0.017357366666666665,0.036014366666666665,0.010.050.055000.01.00.001
2.56e7,0.05002006666666667,75.8216,-5211.86,0.0,-4576.803333333333,1162.89,-0.22025233333333336,5282.606666666667,5282.386666666667,5.8870413333333325e-6,0.018698033333333332,0.017381533333333334,0.03607956666666667,0.010.050.055000.01.00.001
2.57e7,0.05000986666666666,75.9018,-5212.723333333334,0.0,-4578.28,1162.6533333333334,-0.220363,5294.650000000001,5294.43,1.200896666666666e-6,0.018680000000000002,0.01735463333333333,0.03603463333333334,0.010.050.055000.01.00.001
2.58e7,0.050005066666666674,75.89156666666666,-5214.283333333333,0.0,-4579.81,1162.5433333333333,-0.22046866666666665,5306.546666666666,5306.326666666667,1.7748839e-5,0.0186711,0.017366533333333333,0.03603766666666666,0.010.050.055000.01.00.001
2.59e7,0.04998986666666667,75.77873333333334,-5215.759999999999,0.0,-4581.47,1162.19,-0.220599,5319.086666666667,5318.863333333333,-4.921353333333333e-6,0.018668633333333334,0.0173644,0.03603306666666666,0.010.050.055000.01.00.001
2.6e7,0.0500082,75.65896666666667,-5216.846666666667,0.0,-4582.613333333334,1162.6166666666666,-0.22064499999999998,5329.706666666666,5329.486666666667,-7.240766666666667e-6,0.018682433333333335,0.017354566666666668,0.03603696666666667,0.010.050.055000.01.00.001
2.61e7,0.04999976666666667,75.43803333333334,-5217.72,0.0,-4583.79,1162.42,-0.22073366666666663,5341.036666666667,5340.816666666667,-9.4886e-6,0.018656533333333336,0.017375266666666667,0.03603183333333333,0.010.050.055000.01.00.001
2.62e7,0.05001593333333334,75.47866666666665,-5218.313333333333,0.0,-4584.19,1162.7966666666666,-0.22073500000000001,5350.746666666667,5350.526666666667,-2.6884966666666668e-5,0.018680166666666668,0.01736133333333333,0.036041533333333334,0.010.050.055000.01.00.001
2.63e7,0.050040466666666665,76.01440000000001,-5218.643333333333,0.0,-4583.28,1163.3666666666666,-0.22063933333333333,5359.036666666667,5358.816666666667,1.483732e-5,0.018688433333333334,0.017398833333333336,0.036087266666666666,0.010.050.055000.01.00.001
2.64e7,0.0500108,75.80066666666667,-5220.606666666667,0.0,-4585.88,1162.6766666666665,-0.22085166666666667,5372.263333333333,5372.043333333333,-3.0423799999999997e-6,0.018685300000000002,0.0173745,0.036059799999999996,0.010.050.055000.01.00.001
2.65e7,0.0499937,75.6288,-5222.486666666667,0.0,-4588.17,1162.28,-0.22102533333333332,5384.6033333333335,5384.383333333333,-2.0615766666666667e-5,0.018686633333333334,0.0173579,0.0360445,0.010.050.055000.01.00.001
2.66e7,0.04994956666666667,75.86266666666667,-5223.683333333333,0.0,-4589.38,1161.2533333333333,-0.22116933333333333,5396.33,5396.110000000001,1.39438e-6,0.018659866666666667,0.017368733333333334,0.0360286,0.010.050.055000.01.00.001
2.67e7,0.05004176666666666,76.03949999999999,-5224.450000000001,0.0,-4589.153333333334,1163.3966666666665,-0.22101633333333334,5404.486666666667,5404.266666666666,-2.0745000000000002e-6,0.018695033333333333,0.017385966666666666,0.03608103333333334,0.010.050.055000.01.00.001
2.68e7,0.05002886666666667,75.8124,-5225.693333333334,0.0,-4590.7733333333335,1163.1000000000001,-0.22114033333333336,5416.830000000001,5416.61,-1.529251e-5,0.018694200000000005,0.0173772,0.0360714,0.010.050.055000.01.00.001
2.69e7,0.0499991,76.01166666666667,-5226.44,0.0,-4591.373333333333,1162.4033333333334,-0.221224,5428.633333333334,5428.413333333333,1.0444066666666665e-5,0.01868303333333333,0.0173851,0.03606816666666667,0.010.050.055000.01.00.001
2.7e7,0.05001740000000001,75.88889999999999,-5226.673333333333,0.0,-4592.086666666667,1162.83,-0.22124233333333332,5439.786666666667,5439.566666666667,-5.1298066666666664e-6,0.018673699999999998,0.0173712,0.03604486666666667,0.010.050.055000.01.00.001
2.71e7,0.050003933333333334,75.71546666666666,-5227.216666666666,0.0,-4593.0199999999995,1162.5166666666667,-0.22132266666666667,5451.91,5451.686666666667,7.693e-7,0.018678700000000003,0.0173523,0.03603106666666667,0.010.050.055000.01.00.001
2.72e7,0.05002036666666667,75.7771,-5228.016666666666,0.0,-4593.236666666667,1162.8999999999999,-0.22131233333333333,5462.286666666667,5462.066666666666,-9.396934999999999e-6,0.018686400000000002,0.017378233333333333,0.03606466666666667,0.010.050.055000.01.00.001
2.73e7,0.04998486666666666,75.7863,-5229.243333333333,0.0,-4594.716666666667,1162.0700000000002,-0.22146066666666667,5474.073333333334,5473.849999999999,-1.8358836666666666e-5,0.018680066666666665,0.017367800000000003,0.0360479,0.010.050.055000.01.00.001
2.74e7,0.05002026666666667,75.80516666666666,-5230.320000000001,0.0,-4595.826666666667,1162.8966666666668,-0.22147933333333333,5484.463333333333,5484.243333333333,-1.5814166666666665e-5,0.018680266666666667,0.017364166666666667,0.036044466666666664,0.010.050.055000.01.00.001
2.75e7,0.04999543333333334,75.80736666666667,-5230.616666666666,0.0,-4595.996666666667,1162.32,-0.22152733333333333,5495.45,5495.23,-1.2603333333333334e-5,0.018679766666666667,0.017372766666666668,0.03605253333333333,0.010.050.055000.01.00.001
2.76e7,0.04997503333333333,75.71286666666667,-5231.366666666668,0.0,-4596.8,1161.8433333333335,-0.22161,5506.416666666667,5506.19,-2.874293333333333e-6,0.0186717,0.017383266666666664,0.0360549,0.010.050.055000.01.00.001
2.77e7,0.049995566666666665,75.96560000000001,-5231.7733333333335,0.0,-4596.793333333334,1162.3233333333333,-0.22157866666666667,5515.78,5515.56,-5.916853333333333e-6,0.018692666666666666,0.017372799999999997,0.036065433333333334,0.010.050.055000.01.00.001
2.78e7,0.05002973333333333,76.0514,-5232.5,0.0,-4597.429999999999,1163.1166666666666,-0.22156866666666666,5526.236666666667,5526.016666666666,2.197244666666667e-6,0.018683933333333333,0.017381933333333332,0.03606583333333333,0.010.050.055000.01.00.001
2.79e7,0.050014399999999994,76.14276666666667,-5234.243333333333,0.0,-4599.0233333333335,1162.76,-0.22169433333333333,5538.316666666667,5538.096666666667,-4.503253333333334e-6,0.018695966666666664,0.017373233333333335,0.03606923333333333,0.010.050.055000.01.00.001
2.8e7,0.050001899999999995,75.95783333333333,-5236.653333333333,0.0,-4601.683333333333,1162.47,-0.22188466666666665,5550.110000000001,5549.89,-1.5415233333333334e-5,0.018686366666666666,0.017378966666666665,0.03606536666666666,0.010.050.055000.01.00.001
2.81e7,0.049988866666666666,75.80833333333334,-5238.163333333334,0.0,-4603.650000000001,1162.1666666666667,-0.22203133333333333,5561.493333333333,5561.2699999999995,-1.6944590000000003e-5,0.018687433333333333,0.0173581,0.03604553333333333,0.010.050.055000.01.00.001
2.82e7,0.05002763333333333,76.02523333333333,-5238.66,0.0,-4603.516666666667,1163.0666666666666,-0.22196433333333335,5570.94,5570.72,-2.0007703333333333e-5,0.018702966666666668,0.017369533333333333,0.0360725,0.010.050.055000.01.00.001
2.83e7,0.05000756666666667,75.84596666666665,-5238.8133333333335,0.0,-4603.92,1162.6000000000001,-0.22202066666666667,5582.32,5582.096666666667,-1.9162713333333334e-5,0.0186975,0.017370066666666666,0.03606753333333334,0.010.050.055000.01.00.001
2.84e7,0.05001456666666667,75.68493333333333,-5239.12,0.0,-4604.349999999999,1162.7633333333333,-0.22203799999999999,5593.05,5592.826666666667,-2.8127233333333334e-5,0.018698133333333332,0.0173717,0.036069833333333336,0.010.050.055000.01.00.001
2.85e7,0.0500168,76.2661,-5239.906666666667,0.0,-4604.4766666666665,1162.8166666666668,-0.22204233333333334,5603.28,5603.06,9.284756666666667e-6,0.0186931,0.017382066666666668,0.036075166666666665,0.010.050.055000.01.00.001
2.86e7,0.050008133333333336,76.09963333333333,-5240.366666666667,0.0,-4605.233333333334,1162.6133333333335,-0.22210433333333332,5613.826666666667,5613.606666666667,-1.3714766666666668e-6,0.018695100000000003,0.0173716,0.03606673333333333,0.010.050.055000.01.00.001
2.87e7,0.04999836666666666,75.95743333333333,-5240.55,0.0,-4606.016666666666,1162.3866666666665,-0.22216933333333333,5625.599999999999,5625.376666666667,-6.74651e-6,0.0186926,0.017344766666666664,0.03603733333333334,0.010.050.055000.01.00.001
2.88e7,0.0499731,75.97476666666667,-5241.41,0.0,-4606.95,1161.8033333333333,-0.22226766666666667,5637.413333333334,5637.193333333334,-1.647146333333333e-5,0.018673333333333333,0.017358133333333334,0.03603146666666667,0.010.050.055000.01.00.001
2.89e7,0.0500273,76.06753333333334,-5241.28,0.0,-4606.163333333334,1163.0600000000002,-0.22213566666666665,5645.95,5645.7300000000005,-1.527533333333333e-6,0.0187056,0.017362266666666668,0.03606786666666666,0.010.050.055000.01.00.001
2.9e7,0.05003533333333334,76.33633333333334,-5241.429999999999,0.0,-4605.6466666666665,1163.2466666666667,-0.22209066666666666,5655.473333333332,5655.25,-5.777103333333334e-6,0.018717333333333332,0.01737596666666667,0.03609326666666667,0.010.050.055000.01.00.001
2.91e7,0.050019,76.19946666666667,-5241.75,0.0,-4606.393333333333,1162.8700000000001,-0.222163,5666.363333333334,5666.136666666666,-1.1959199999999999e-5,0.0187151,0.0173596,0.036074666666666665,0.010.050.055000.01.00.001
2.92e7,0.0499831,76.197,-5242.833333333333,0.0,-4607.756666666667,1162.0333333333333,-0.22230466666666668,5678.046666666666,5677.82,-8.210933333333333e-6,0.018692666666666666,0.0173643,0.0360569,0.010.050.055000.01.00.001
2.93e7,0.05000093333333333,76.22673333333334,-5243.926666666666,0.0,-4608.683333333333,1162.4433333333334,-0.22233766666666668,5688.650000000001,5688.43,-1.4487379999999998e-5,0.018675233333333333,0.017390466666666667,0.03606563333333333,0.010.050.055000.01.00.001
2.94e7,0.05002663333333333,76.26196666666668,-5243.986666666667,0.0,-4608.316666666667,1163.0433333333333,-0.22227533333333335,5697.293333333334,5697.073333333334,-1.2453464999999998e-5,0.018721133333333334,0.017369466666666666,0.03609063333333334,0.010.050.055000.01.00.001
2.95e7,0.050000199999999995,76.54373333333334,-5244.983333333334,0.0,-4609.3966666666665,1162.4266666666667,-0.22238499999999997,5709.056666666667,5708.836666666666,7.093320000000001e-6,0.0187008,0.0173665,0.03606733333333333,0.010.050.055000.01.00.001
2.96e7,0.049997233333333335,76.58406666666667,-5246.19,0.0,-4610.71,1162.3633333333335,-0.22247399999999998,5720.776666666668,5720.553333333333,1.2638166666666674e-6,0.0187097,0.017348000000000002,0.0360577,0.010.050.055000.01.00.001
2.97e7,0.04998756666666667,76.41520000000001,-5247.82,0.0,-4612.3,1162.1366666666665,-0.22259133333333334,5732.45,5732.2300000000005,-1.3073263333333331e-5,0.018701333333333334,0.017369866666666667,0.0360712,0.010.050.055000.01.00.001
2.98e7,0.049998966666666665,76.6451,-5249.413333333334,0.0,-4613.573333333334,1162.4033333333334,-0.222656,5743.163333333333,5742.943333333334,8.874233333333337e-6,0.018716933333333335,0.0173603,0.03607723333333334,0.010.050.055000.01.00.001
2.99e7,0.05006083333333333,76.74876666666667,-5251.186666666667,0.0,-4614.623333333334,1163.84,-0.22263133333333332,5752.103333333333,5751.883333333334,6.205733333333333e-6,0.018728533333333335,0.01738843333333333,0.03611696666666667,0.010.050.055000.01.00.001
3.0e7,0.05004273333333334,76.6675,-5252.656666666666,0.0,-4616.25,1163.4166666666667,-0.22276333333333334,5763.556666666666,5763.333333333333,-5.007033333333334e-6,0.018718866666666667,0.0173934,0.0361123,0.010.050.055000.01.00.001
3.01e7,0.04997123333333334,76.1782,-5252.643333333333,0.0,-4617.6466666666665,1161.7566666666667,-0.22296066666666667,5777.323333333334,5777.103333333333,-2.569275666666667e-5,0.018689266666666666,0.017363533333333334,0.036052799999999996,0.010.050.055000.01.00.001
3.02e7,0.04999923333333334,76.14739999999999,-5253.176666666667,0.0,-4617.926666666666,1162.4066666666668,-0.22293700000000002,5786.903333333333,5786.68,-3.20246e-5,0.0186994,0.017371800000000003,0.036071233333333334,0.010.050.055000.01.00.001
3.03e7,0.050037733333333334,76.5522,-5252.503333333333,0.0,-4616.37,1163.3033333333333,-0.22277833333333333,5793.78,5793.556666666666,-1.2792860000000001e-5,0.018720266666666666,0.0173817,0.03610203333333333,0.010.050.055000.01.00.001
3.04e7,0.050024566666666666,76.32806666666666,-5252.656666666667,0.0,-4616.893333333333,1162.9966666666667,-0.22283233333333333,5804.209999999999,5803.983333333334,-1.7557433333333332e-5,0.018710900000000003,0.017381666666666667,0.036092566666666666,0.010.050.055000.01.00.001
3.05e7,0.04997876666666667,76.3331,-5253.4766666666665,0.0,-4618.473333333332,1161.93,-0.22300266666666668,5816.766666666667,5816.546666666666,-1.5134966666666668e-5,0.018683766666666667,0.017359733333333332,0.03604346666666667,0.010.050.055000.01.00.001
3.06e7,0.04999816666666667,76.29693333333334,-5253.736666666667,0.0,-4618.016666666666,1162.3833333333332,-0.222944,5826.066666666667,5825.843333333333,-2.4699184000000002e-5,0.0187022,0.017389533333333335,0.036091700000000004,0.010.050.055000.01.00.001
3.07e7,0.049985400000000006,76.34753333333333,-5254.563333333333,0.0,-4619.296666666666,1162.0866666666668,-0.223046,5838.0,5837.776666666668,-2.3087793333333333e-5,0.018696166666666666,0.017363166666666666,0.03605936666666667,0.010.050.055000.01.00.001
3.08e7,0.04997886666666667,76.31956666666667,-5254.796666666666,0.0,-4619.5233333333335,1161.9333333333334,-0.22307033333333334,5849.03,5848.806666666667,-2.73722e-5,0.018709133333333332,0.017352466666666667,0.0360616,0.010.050.055000.01.00.001
3.09e7,0.05000246666666667,76.66856666666666,-5255.076666666667,0.0,-4619.22,1162.4833333333333,-0.22301533333333334,5858.549999999999,5858.329999999999,-4.966903333333334e-6,0.018708866666666667,0.017367999999999998,0.03607686666666666,0.010.050.055000.01.00.001
3.1e7,0.04999093333333333,76.361,-5254.92,0.0,-4619.496666666666,1162.2133333333334,-0.22305033333333335,5869.366666666666,5869.143333333333,-2.264363e-5,0.018707166666666667,0.0173615,0.03606863333333333,0.010.050.055000.01.00.001
3.11e7,0.0499878,76.471,-5256.233333333334,0.0,-4620.78,1162.1433333333334,-0.22313800000000003,5880.856666666667,5880.633333333334,-1.2210566666666668e-5,0.0186895,0.017373999999999997,0.0360635,0.010.050.055000.01.00.001
3.12e7,0.050002366666666666,76.64423333333333,-5257.9800000000005,0.0,-4621.96,1162.48,-0.22319233333333333,5891.06,5890.84,-1.1198853333333333e-5,0.018706733333333333,0.017381999999999998,0.03608873333333334,0.010.050.055000.01.00.001
3.13e7,0.050010066666666665,76.9344,-5259.026666666668,0.0,-4622.7300000000005,1162.6599999999999,-0.22323066666666666,5901.82,5901.596666666667,-2.877633333333333e-6,0.018732966666666667,0.0173549,0.03608786666666666,0.010.050.055000.01.00.001
3.14e7,0.050001399999999994,76.68166666666667,-5259.796666666666,0.0,-4623.653333333333,1162.46,-0.223303,5913.493333333333,5913.2699999999995,-1.7557326666666666e-5,0.018712266666666668,0.017381833333333332,0.0360941,0.010.050.055000.01.00.001
3.15e7,0.05002426666666667,76.75636666666666,-5260.996666666667,0.0,-4624.570000000001,1162.99,-0.22332766666666667,5924.353333333333,5924.133333333334,-1.7722863333333335e-5,0.01872436666666667,0.017383433333333333,0.03610783333333333,0.010.050.055000.01.00.001
3.16e7,0.05000313333333334,76.93056666666666,-5261.089999999999,0.0,-4624.846666666667,1162.5,-0.22337733333333332,5935.81,5935.59,-1.8714853333333334e-5,0.01871976666666667,0.01736503333333333,0.036084766666666664,0.010.050.055000.01.00.001
3.17e7,0.04999766666666667,76.58273333333334,-5261.866666666666,0.0,-4625.916666666667,1162.3733333333334,-0.22345466666666666,5947.8,5947.576666666667,-2.7439476666666664e-5,0.018726999999999997,0.017361033333333335,0.03608806666666666,0.010.050.055000.01.00.001
3.18e7,0.050030233333333334,76.79406666666667,-5263.253333333333,0.0,-4626.716666666667,1163.1266666666668,-0.22345700000000002,5957.943333333333,5957.716666666667,-2.19385e-5,0.018725433333333333,0.01738706666666667,0.0361125,0.010.050.055000.01.00.001
3.19e7,0.049989766666666664,76.72486666666667,-5264.993333333333,0.0,-4629.056666666666,1162.1866666666667,-0.223669,5970.566666666667,5970.343333333333,-2.1967753333333335e-5,0.018704866666666667,0.017373366666666668,0.036078233333333334,0.010.050.055000.01.00.001
3.2e7,0.050028833333333335,77.00596666666667,-5265.576666666667,0.0,-4628.836666666667,1163.0966666666666,-0.22359600000000002,5978.96,5978.740000000001,-6.37797e-6,0.01873146666666667,0.0173806,0.036112066666666665,0.010.050.055000.01.00.001
3.21e7,0.0499926,77.03606666666667,-5266.74,0.0,-4630.383333333332,1162.2533333333333,-0.22375066666666665,5991.259999999999,5991.03,7.052333333333256e-8,0.0187161,0.0173692,0.036085266666666664,0.010.050.055000.01.00.001
3.22e7,0.050005799999999996,77.23033333333332,-5267.04,0.0,-4630.136666666666,1162.5566666666666,-0.2237146666666667,6002.586666666666,6002.363333333334,-4.233896666666666e-6,0.0187324,0.017375433333333332,0.03610783333333333,0.010.050.055000.01.00.001
3.23e7,0.05001523333333333,76.4803,-5267.426666666666,0.0,-4631.423333333333,1162.78,-0.2237836666666667,6013.78,6013.556666666666,-4.304232666666667e-5,0.018729233333333335,0.017368900000000003,0.03609816666666666,0.010.050.055000.01.00.001
3.24e7,0.0500488,76.79876666666667,-5267.420000000001,0.0,-4630.633333333334,1163.5633333333333,-0.22368200000000002,6022.666666666667,6022.436666666666,-1.8945866666666668e-5,0.018742066666666668,0.017386366666666663,0.036128466666666664,0.010.050.055000.01.00.001
3.25e7,0.049986166666666665,77.19623333333332,-5268.12,0.0,-4631.466666666666,1162.1033333333335,-0.22382966666666668,6034.736666666667,6034.513333333333,1.8325036666666666e-5,0.018724866666666663,0.01736906666666667,0.036094,0.010.050.055000.01.00.001
3.26e7,0.050021333333333334,77.1067,-5268.063333333333,0.0,-4631.21,1162.9199999999998,-0.2237606666666667,6044.796666666666,6044.57,-8.2276e-6,0.0187458,0.017366966666666664,0.036112766666666664,0.010.050.055000.01.00.001
3.27e7,0.0499966,76.99436666666666,-5269.776666666667,0.0,-4633.123333333334,1162.3466666666666,-0.22392133333333333,6057.183333333333,6056.959999999999,-2.63242e-5,0.018727300000000002,0.0173798,0.036107099999999996,0.010.050.055000.01.00.001
3.28e7,0.04998033333333333,77.1552,-5270.373333333334,0.0,-4633.82,1161.97,-0.22399033333333332,6069.863333333334,6069.636666666666,-2.28542e-6,0.01872163333333333,0.0173685,0.03609010000000001,0.010.050.055000.01.00.001
3.29e7,0.05001663333333334,76.92983333333335,-5271.169999999999,0.0,-4634.676666666666,1162.81,-0.22399133333333332,6081.046666666666,6080.816666666667,-1.7952833333333332e-5,0.018737366666666668,0.0173635,0.0361009,0.010.050.055000.01.00.001
3.3e7,0.049995333333333336,76.9047,-5271.903333333333,0.0,-4635.599999999999,1162.3133333333333,-0.22408266666666665,6093.343333333333,6093.12,-1.2659546666666667e-5,0.018722666666666665,0.017367566666666667,0.036090199999999996,0.010.050.055000.01.00.001
3.31e7,0.049978600000000005,77.38443333333333,-5271.776666666666,0.0,-4635.086666666666,1161.93,-0.22407466666666664,6104.573333333334,6104.346666666667,1.2387036666666667e-5,0.01873016666666667,0.017353966666666665,0.0360841,0.010.050.055000.01.00.001
3.32e7,0.049972133333333335,77.15636666666666,-5271.136666666666,0.0,-4634.903333333333,1161.78,-0.22407266666666667,6115.62,6115.400000000001,2.6888799999999997e-6,0.018704233333333334,0.017365099999999998,0.0360693,0.010.050.055000.01.00.001
3.33e7,0.04999016666666667,76.9489,-5270.830000000001,0.0,-4634.373333333333,1162.1966666666667,-0.22401166666666664,6125.18,6124.956666666666,-1.9814833333333336e-5,0.018716033333333333,0.01738106666666667,0.03609716666666667,0.010.050.055000.01.00.001
3.34e7,0.04999566666666667,76.89813333333335,-5270.900000000001,0.0,-4634.626666666667,1162.3233333333335,-0.22401966666666664,6135.71,6135.486666666667,-2.1670933333333336e-5,0.018722100000000002,0.0173665,0.0360886,0.010.050.055000.01.00.001
3.35e7,0.04999003333333333,77.1327,-5271.693333333334,0.0,-4635.543333333334,1162.1933333333334,-0.224087,6147.456666666668,6147.233333333334,-9.411400000000001e-6,0.018727866666666666,0.01733773333333333,0.03606563333333334,0.010.050.055000.01.00.001
3.36e7,0.050001133333333336,77.0442,-5271.7699999999995,0.0,-4635.263333333333,1162.4533333333334,-0.22405266666666668,6158.176666666666,6157.956666666666,-1.4767199999999998e-5,0.018722466666666666,0.017371800000000003,0.036094233333333336,0.010.050.055000.01.00.001
3.37e7,0.050013,76.98366666666668,-5272.126666666667,0.0,-4635.466666666667,1162.7266666666667,-0.22404733333333335,6169.186666666667,6168.966666666666,-2.39368e-5,0.0187373,0.01737053333333333,0.03610786666666666,0.010.050.055000.01.00.001
3.38e7,0.050021399999999994,76.93816666666667,-5272.016666666666,0.0,-4635.446666666667,1162.9233333333334,-0.2240336666666667,6179.5233333333335,6179.3,-3.278636666666666e-5,0.018742599999999998,0.017362833333333334,0.0361054,0.010.050.055000.01.00.001
3.39e7,0.05002713333333333,77.08109999999999,-5271.996666666667,0.0,-4635.086666666667,1163.0566666666666,-0.224002,6190.420000000001,6190.2,-2.448925666666667e-5,0.018739500000000003,0.0173786,0.03611810000000001,0.010.050.055000.01.00.001
3.4e7,0.0499927,77.19433333333335,-5273.123333333333,0.0,-4636.516666666666,1162.2566666666667,-0.22414599999999998,6202.986666666667,6202.759999999999,2.541466666666666e-6,0.0187343,0.017356999999999997,0.0360913,0.010.050.055000.01.00.001
3.41e7,0.049987699999999996,76.94183333333332,-5273.303333333333,0.0,-4637.263333333333,1162.14,-0.22420166666666666,6214.3,6214.073333333334,-3.024468e-5,0.018714066666666664,0.017356800000000002,0.036070899999999996,0.010.050.055000.01.00.001
3.42e7,0.04996523333333334,77.01636666666667,-5273.126666666667,0.0,-4637.016666666666,1161.6166666666666,-0.22421966666666668,6225.0233333333335,6224.796666666666,-1.6474479999999998e-5,0.018706266666666665,0.017363933333333335,0.03607016666666667,0.010.050.055000.01.00.001
3.43e7,0.0499812,77.0665,-5274.203333333333,0.0,-4638.043333333334,1161.99,-0.22426166666666666,6235.373333333333,6235.150000000001,-1.9247716666666665e-5,0.01872153333333333,0.0173489,0.03607043333333334,0.010.050.055000.01.00.001
3.44e7,0.0499959,76.73426666666667,-5274.233333333333,0.0,-4637.753333333333,1162.33,-0.22422066666666665,6245.07,6244.84,-3.5469233333333336e-5,0.018731233333333333,0.017381633333333334,0.03611286666666667,0.010.050.055000.01.00.001
3.45e7,0.04999496666666667,76.9899,-5273.866666666666,0.0,-4637.413333333333,1162.3066666666666,-0.22419999999999998,6255.926666666666,6255.7,-2.5513133333333335e-5,0.018722166666666665,0.017372266666666667,0.036094466666666665,0.010.050.055000.01.00.001
3.46e7,0.050022533333333334,77.04186666666668,-5274.836666666667,0.0,-4638.086666666667,1162.9466666666667,-0.2242023333333333,6266.753333333333,6266.526666666668,-1.3638266666666666e-5,0.0187407,0.017369400000000004,0.0361101,0.010.050.055000.01.00.001
3.47e7,0.04999376666666666,76.61956666666667,-5274.556666666666,0.0,-4638.386666666666,1162.28,-0.22426500000000002,6278.376666666667,6278.1466666666665,-5.2444399999999995e-5,0.018736433333333333,0.0173636,0.036100066666666666,0.010.050.055000.01.00.001
3.48e7,0.05000603333333333,77.13956666666667,-5275.406666666667,0.0,-4638.606666666667,1162.5633333333333,-0.22426066666666666,6288.763333333333,6288.543333333334,-2.9737990000000004e-6,0.018718466666666666,0.017388333333333336,0.0361068,0.010.050.055000.01.00.001
3.49e7,0.05003793333333334,77.07573333333333,-5275.38,0.0,-4638.543333333334,1163.3033333333333,-0.22420866666666664,6298.4766666666665,6298.256666666667,-3.05451e-6,0.018730933333333335,0.017382866666666667,0.036113766666666665,0.010.050.055000.01.00.001
3.5e7,0.049976,77.28316666666667,-5275.8533333333335,0.0,-4639.0633333333335,1161.8666666666666,-0.22433499999999998,6311.86,6311.636666666666,-3.3947333333333345e-6,0.018732333333333333,0.0173649,0.036097199999999996,0.010.050.055000.01.00.001
3.51e7,0.050005333333333325,77.31080000000001,-5276.416666666667,0.0,-4639.446666666667,1162.55,-0.224316,6322.55,6322.323333333334,-1.7329296666666666e-5,0.018727033333333334,0.017379933333333333,0.036106966666666664,0.010.050.055000.01.00.001
3.52e7,0.0499801,77.03966666666666,-5278.213333333333,0.0,-4641.513333333333,1161.96,-0.22448733333333334,6335.490000000001,6335.266666666666,-2.4154206666666666e-5,0.0187364,0.017371033333333334,0.036107433333333334,0.010.050.055000.01.00.001
3.53e7,0.050042399999999994,77.4723,-5278.9800000000005,0.0,-4641.52,1163.41,-0.22439399999999998,6345.303333333333,6345.079999999999,-7.164876666666667e-6,0.018746966666666667,0.0173813,0.036128266666666665,0.010.050.055000.01.00.001
3.54e7,0.04999483333333333,77.26403333333333,-5280.216666666666,0.0,-4643.64,1162.3033333333333,-0.22460233333333335,6359.836666666667,6359.610000000001,-1.4491500000000002e-5,0.018724166666666667,0.0173606,0.0360848,0.010.050.055000.01.00.001
3.55e7,0.0499792,77.06756666666666,-5281.42,0.0,-4645.033333333334,1161.9399999999998,-0.22471566666666665,6372.783333333333,6372.556666666667,-1.3725366666666664e-5,0.018719999999999997,0.017364900000000003,0.0360849,0.010.050.055000.01.00.001
3.56e7,0.04999383333333333,76.8649,-5281.650000000001,0.0,-4645.196666666667,1162.28,-0.2247043333333333,6383.82,6383.59,-4.59364e-5,0.018732466666666666,0.017369766666666665,0.03610223333333334,0.010.050.055000.01.00.001
3.57e7,0.05000346666666667,76.88683333333333,-5283.506666666667,0.0,-4646.900000000001,1162.5066666666664,-0.2248,6396.493333333333,6396.266666666666,-3.804006666666667e-5,0.018738066666666667,0.017372833333333334,0.036110866666666665,0.010.050.055000.01.00.001
3.58e7,0.04997756666666667,77.03429999999999,-5285.473333333333,0.0,-4649.02,1161.9066666666668,-0.224975,6409.176666666667,6408.95,-1.80256e-5,0.018728099999999998,0.0173637,0.0360918,0.010.050.055000.01.00.001
3.59e7,0.050048333333333334,77.32260000000001,-5285.513333333333,0.0,-4647.983333333334,1163.55,-0.22480233333333333,6416.3533333333335,6416.126666666667,-9.727436666666667e-6,0.01876826666666667,0.017374,0.036142233333333336,0.010.050.055000.01.00.001
3.6e7,0.049981833333333336,77.13476666666666,-5284.91,0.0,-4648.033333333333,1162.0,-0.22490533333333337,6429.22,6428.990000000001,-1.28684e-5,0.018741000000000004,0.0173714,0.036112366666666666,0.010.050.055000.01.00.001
3.61e7,0.0500435,77.55386666666666,-5285.086666666666,0.0,-4647.14,1163.4366666666667,-0.224755,6437.756666666667,6437.536666666667,-1.965566666666667e-6,0.018762,0.017392566666666665,0.036154566666666665,0.010.050.055000.01.00.001
3.62e7,0.050029033333333334,77.06633333333332,-5285.923333333333,0.0,-4648.606666666667,1163.1000000000001,-0.22487133333333334,6450.793333333334,6450.566666666667,-3.984450000000001e-5,0.018758466666666664,0.0173866,0.03614506666666666,0.010.050.055000.01.00.001
3.63e7,0.050034633333333335,77.29676666666667,-5286.266666666666,0.0,-4649.006666666667,1163.2333333333333,-0.22488866666666665,6461.28,6461.053333333333,-2.0207582333333333e-5,0.018765066666666667,0.01736183333333333,0.03612696666666667,0.010.050.055000.01.00.001
3.64e7,0.04999726666666667,77.09753333333333,-5287.206666666666,0.0,-4650.213333333333,1162.36,-0.22502299999999997,6473.776666666668,6473.55,-3.242226666666666e-5,0.018743333333333334,0.01737886666666667,0.03612223333333334,0.010.050.055000.01.00.001
3.65e7,0.050011,77.5174,-5288.34,0.0,-4651.1033333333335,1162.68,-0.22505933333333336,6484.7733333333335,6484.546666666666,-4.469633333333334e-6,0.018746166666666664,0.0173648,0.03611096666666667,0.010.050.055000.01.00.001
3.66e7,0.05000346666666666,77.3651,-5288.996666666667,0.0,-4651.8533333333335,1162.5033333333333,-0.2251196666666667,6496.386666666666,6496.156666666667,-1.0260623333333332e-5,0.0187428,0.017371866666666666,0.03611466666666666,0.010.050.055000.01.00.001
3.67e7,0.05001543333333333,77.6657,-5289.446666666667,0.0,-4652.009999999999,1162.7833333333333,-0.22511099999999998,6506.886666666666,6506.663333333333,4.146766666666663e-7,0.018758866666666665,0.017355733333333335,0.03611453333333333,0.010.050.055000.01.00.001
3.68e7,0.0500248,77.53296666666667,-5289.056666666666,0.0,-4651.466666666666,1163.0,-0.225062,6517.14,6516.91,-8.070826666666666e-6,0.018753466666666666,0.0173794,0.03613283333333333,0.010.050.055000.01.00.001
3.69e7,0.050002733333333334,77.49806666666667,-5288.849999999999,0.0,-4652.046666666666,1162.49,-0.22513333333333332,6529.413333333333,6529.186666666667,-2.022965e-5,0.0187343,0.01734986666666667,0.03608413333333333,0.010.050.055000.01.00.001
3.7e7,0.05001933333333333,77.78636666666667,-5289.473333333333,0.0,-4651.7266666666665,1162.8733333333332,-0.22508733333333333,6539.610000000001,6539.383333333332,6.836699999999999e-6,0.018748,0.017378766666666667,0.036126733333333334,0.010.050.055000.01.00.001
3.71e7,0.04998676666666666,77.41093333333333,-5289.683333333333,0.0,-4652.64,1162.1166666666666,-0.225195,6552.77,6552.546666666666,-7.068866666666667e-6,0.018736799999999998,0.017368466666666665,0.03610523333333334,0.010.050.055000.01.00.001
3.72e7,0.05000273333333333,77.54743333333333,-5290.063333333333,0.0,-4652.856666666667,1162.4866666666667,-0.225185,6563.053333333333,6562.829999999999,-1.1749353333333334e-5,0.0187567,0.0173502,0.036106933333333334,0.010.050.055000.01.00.001
3.73e7,0.049972800000000005,77.60866666666666,-5290.556666666667,0.0,-4653.3,1161.7933333333333,-0.22525833333333334,6575.033333333333,6574.81,3.169933333333333e-6,0.0187326,0.017374133333333333,0.0361067,0.010.050.055000.01.00.001
3.74e7,0.0499968,77.6897,-5290.236666666667,0.0,-4652.8533333333335,1162.35,-0.22519399999999998,6585.543333333334,6585.316666666667,6.1449e-6,0.018733166666666665,0.017376066666666665,0.036109166666666664,0.010.050.055000.01.00.001
3.75e7,0.049994800000000006,77.60716666666667,-5290.5233333333335,0.0,-4653.213333333333,1162.3066666666666,-0.22521966666666668,6596.849999999999,6596.623333333333,-3.78611e-6,0.018737033333333333,0.017372766666666668,0.036109800000000004,0.010.050.055000.01.00.001
3.76e7,0.04997803333333334,77.983,-5291.923333333333,0.0,-4654.266666666666,1161.9133333333334,-0.225313,6609.373333333334,6609.143333333333,8.52872e-6,0.018733433333333334,0.017374666666666663,0.03610806666666667,0.010.050.055000.01.00.001
3.77e7,0.05000106666666667,77.75466666666667,-5292.23,0.0,-4654.796666666666,1162.45,-0.22531266666666663,6621.156666666667,6620.933333333333,6.38946666666667e-7,0.01874063333333333,0.0173676,0.036108266666666666,0.010.050.055000.01.00.001
3.78e7,0.050013699999999994,77.63883333333334,-5292.53,0.0,-4654.933333333333,1162.7433333333333,-0.22530233333333335,6633.013333333333,6632.786666666667,-1.5350716666666665e-5,0.018744466666666668,0.017381933333333335,0.036126433333333326,0.010.050.055000.01.00.001
3.79e7,0.05003063333333333,77.83303333333333,-5292.933333333333,0.0,-4654.966666666666,1163.1366666666665,-0.2252793333333333,6643.923333333333,6643.7,5.810252e-6,0.018753366666666667,0.017384233333333336,0.036137633333333335,0.010.050.055000.01.00.001
3.8e7,0.04999463333333334,77.6413,-5293.260000000001,0.0,-4656.16,1162.3,-0.22541033333333335,6656.34,6656.12,1.1410033333333328e-6,0.018745766666666667,0.01734833333333333,0.0360941,0.010.050.055000.01.00.001
3.81e7,0.0500052,77.5791,-5293.583333333333,0.0,-4656.23,1162.5466666666669,-0.22539866666666666,6666.613333333334,6666.386666666666,-8.48741e-6,0.018744666666666666,0.01737,0.03611463333333333,0.010.050.055000.01.00.001
3.82e7,0.050008699999999996,77.40483333333334,-5293.900000000001,0.0,-4656.723333333334,1162.6266666666668,-0.22542566666666666,6677.506666666667,6677.276666666668,-2.294005e-5,0.018739866666666667,0.01737443333333333,0.036114299999999995,0.010.050.055000.01.00.001
3.83e7,0.05001623333333333,77.67006666666667,-5293.956666666667,0.0,-4656.593333333333,1162.8033333333333,-0.2254056666666667,6688.333333333333,6688.11,-4.4682000000000015e-6,0.018742766666666664,0.017366799999999998,0.03610953333333333,0.010.050.055000.01.00.001
3.84e7,0.05002603333333333,77.64726666666667,-5294.303333333333,0.0,-4656.613333333334,1163.0266666666666,-0.22539266666666666,6699.026666666668,6698.803333333333,-1.7611423333333335e-5,0.018758366666666665,0.017373566666666666,0.03613193333333334,0.010.050.055000.01.00.001
3.85e7,0.050028333333333334,77.34723333333334,-5295.846666666666,0.0,-4658.283333333333,1163.0833333333333,-0.22549666666666668,6710.423333333333,6710.196666666667,-2.1556133333333332e-5,0.018757266666666668,0.017385733333333334,0.036143,0.010.050.055000.01.00.001
3.86e7,0.0499707,77.30409999999999,-5296.400000000001,0.0,-4659.463333333333,1161.7433333333333,-0.22565933333333332,6724.170000000001,6723.943333333334,-3.729461333333333e-5,0.01873186666666667,0.0173734,0.0361053,0.010.050.055000.01.00.001
3.87e7,0.04996946666666666,77.3724,-5296.626666666667,0.0,-4659.663333333333,1161.7133333333334,-0.2256743333333333,6735.913333333333,6735.686666666667,-3.236356666666667e-5,0.018732533333333332,0.017370033333333333,0.03610256666666667,0.010.050.055000.01.00.001
3.88e7,0.05000076666666667,77.74753333333334,-5295.946666666667,0.0,-4658.593333333333,1162.4466666666667,-0.22555833333333333,6745.223333333332,6745.0,-9.346546666666668e-6,0.018752766666666667,0.0173507,0.0361035,0.010.050.055000.01.00.001
3.89e7,0.05000453333333333,77.59253333333334,-5294.68,0.0,-4657.303333333333,1162.53,-0.22546933333333333,6755.626666666666,6755.3966666666665,-1.3305550999999998e-5,0.018757966666666667,0.017357066666666667,0.03611506666666666,0.010.050.055000.01.00.001
3.9e7,0.04999033333333334,77.20643333333334,-5294.81,0.0,-4657.793333333334,1162.2,-0.225522,6767.043333333334,6766.813333333334,-2.8437533333333333e-5,0.018753533333333336,0.017363466666666667,0.03611696666666667,0.010.050.055000.01.00.001
3.91e7,0.049991633333333334,77.44396666666667,-5295.816666666667,0.0,-4658.8533333333335,1162.2299999999998,-0.22558866666666666,6778.903333333333,6778.673333333333,-2.9355806666666667e-5,0.0187335,0.0173645,0.03609796666666667,0.010.050.055000.01.00.001
3.92e7,0.0500123,77.505,-5296.543333333334,0.0,-4659.29,1162.7133333333334,-0.2255853333333333,6788.8,6788.580000000001,-2.3918599999999998e-5,0.018754833333333335,0.0173581,0.03611296666666667,0.010.050.055000.01.00.001
3.93e7,0.049998766666666666,77.82973333333332,-5297.756666666667,0.0,-4660.173333333333,1162.3966666666668,-0.22566299999999997,6800.436666666667,6800.213333333333,-1.0065063333333333e-5,0.018747866666666665,0.017365266666666667,0.03611313333333333,0.010.050.055000.01.00.001
3.94e7,0.0499811,77.45683333333334,-5297.153333333333,0.0,-4660.16,1161.9866666666667,-0.22568866666666668,6812.953333333334,6812.723333333332,-3.4257533333333335e-5,0.0187382,0.0173609,0.0360991,0.010.050.055000.01.00.001
3.95e7,0.04999883333333333,77.49300000000001,-5298.55,0.0,-4661.34,1162.3966666666668,-0.225738,6824.4800000000005,6824.256666666667,-8.631073333333334e-6,0.0187409,0.01737003333333333,0.03611093333333334,0.010.050.055000.01.00.001
3.96e7,0.05000380000000001,77.2271,-5298.16,0.0,-4661.25,1162.5133333333333,-0.22572499999999998,6835.25,6835.0233333333335,-4.408903333333333e-5,0.018740033333333333,0.017368533333333335,0.03610853333333333,0.010.050.055000.01.00.001
3.97e7,0.05002033333333333,78.00013333333332,-5298.549999999999,0.0,-4660.36,1162.9,-0.22564266666666666,6845.016666666666,6844.790000000001,1.9159806666666665e-5,0.01874896666666667,0.017392266666666666,0.03614126666666667,0.010.050.055000.01.00.001
3.98e7,0.049993333333333334,77.86776666666667,-5299.53,0.0,-4661.626666666667,1162.2700000000002,-0.2257646666666667,6857.243333333333,6857.013333333333,1.2906156666666664e-6,0.018752433333333336,0.017378966666666665,0.0361314,0.010.050.055000.01.00.001
3.99e7,0.05000336666666667,77.84623333333333,-5301.686666666667,0.0,-4663.866666666666,1162.5033333333333,-0.22589466666666666,6869.196666666667,6868.966666666666,-1.6697936666666666e-5,0.0187538,0.017373533333333333,0.0361273,0.010.050.055000.01.00.001
4.0e7,0.0499905,78.1032,-5302.12,0.0,-4664.016666666666,1162.2066666666667,-0.22592333333333334,6879.18,6878.956666666666,-1.0000790000000002e-5,0.018767799999999998,0.0173614,0.0361292,0.010.050.055000.01.00.001
4.01e7,0.04999633333333333,77.61576666666667,-5302.63,0.0,-4665.126666666667,1162.34,-0.22598633333333332,6890.576666666667,6890.349999999999,-2.4572300000000002e-5,0.018750466666666667,0.017371233333333333,0.036121766666666666,0.010.050.055000.01.00.001
4.02e7,0.0499967,77.7829,-5303.1033333333335,0.0,-4665.57,1162.3500000000001,-0.22601433333333332,6900.943333333334,6900.716666666667,-9.4075e-6,0.0187475,0.0173656,0.0361131,0.010.050.055000.01.00.001
4.03e7,0.050010866666666674,77.76553333333334,-5303.036666666667,0.0,-4665.52,1162.68,-0.22599,6911.7300000000005,6911.503333333334,-1.22368e-5,0.018761233333333335,0.017351533333333332,0.036112766666666664,0.010.050.055000.01.00.001
4.04e7,0.0499938,77.83036666666666,-5303.91,0.0,-4666.07,1162.28,-0.226051,6924.25,6924.0199999999995,-1.406524e-5,0.0187681,0.0173618,0.0361299,0.010.050.055000.01.00.001
4.05e7,0.05004136666666667,77.77053333333333,-5306.453333333334,0.0,-4668.436666666667,1163.3866666666668,-0.2261323333333333,6935.106666666667,6934.876666666667,-3.9690999999999997e-5,0.018770233333333334,0.017374933333333332,0.03614513333333333,0.010.050.055000.01.00.001
4.06e7,0.05003080000000001,77.73496666666666,-5306.983333333333,0.0,-4668.750000000001,1163.14,-0.22616833333333333,6946.376666666667,6946.150000000001,-3.76352e-5,0.018777766666666668,0.017383333333333334,0.03616113333333334,0.010.050.055000.01.00.001
4.07e7,0.05000043333333334,77.5149,-5307.5,0.0,-4670.016666666666,1162.4366666666667,-0.22629566666666667,6959.07,6958.843333333333,-4.30145e-5,0.018761466666666667,0.0173655,0.03612696666666667,0.010.050.055000.01.00.001
4.08e7,0.0500185,77.84083333333332,-5308.183333333333,0.0,-4670.17,1162.8566666666668,-0.22627833333333333,6970.136666666666,6969.913333333333,-2.729383333333333e-5,0.018764266666666668,0.017376199999999998,0.03614046666666666,0.010.050.055000.01.00.001
4.09e7,0.050015399999999995,78.04103333333332,-5308.466666666667,0.0,-4670.18,1162.78,-0.2262833333333333,6981.223333333332,6980.996666666666,-1.8787156666666665e-5,0.0187737,0.017371499999999998,0.0361452,0.010.050.055000.01.00.001
4.1e7,0.050020100000000005,78.00373333333333,-5308.136666666666,0.0,-4669.893333333333,1162.8933333333332,-0.22625833333333334,6991.493333333335,6991.27,-1.6998566666666667e-5,0.018773033333333335,0.017371366666666666,0.0361444,0.010.050.055000.01.00.001
4.11e7,0.05001313333333333,77.69013333333334,-5308.213333333333,0.0,-4670.116666666666,1162.7299999999998,-0.22628266666666666,7002.986666666667,7002.756666666667,-3.2886166666666664e-5,0.018781333333333334,0.017374033333333334,0.03615536666666667,0.010.050.055000.01.00.001
4.12e7,0.050005333333333325,78.12623333333333,-5308.833333333333,0.0,-4670.87,1162.5466666666666,-0.22634333333333334,7014.553333333333,7014.326666666667,-1.6002889999999998e-5,0.018768233333333332,0.017350033333333334,0.03611823333333333,0.010.050.055000.01.00.001
4.13e7,0.05002463333333334,78.19886666666667,-5309.410000000001,0.0,-4670.866666666666,1162.9966666666667,-0.226314,7024.213333333333,7023.986666666667,-2.1241566666666667e-5,0.01876793333333333,0.01738316666666667,0.036151133333333335,0.010.050.055000.01.00.001
4.14e7,0.0499916,78.13576666666667,-5310.15,0.0,-4671.66,1162.2299999999998,-0.226415,7036.639999999999,7036.41,-1.029127e-5,0.01876006666666667,0.017391900000000002,0.03615196666666667,0.010.050.055000.01.00.001
4.15e7,0.04999153333333333,78.46379999999999,-5310.803333333333,0.0,-4672.376666666667,1162.2266666666667,-0.22646133333333332,7047.516666666666,7047.293333333334,7.5452999999999996e-6,0.018749766666666667,0.017376633333333332,0.03612646666666667,0.010.050.055000.01.00.001
4.16e7,0.050002333333333336,78.20943333333334,-5311.64,0.0,-4672.900000000001,1162.48,-0.226479,7057.756666666667,7057.533333333333,-2.458797e-5,0.018784366666666667,0.01737886666666667,0.036163266666666666,0.010.050.055000.01.00.001
4.17e7,0.05002336666666667,78.22706666666667,-5313.403333333333,0.0,-4674.72,1162.97,-0.22656466666666666,7069.086666666666,7068.856666666667,-3.2554833333333336e-5,0.018787066666666664,0.01737146666666667,0.03615853333333333,0.010.050.055000.01.00.001
4.18e7,0.05000386666666667,78.29246666666667,-5313.91,0.0,-4675.69,1162.5166666666667,-0.22665633333333335,7080.996666666666,7080.77,-4.75715e-6,0.018767933333333334,0.017356200000000002,0.0361241,0.010.050.055000.01.00.001
4.19e7,0.050011400000000004,78.13956666666665,-5313.7,0.0,-4675.27,1162.69,-0.22661799999999999,7092.206666666666,7091.983333333334,-1.6447676666666666e-5,0.018771566666666666,0.017376066666666665,0.0361476,0.010.050.055000.01.00.001
4.2e7,0.05001746666666667,77.88686666666668,-5313.490000000001,0.0,-4675.286666666667,1162.8300000000002,-0.22661033333333333,7103.596666666667,7103.373333333333,-4.286116666666666e-5,0.018780599999999998,0.017368533333333335,0.03614913333333333,0.010.050.055000.01.00.001
4.21e7,0.049990766666666665,78.5069,-5313.839999999999,0.0,-4675.456666666667,1162.21,-0.226661,7115.686666666667,7115.456666666666,7.974146666666666e-6,0.018761833333333335,0.017359166666666665,0.036121,0.010.050.055000.01.00.001
4.22e7,0.05000686666666667,78.32973333333332,-5313.876666666667,0.0,-4675.3533333333335,1162.5833333333333,-0.22662966666666665,7126.59,7126.360000000001,-2.1014290000000002e-5,0.018776133333333334,0.0173658,0.036141966666666664,0.010.050.055000.01.00.001
4.23e7,0.050014499999999996,78.09526666666666,-5314.139999999999,0.0,-4675.739999999999,1162.7633333333333,-0.2266436666666667,7137.12,7136.893333333333,-1.8899733333333335e-5,0.018754433333333334,0.017394633333333336,0.036149,0.010.050.055000.01.00.001
4.24e7,0.0499956,77.83433333333333,-5315.413333333333,0.0,-4677.41,1162.3233333333333,-0.22677999999999998,7149.583333333333,7149.36,-4.7423266666666664e-5,0.018764366666666667,0.017375666666666668,0.03613996666666667,0.010.050.055000.01.00.001
4.25e7,0.049995533333333335,78.40026666666667,-5316.446666666667,0.0,-4677.916666666667,1162.32,-0.2268123333333333,7161.786666666667,7161.556666666667,-1.8914606666666666e-5,0.0187668,0.017370866666666665,0.03613763333333333,0.010.050.055000.01.00.001
4.26e7,0.05001736666666667,78.35856666666668,-5317.313333333333,0.0,-4678.62,1162.8266666666666,-0.22682533333333332,7173.53,7173.299999999999,-1.7697553333333336e-5,0.018781333333333334,0.017369366666666667,0.0361507,0.010.050.055000.01.00.001
4.27e7,0.049999433333333336,78.37713333333333,-5318.483333333334,0.0,-4680.016666666666,1162.4133333333332,-0.226942,7185.91,7185.683333333334,5.38394e-6,0.018769833333333333,0.017364733333333337,0.036134599999999996,0.010.050.055000.01.00.001
4.28e7,0.05001076666666667,78.44276666666667,-5318.626666666666,0.0,-4679.963333333333,1162.6766666666665,-0.22692166666666666,7196.94,7196.71,-1.7070586666666663e-5,0.018781833333333334,0.017361733333333334,0.0361436,0.010.050.055000.01.00.001
4.29e7,0.049968233333333334,78.44483333333334,-5318.843333333334,0.0,-4680.236666666667,1161.6866666666667,-0.22700299999999998,7209.736666666667,7209.506666666667,-2.928533333333331e-7,0.0187748,0.0173649,0.0361397,0.010.050.055000.01.00.001
4.3e7,0.049995500000000005,78.35386666666666,-5319.63,0.0,-4680.94,1162.32,-0.227008,7221.59,7221.360000000001,-1.6548206666666668e-5,0.018774000000000002,0.017376533333333333,0.036150533333333325,0.010.050.055000.01.00.001
4.31e7,0.05002033333333333,78.30776666666667,-5319.84,0.0,-4681.0633333333335,1162.8966666666665,-0.22697833333333337,7232.4766666666665,7232.246666666667,-2.8442613333333333e-5,0.018778033333333333,0.017381333333333332,0.036159366666666665,0.010.050.055000.01.00.001
4.32e7,0.05000146666666667,78.2753,-5320.076666666667,0.0,-4681.64,1162.46,-0.22704433333333332,7245.53,7245.303333333333,-2.003509e-5,0.018780166666666667,0.017359366666666667,0.036139533333333335,0.010.050.055000.01.00.001
4.33e7,0.050000899999999994,78.32456666666666,-5320.7266666666665,0.0,-4682.356666666667,1162.4466666666665,-0.22709100000000002,7257.8,7257.57,-1.444731e-5,0.018773066666666668,0.017358866666666667,0.03613193333333333,0.010.050.055000.01.00.001
4.34e7,0.05004443333333333,78.39523333333334,-5321.053333333334,0.0,-4681.88,1163.46,-0.22699499999999997,7266.81,7266.579999999999,-3.364113333333333e-5,0.0188078,0.017371433333333335,0.03617923333333333,0.010.050.055000.01.00.001
4.35e7,0.050010533333333336,78.39646666666665,-5322.346666666666,0.0,-4683.046666666666,1162.67,-0.227121,7279.086666666667,7278.863333333334,-2.340203333333333e-5,0.018787599999999998,0.017399733333333334,0.036187333333333335,0.010.050.055000.01.00.001
4.36e7,0.050038066666666665,78.24703333333333,-5323.25,0.0,-4683.99,1163.3100000000002,-0.22714066666666666,7290.05,7289.82,-3.943233333333334e-5,0.018789833333333335,0.017404566666666666,0.03619443333333333,0.010.050.055000.01.00.001
4.37e7,0.04998746666666667,78.08326666666667,-5323.746666666667,0.0,-4685.51,1162.1333333333334,-0.2273143333333333,7303.670000000001,7303.44,-3.245473333333333e-5,0.0187927,0.017346333333333335,0.03613903333333333,0.010.050.055000.01.00.001
4.38e7,0.04997383333333333,78.35969999999999,-5324.1866666666665,0.0,-4685.89,1161.8166666666666,-0.22735933333333333,7314.596666666667,7314.37,-1.9920513333333336e-5,0.018777366666666667,0.017347633333333334,0.036125,0.010.050.055000.01.00.001
4.39e7,0.049968900000000004,78.35263333333334,-5324.653333333333,0.0,-4686.643333333333,1161.7033333333331,-0.22741566666666665,7326.853333333333,7326.63,-1.4156820000000001e-5,0.018763933333333333,0.017342766666666665,0.03610666666666667,0.010.050.055000.01.00.001
4.4e7,0.0500149,78.40973333333334,-5324.573333333333,0.0,-4685.496666666667,1162.7700000000002,-0.22727266666666668,7336.393333333333,7336.166666666667,-1.380806e-5,0.01879376666666667,0.017378633333333334,0.036172366666666664,0.010.050.055000.01.00.001
4.41e7,0.04998406666666667,78.03493333333333,-5324.753333333333,0.0,-4686.69,1162.0566666666666,-0.22739600000000001,7349.206666666666,7348.98,-5.112573333333334e-5,0.018782133333333333,0.017348699999999998,0.03613086666666667,0.010.050.055000.01.00.001
4.42e7,0.04999239999999999,77.7694,-5324.716666666666,0.0,-4686.723333333334,1162.25,-0.22738566666666668,7360.1033333333335,7359.873333333334,-5.778183333333333e-5,0.018779333333333332,0.017364133333333334,0.036143466666666665,0.010.050.055000.01.00.001
4.43e7,0.0499861,78.35263333333334,-5325.046666666666,0.0,-4686.583333333333,1162.1033333333335,-0.22738566666666662,7371.53,7371.306666666666,-2.11663e-5,0.018778366666666668,0.017357933333333336,0.03613626666666667,0.010.050.055000.01.00.001
4.44e7,0.049984266666666666,78.49746666666665,-5325.656666666667,0.0,-4686.916666666667,1162.0600000000002,-0.22741066666666665,7383.506666666667,7383.283333333333,-3.3588583333333325e-6,0.018762766666666666,0.017381599999999997,0.0361444,0.010.050.055000.01.00.001
4.45e7,0.050022566666666664,78.2033,-5326.3133333333335,0.0,-4687.486666666667,1162.95,-0.22738966666666668,7393.466666666667,7393.236666666667,-2.6496816666666667e-5,0.0187985,0.017370899999999998,0.0361694,0.010.050.055000.01.00.001
4.46e7,0.05002473333333333,78.32613333333335,-5326.65,0.0,-4687.8099999999995,1162.9966666666667,-0.227407,7405.16,7404.933333333333,-2.278616666666667e-5,0.018781033333333332,0.017380933333333334,0.036162033333333336,0.010.050.055000.01.00.001
4.47e7,0.05003356666666667,78.19686666666666,-5326.486666666667,0.0,-4687.39,1163.2066666666667,-0.227367,7416.306666666666,7416.076666666667,-4.599446666666667e-5,0.0188031,0.017384200000000002,0.0361873,0.010.050.055000.01.00.001
4.48e7,0.050018833333333325,78.25423333333333,-5326.483333333334,0.0,-4687.56,1162.86,-0.22739999999999996,7429.3,7429.073333333334,-4.28138e-5,0.0187816,0.0173907,0.0361723,0.010.050.055000.01.00.001
4.49e7,0.0500256,78.376,-5327.166666666667,0.0,-4688.053333333333,1163.0200000000002,-0.22742133333333334,7440.806666666666,7440.576666666667,-3.236926666666667e-5,0.018798633333333335,0.017377899999999998,0.03617656666666667,0.010.050.055000.01.00.001
4.5e7,0.0499946,78.44876666666667,-5326.8533333333335,0.0,-4687.963333333333,1162.2966666666666,-0.22746199999999997,7452.536666666667,7452.306666666666,-2.688993333333334e-5,0.018793666666666667,0.017363966666666664,0.036157666666666664,0.010.050.055000.01.00.001
4.51e7,0.049992633333333335,78.3033,-5328.113333333334,0.0,-4689.69,1162.2533333333333,-0.22757666666666665,7464.91,7464.683333333333,-2.918563333333333e-5,0.0187833,0.017353466666666668,0.03613676666666666,0.010.050.055000.01.00.001
4.52e7,0.0500293,78.10256666666668,-5328.963333333333,0.0,-4690.09,1163.1066666666668,-0.22754733333333332,7475.566666666667,7475.34,-3.113913333333333e-5,0.018782733333333333,0.017396166666666667,0.03617889999999999,0.010.050.055000.01.00.001
4.53e7,0.05003693333333333,78.69773333333335,-5328.586666666666,0.0,-4689.0199999999995,1163.2833333333333,-0.22746666666666668,7485.2300000000005,7485.003333333333,-1.0466306666666666e-5,0.018792166666666665,0.017393033333333332,0.036185166666666664,0.010.050.055000.01.00.001
4.54e7,0.0500281,78.66239999999999,-5328.996666666666,0.0,-4689.586666666666,1163.0766666666668,-0.227517,7497.829999999999,7497.599999999999,-5.674093333333334e-6,0.018801766666666667,0.01737553333333333,0.0361773,0.010.050.055000.01.00.001
4.55e7,0.05002426666666667,78.43186666666666,-5328.8533333333335,0.0,-4689.69,1162.99,-0.22752933333333333,7509.643333333333,7509.416666666667,-3.401103333333333e-5,0.018792800000000002,0.017383466666666667,0.036176299999999995,0.010.050.055000.01.00.001
4.56e7,0.049947,78.53136666666667,-5329.873333333333,0.0,-4691.603333333333,1161.1933333333334,-0.22776833333333335,7524.823333333334,7524.593333333333,8.669406666666666e-6,0.01876206666666667,0.01735003333333333,0.036112066666666665,0.010.050.055000.01.00.001
4.57e7,0.05000413333333333,78.25783333333332,-5329.936666666666,0.0,-4691.456666666666,1162.5233333333335,-0.2276733333333333,7534.923333333333,7534.696666666667,-4.020200333333334e-5,0.018780333333333333,0.017363233333333335,0.036143600000000005,0.010.050.055000.01.00.001
4.58e7,0.050023533333333335,78.29043333333334,-5329.86,0.0,-4690.956666666666,1162.9733333333334,-0.22761166666666666,7544.473333333334,7544.246666666667,-2.515476666666667e-5,0.018793433333333335,0.017375333333333336,0.036168766666666664,0.010.050.055000.01.00.001
4.59e7,0.04997156666666667,78.43106666666667,-5329.8966666666665,0.0,-4691.496666666667,1161.7633333333333,-0.22772499999999998,7557.156666666667,7556.936666666667,-2.9238866666666672e-5,0.018780799999999997,0.0173461,0.03612693333333333,0.010.050.055000.01.00.001
4.6e7,0.050033266666666666,78.37583333333335,-5330.329999999999,0.0,-4691.126666666667,1163.2,-0.227608,7567.043333333332,7566.813333333334,-2.968904666666667e-5,0.018795066666666665,0.017387666666666666,0.036182733333333335,0.010.050.055000.01.00.001
4.61e7,0.05000456666666667,78.21216666666668,-5331.433333333333,0.0,-4692.7733333333335,1162.53,-0.22775766666666666,7580.016666666666,7579.786666666667,-2.6016266666666667e-5,0.018783433333333332,0.017374333333333335,0.03615776666666667,0.010.050.055000.01.00.001
4.62e7,0.050018,78.746,-5331.42,0.0,-4691.826666666667,1162.8433333333335,-0.227676,7590.38,7590.150000000001,-9.015200000000001e-6,0.018800499999999998,0.0173832,0.03618366666666666,0.010.050.055000.01.00.001
4.63e7,0.04999443333333334,78.84963333333333,-5332.346666666667,0.0,-4693.13,1162.2966666666664,-0.22779566666666665,7602.96,7602.733333333334,-5.442100766666667e-6,0.0187884,0.0173643,0.0361527,0.010.050.055000.01.00.001
4.64e7,0.04996693333333333,78.45989999999999,-5332.6466666666665,0.0,-4694.166666666667,1161.6566666666668,-0.22790366666666664,7616.046666666666,7615.816666666666,-3.5878000000000004e-5,0.0187647,0.017365666666666668,0.03613036666666666,0.010.050.055000.01.00.001
4.65e7,0.0500166,79.04100000000001,-5333.266666666666,0.0,-4693.666666666667,1162.81,-0.22779733333333332,7625.243333333335,7625.013333333332,-1.6389666666666667e-6,0.018795466666666667,0.01736966666666667,0.0361651,0.010.050.055000.01.00.001
4.66e7,0.050003233333333334,78.84273333333334,-5334.113333333334,0.0,-4694.98,1162.5,-0.22790166666666667,7638.05,7637.82,-3.0387000000000002e-5,0.018793933333333332,0.017353999999999998,0.036147900000000004,0.010.050.055000.01.00.001
4.67e7,0.04998636666666667,78.5182,-5333.876666666667,0.0,-4695.18,1162.1066666666666,-0.22794,7650.160000000001,7649.93,-4.3992733333333337e-5,0.0187907,0.01734993333333333,0.03614063333333333,0.010.050.055000.01.00.001
4.68e7,0.04998626666666667,78.4106,-5333.313333333334,0.0,-4694.400000000001,1162.1033333333335,-0.22789,7660.293333333334,7660.07,-4.143491333333333e-5,0.018802299999999997,0.01735923333333333,0.0361615,0.010.050.055000.01.00.001
4.69e7,0.04999826666666666,78.45543333333335,-5334.056666666666,0.0,-4695.186666666666,1162.38,-0.22792300000000001,7671.316666666667,7671.086666666667,-3.876200333333333e-5,0.0188113,0.017344333333333333,0.03615563333333333,0.010.050.055000.01.00.001
4.7e7,0.0500148,78.44853333333333,-5335.0233333333335,0.0,-4695.996666666666,1162.7733333333333,-0.22795033333333334,7683.416666666667,7683.19,-3.422097e-5,0.018801333333333333,0.0173648,0.03616613333333333,0.010.050.055000.01.00.001
4.71e7,0.050016866666666666,78.58453333333334,-5336.843333333333,0.0,-4697.656666666667,1162.8166666666668,-0.22805433333333333,7695.886666666666,7695.66,-3.6221466666666665e-5,0.018797366666666666,0.017370399999999998,0.036167733333333334,0.010.050.055000.01.00.001
4.72e7,0.049977933333333335,78.83463333333333,-5337.4766666666665,0.0,-4698.223333333333,1161.9133333333332,-0.22814900000000002,7708.873333333333,7708.643333333333,-2.4812533333333337e-5,0.018788533333333333,0.01736763333333333,0.03615613333333333,0.010.050.055000.01.00.001
4.73e7,0.050024633333333325,79.17103333333333,-5337.3566666666675,0.0,-4697.386666666666,1163.0,-0.228025,7719.080000000001,7718.850000000001,-2.2953846666666663e-6,0.018810166666666666,0.017370800000000002,0.03618096666666667,0.010.050.055000.01.00.001
4.74e7,0.04999253333333333,78.90966666666667,-5337.636666666666,0.0,-4698.0633333333335,1162.25,-0.2281173333333333,7732.826666666667,7732.603333333333,-1.5704783333333332e-5,0.018802033333333332,0.01736946666666667,0.0361715,0.010.050.055000.01.00.001
4.75e7,0.04999906666666667,78.7716,-5337.72,0.0,-4698.03,1162.4033333333334,-0.228105,7743.44,7743.213333333333,-3.197706666666667e-5,0.018809866666666664,0.0173785,0.036188366666666666,0.010.050.055000.01.00.001
4.76e7,0.05000663333333333,78.83446666666667,-5338.44,0.0,-4698.783333333334,1162.5800000000002,-0.22814233333333334,7754.383333333334,7754.153333333333,-3.34624e-5,0.018816733333333332,0.017365366666666666,0.0361821,0.010.050.055000.01.00.001
4.77e7,0.049999433333333336,78.66796666666666,-5338.1466666666665,0.0,-4698.606666666667,1162.4133333333332,-0.2281416666666667,7765.31,7765.080000000001,-2.9139900000000002e-5,0.018804466666666665,0.01738076666666667,0.03618523333333334,0.010.050.055000.01.00.001
4.78e7,0.050015833333333336,78.58460000000001,-5337.493333333333,0.0,-4698.006666666667,1162.7933333333333,-0.22807833333333336,7775.643333333333,7775.413333333334,-3.8074866666666664e-5,0.018807466666666665,0.017379833333333334,0.0361873,0.010.050.055000.01.00.001
4.79e7,0.04999516666666667,78.77046666666666,-5339.356666666667,0.0,-4699.693333333334,1162.3133333333333,-0.22821766666666665,7788.276666666668,7788.046666666666,-2.4184433333333335e-5,0.018799933333333334,0.0173869,0.036186833333333335,0.010.050.055000.01.00.001
4.8e7,0.049994566666666664,78.8645,-5339.536666666667,0.0,-4700.083333333333,1162.3000000000002,-0.22824399999999997,7799.633333333334,7799.403333333333,-1.7610066666666666e-5,0.018795533333333333,0.017371666666666667,0.03616716666666667,0.010.050.055000.01.00.001
4.81e7,0.0500335,78.92,-5339.71,0.0,-4699.68,1163.2033333333336,-0.22815966666666668,7809.846666666667,7809.616666666666,-2.7095933333333336e-5,0.0188086,0.017392,0.0362006,0.010.050.055000.01.00.001
4.82e7,0.0499945,78.8291,-5339.7699999999995,0.0,-4700.45,1162.2966666666669,-0.228268,7822.433333333333,7822.203333333334,-3.0435093333333337e-5,0.018807599999999997,0.017352966666666667,0.0361606,0.010.050.055000.01.00.001
4.83e7,0.0499784,78.76729999999999,-5340.139999999999,0.0,-4700.653333333333,1161.9233333333334,-0.22830533333333333,7833.993333333333,7833.763333333333,-2.6929519999999998e-5,0.0188124,0.017363066666666666,0.0361755,0.010.050.055000.01.00.001
4.84e7,0.049978,78.58293333333333,-5339.246666666667,0.0,-4700.15,1161.9133333333332,-0.22827333333333333,7846.579999999999,7846.350000000001,-5.0818999999999996e-5,0.01879326666666667,0.017369,0.0361623,0.010.050.055000.01.00.001
4.85e7,0.04999116666666666,78.65346666666666,-5339.173333333333,0.0,-4699.71,1162.22,-0.22822499999999998,7857.34,7857.113333333334,-3.9114766666666674e-5,0.018802633333333336,0.017378633333333334,0.03618126666666666,0.010.050.055000.01.00.001
4.86e7,0.05000306666666667,79.12926666666665,-5339.18,0.0,-4699.34,1162.4933333333333,-0.22818366666666665,7868.12,7867.889999999999,1.242492e-5,0.018801433333333336,0.0173732,0.036174599999999994,0.010.050.055000.01.00.001
4.87e7,0.049999433333333336,78.9449,-5341.14,0.0,-4701.24,1162.4099999999999,-0.2283116666666667,7880.723333333334,7880.496666666667,-1.6180026666666665e-5,0.018798000000000002,0.017392599999999998,0.036190599999999996,0.010.050.055000.01.00.001
4.88e7,0.04999663333333334,78.80756666666666,-5341.56,0.0,-4702.113333333334,1162.3466666666666,-0.228372,7892.846666666667,7892.616666666666,-3.717691e-5,0.0188036,0.017366566666666666,0.03617016666666666,0.010.050.055000.01.00.001
4.89e7,0.049987866666666665,78.98053333333333,-5342.303333333333,0.0,-4702.716666666666,1162.1433333333334,-0.228424,7905.139999999999,7904.91,-2.314926666666667e-5,0.018797833333333337,0.01737053333333333,0.03616833333333334,0.010.050.055000.01.00.001
4.9e7,0.05001216666666667,78.94836666666667,-5341.599999999999,0.0,-4701.863333333334,1162.7066666666667,-0.22833233333333336,7915.573333333333,7915.343333333333,-9.644547333333336e-6,0.018785766666666665,0.017394433333333334,0.036180166666666666,0.010.050.055000.01.00.001
4.91e7,0.05005316666666667,79.66429999999998,-5341.003333333334,0.0,-4700.36,1163.66,-0.228174,7925.3,7925.073333333334,2.1012733333333333e-5,0.018816633333333336,0.0173755,0.03619206666666667,0.010.050.055000.01.00.001
4.92e7,0.04999916666666667,78.99536666666667,-5341.94,0.0,-4702.22,1162.4033333333334,-0.22837533333333335,7939.953333333334,7939.7266666666665,-2.3767e-5,0.018808400000000003,0.0173672,0.03617563333333334,0.010.050.055000.01.00.001
4.93e7,0.04998643333333334,79.00693333333334,-5342.08,0.0,-4702.733333333333,1162.11,-0.22842700000000002,7952.516666666666,7952.29,-2.0491267043333333e-5,0.018803133333333333,0.0173479,0.03615103333333333,0.010.050.055000.01.00.001
4.94e7,0.049995399999999995,79.13753333333334,-5342.723333333333,0.0,-4703.096666666667,1162.32,-0.22843733333333335,7965.346666666667,7965.116666666666,-1.9160696666666666e-5,0.018804866666666666,0.017355833333333334,0.0361607,0.010.050.055000.01.00.001
4.95e7,0.0500151,78.86473333333333,-5343.483333333334,0.0,-4703.5,1162.7766666666666,-0.228434,7976.796666666666,7976.566666666667,-3.2554333333333334e-5,0.018821833333333333,0.01737923333333333,0.036201033333333334,0.010.050.055000.01.00.001
4.96e7,0.0500032,79.41816666666666,-5344.3966666666665,0.0,-4704.443333333334,1162.4966666666667,-0.22851233333333335,7988.793333333334,7988.563333333333,-4.010566666666665e-6,0.0188074,0.0173563,0.0361637,0.010.050.055000.01.00.001
4.97e7,0.04999866666666667,79.39813333333333,-5344.650000000001,0.0,-4704.746666666667,1162.3933333333334,-0.22853900000000002,8000.193333333334,7999.963333333333,-4.532675666666667e-6,0.018806666666666666,0.0173548,0.036161500000000006,0.010.050.055000.01.00.001
4.98e7,0.05001546666666667,79.08963333333332,-5344.596666666667,0.0,-4704.723333333332,1162.7866666666666,-0.22851200000000002,8010.906666666667,8010.676666666666,-2.2394623333333333e-5,0.018817766666666666,0.017361633333333334,0.03617943333333333,0.010.050.055000.01.00.001
4.99e7,0.0499896,79.46133333333334,-5345.423333333333,0.0,-4705.236666666667,1162.1833333333332,-0.2285843333333333,8022.97,8022.740000000001,-1.1958573333333334e-5,0.01881543333333333,0.017360533333333334,0.036175933333333334,0.010.050.055000.01.00.001
5.0e7,0.0500254,79.14203333333333,-5345.383333333333,0.0,-4704.953333333334,1163.0133333333333,-0.22851199999999997,8033.4766666666665,8033.246666666666,-2.529553333333333e-5,0.01881756666666667,0.0173947,0.036212266666666666,0.010.050.055000.01.00.001
5.01e7,0.04997956666666667,79.1382,-5345.86,0.0,-4705.836666666666,1161.95,-0.228638,8047.706666666666,8047.4766666666665,-2.1401416666666668e-5,0.018821333333333332,0.017364833333333333,0.036186166666666665,0.010.050.055000.01.00.001
5.02e7,0.0500285,78.91216666666668,-5345.88,0.0,-4705.62,1163.0866666666666,-0.22855066666666665,8058.14,8057.91,-4.472386666666667e-5,0.018818133333333334,0.017397866666666668,0.03621596666666666,0.010.050.055000.01.00.001
5.03e7,0.049978633333333335,79.03576666666667,-5345.993333333333,0.0,-4706.57,1161.9266666666665,-0.22868666666666668,8072.446666666667,8072.223333333332,-2.7485899999999997e-5,0.0188061,0.017347766666666667,0.036153866666666666,0.010.050.055000.01.00.001
5.04e7,0.05001406666666666,79.11756666666666,-5344.586666666666,0.0,-4704.4766666666665,1162.7533333333333,-0.22849866666666666,8081.656666666667,8081.433333333333,-1.87068e-5,0.018815000000000002,0.017377766666666666,0.03619276666666666,0.010.050.055000.01.00.001
5.05e7,0.0499756,79.132,-5344.740000000001,0.0,-4705.256666666667,1161.8566666666666,-0.22860666666666665,8095.0199999999995,8094.796666666666,-1.4102656666666667e-5,0.01879626666666667,0.0173555,0.03615176666666666,0.010.050.055000.01.00.001
5.06e7,0.0499982,79.2109,-5344.830000000001,0.0,-4704.986666666667,1162.3833333333334,-0.22855499999999998,8105.463333333333,8105.236666666667,-1.024748e-5,0.018794833333333334,0.01737496666666667,0.0361698,0.010.050.055000.01.00.001
5.07e7,0.04999053333333333,79.09649999999999,-5345.106666666667,0.0,-4705.473333333333,1162.2066666666667,-0.22859766666666667,8117.900000000001,8117.673333333333,-2.8595176666666668e-5,0.018801333333333333,0.0173625,0.03616386666666666,0.010.050.055000.01.00.001
5.08e7,0.04999889999999999,79.0118,-5345.276666666668,0.0,-4705.410000000001,1162.3999999999999,-0.22858133333333333,8129.649999999999,8129.419999999999,-3.091906666666667e-5,0.01880646666666667,0.017377933333333335,0.036184433333333335,0.010.050.055000.01.00.001
5.09e7,0.050019266666666666,79.18803333333332,-5345.3966666666665,0.0,-4705.363333333334,1162.8766666666668,-0.22854766666666668,8141.636666666666,8141.41,-2.5583066666666666e-5,0.018822566666666665,0.01736093333333333,0.03618353333333333,0.010.050.055000.01.00.001
5.1e7,0.0500171,78.96719999999999,-5345.5,0.0,-4705.683333333333,1162.8233333333335,-0.22857166666666665,8153.943333333333,8153.713333333333,-3.08914e-5,0.018818333333333336,0.017365633333333335,0.03618396666666667,0.010.050.055000.01.00.001
5.11e7,0.049974,78.77933333333334,-5346.073333333334,0.0,-4706.693333333333,1161.8233333333333,-0.22870166666666666,8166.623333333333,8166.393333333333,-3.667234666666667e-5,0.018789566666666667,0.017378266666666666,0.03616780000000001,0.010.050.055000.01.00.001
5.12e7,0.0499926,79.36386666666667,-5346.196666666667,0.0,-4706.0233333333335,1162.2533333333333,-0.22863,8177.093333333333,8176.863333333334,1.7040999999999995e-6,0.018811066666666668,0.017370066666666666,0.03618113333333334,0.010.050.055000.01.00.001
5.13e7,0.049945366666666664,79.04106666666668,-5347.176666666666,0.0,-4708.366666666668,1161.1566666666665,-0.22885233333333335,8192.196666666665,8191.966666666667,-3.3265233333333335e-5,0.018802466666666667,0.0173117,0.03611416666666666,0.010.050.055000.01.00.001
5.14e7,0.050010599999999995,79.4212,-5347.946666666667,0.0,-4707.55,1162.6733333333334,-0.228702,8202.056666666665,8201.833333333334,7.129756666666667e-6,0.018815533333333332,0.0173767,0.03619223333333333,0.010.050.055000.01.00.001
5.15e7,0.049993466666666674,79.39556666666667,-5348.183333333333,0.0,-4708.15,1162.27,-0.228766,8214.466666666667,8214.243333333334,-1.1547133333333332e-5,0.018807733333333333,0.0173624,0.03617013333333333,0.010.050.055000.01.00.001
5.16e7,0.05002206666666666,79.47043333333333,-5348.266666666666,0.0,-4707.536666666667,1162.9366666666667,-0.22868366666666665,8224.863333333333,8224.636666666667,-1.268253333333334e-6,0.018831333333333332,0.01737886666666667,0.0362102,0.010.050.055000.01.00.001
5.17e7,0.05000843333333333,79.09626666666666,-5349.613333333334,0.0,-4709.736666666667,1162.62,-0.228846,8238.796666666667,8238.57,-2.9900356666666665e-5,0.0188177,0.0173616,0.0361793,0.010.050.055000.01.00.001
5.18e7,0.05000403333333333,79.05616666666667,-5350.046666666666,0.0,-4710.11,1162.5199999999998,-0.228877,8251.02,8250.793333333333,-2.4605866666666668e-5,0.018818333333333336,0.0173673,0.036185666666666665,0.010.050.055000.01.00.001
5.19e7,0.05000263333333333,78.8725,-5350.763333333333,0.0,-4711.0,1162.4866666666667,-0.22893633333333333,8264.746666666666,8264.516666666668,-4.167886666666667e-5,0.018821333333333332,0.0173652,0.0361865,0.010.050.055000.01.00.001
5.2e7,0.04999376666666666,79.04583333333333,-5351.793333333333,0.0,-4711.643333333333,1162.28,-0.22899133333333332,8277.35,8277.12,-2.696679e-5,0.0188108,0.017389333333333337,0.036200199999999995,0.010.050.055000.01.00.001
5.21e7,0.04998706666666666,79.34070000000001,-5352.23,0.0,-4712.153333333333,1162.1233333333332,-0.22903433333333334,8288.736666666666,8288.506666666666,-2.3152016666666665e-5,0.0188107,0.017365699999999998,0.0361764,0.010.050.055000.01.00.001
5.22e7,0.0499838,79.10166666666667,-5353.15,0.0,-4713.326666666667,1162.05,-0.22911499999999999,8301.480000000001,8301.256666666666,-4.1091066666666664e-5,0.018822500000000002,0.017352933333333334,0.03617543333333333,0.010.050.055000.01.00.001
5.23e7,0.04995906666666666,79.37650000000001,-5353.423333333333,0.0,-4713.446666666667,1161.4766666666667,-0.22915933333333335,8314.51,8314.28,-1.9639e-5,0.018811933333333333,0.017355733333333335,0.0361677,0.010.050.055000.01.00.001
5.24e7,0.0500014,79.2916,-5353.93,0.0,-4713.493333333334,1162.46,-0.22909900000000002,8326.39,8326.159999999998,-2.4321299999999997e-5,0.0188258,0.017376966666666667,0.036202733333333334,0.010.050.055000.01.00.001
5.25e7,0.050019133333333334,79.15453333333333,-5354.59,0.0,-4714.2733333333335,1162.8733333333332,-0.22912299999999997,8338.193333333335,8337.966666666665,-2.448291666666667e-5,0.0188071,0.017396866666666667,0.036203933333333334,0.010.050.055000.01.00.001
5.26e7,0.05005083333333333,79.45116666666667,-5354.693333333334,0.0,-4713.753333333333,1163.6066666666668,-0.22904166666666667,8348.616666666667,8348.386666666667,-1.975777666666667e-5,0.018841033333333337,0.017384066666666666,0.03622513333333333,0.010.050.055000.01.00.001
5.27e7,0.04998146666666667,79.17693333333334,-5356.176666666666,0.0,-4716.14,1161.993333333333,-0.22929966666666668,8363.923333333332,8363.693333333333,-1.9737833333333333e-5,0.018810066666666667,0.01737436666666667,0.036184466666666665,0.010.050.055000.01.00.001
5.28e7,0.0499949,79.10983333333333,-5356.633333333333,0.0,-4716.796666666666,1162.3066666666666,-0.22932200000000003,8375.936666666666,8375.71,-3.728878333333333e-5,0.018815966666666666,0.0173597,0.03617566666666666,0.010.050.055000.01.00.001
5.29e7,0.05001393333333334,79.34710000000001,-5357.173333333333,0.0,-4716.656666666667,1162.7466666666667,-0.22928466666666666,8386.83,8386.603333333333,-2.2656566666666666e-5,0.018839899999999996,0.017364833333333333,0.03620473333333333,0.010.050.055000.01.00.001
5.3e7,0.04999093333333333,79.03346666666665,-5356.3966666666665,0.0,-4716.496666666667,1162.2133333333334,-0.2293086666666667,8399.976666666667,8399.743333333334,-4.059546666666667e-5,0.018812400000000003,0.0173727,0.03618506666666667,0.010.050.055000.01.00.001
5.31e7,0.050006633333333335,79.27730000000001,-5354.866666666667,0.0,-4714.75,1162.5766666666666,-0.22917200000000001,8409.08,8408.85,-2.4548285333333332e-5,0.018828,0.017355433333333333,0.0361834,0.010.050.055000.01.00.001
5.32e7,0.05000859999999999,79.4447,-5355.766666666666,0.0,-4715.386666666666,1162.6266666666668,-0.22921033333333332,8420.046666666667,8419.816666666668,-1.2507243333333334e-5,0.018820299999999998,0.01736913333333333,0.03618943333333333,0.010.050.055000.01.00.001
5.33e7,0.04999756666666667,79.31563333333332,-5355.806666666666,0.0,-4715.81,1162.37,-0.22925466666666663,8432.093333333332,8431.863333333333,-3.041904e-5,0.018817966666666668,0.017354633333333334,0.0361726,0.010.050.055000.01.00.001
5.34e7,0.049985466666666666,79.59143333333334,-5355.5,0.0,-4715.306666666666,1162.0866666666668,-0.22924,8444.536666666667,8444.306666666665,-2.1224533333333333e-5,0.018810900000000002,0.017357,0.03616793333333333,0.010.050.055000.01.00.001
5.35e7,0.05001333333333333,79.5366,-5356.4800000000005,0.0,-4715.63,1162.7333333333333,-0.22921899999999998,8456.803333333335,8456.576666666668,-2.493673333333333e-5,0.018840199999999998,0.017373633333333333,0.0362138,0.010.050.055000.01.00.001
5.36e7,0.0499794,79.09956666666666,-5356.276666666667,0.0,-4716.163333333333,1161.9466666666667,-0.22930433333333333,8470.54,8470.31,-4.41783e-5,0.018833600000000002,0.017360533333333334,0.03619416666666667,0.010.050.055000.01.00.001
5.37e7,0.0500177,79.62493333333333,-5356.233333333334,0.0,-4715.2733333333335,1162.8366666666668,-0.22918933333333333,8480.533333333333,8480.306666666665,-1.2094806666666666e-5,0.018855066666666667,0.017359966666666667,0.03621506666666666,0.010.050.055000.01.00.001
5.38e7,0.05000676666666667,79.4264,-5354.763333333333,0.0,-4714.133333333333,1162.5866666666666,-0.22913233333333335,8492.023333333333,8491.796666666667,-2.547223333333333e-5,0.018826366666666667,0.017380433333333334,0.03620676666666667,0.010.050.055000.01.00.001
5.39e7,0.04997373333333333,78.91523333333333,-5355.1866666666665,0.0,-4715.866666666667,1161.8133333333335,-0.22929366666666665,8506.69,8506.46,-5.1528000000000005e-5,0.018803633333333333,0.017351433333333333,0.036155066666666666,0.010.050.055000.01.00.001
5.4e7,0.049993333333333334,79.20526666666666,-5355.246666666667,0.0,-4715.246666666667,1162.27,-0.229224,8517.586666666668,8517.353333333334,-2.3889366666666665e-5,0.018799,0.017381433333333335,0.03618043333333334,0.010.050.055000.01.00.001
5.41e7,0.05000486666666667,79.6001,-5355.653333333334,0.0,-4715.043333333334,1162.5366666666666,-0.22919366666666666,8529.446666666665,8529.216666666667,-8.361933333333334e-6,0.018820866666666665,0.01737353333333333,0.0361944,0.010.050.055000.01.00.001
5.42e7,0.05000886666666667,79.73723333333334,-5355.943333333334,0.0,-4715.11,1162.6333333333332,-0.22919233333333333,8541.356666666667,8541.126666666665,-1.0062700000000001e-5,0.0188231,0.017376566666666666,0.036199666666666665,0.010.050.055000.01.00.001
5.43e7,0.050008033333333334,79.67896666666667,-5356.446666666667,0.0,-4715.56,1162.61,-0.22922233333333333,8553.043333333333,8552.813333333332,-1.2258666666666667e-5,0.0188223,0.0173846,0.0362069,0.010.050.055000.01.00.001
5.44e7,0.049973,79.36476666666667,-5356.87,0.0,-4716.803333333333,1161.7966666666669,-0.22935533333333336,8565.853333333334,8565.623333333335,-4.067993333333334e-5,0.018820600000000003,0.017353566666666664,0.03617416666666667,0.010.050.055000.01.00.001
5.45e7,0.0500122,79.47926666666666,-5357.676666666666,0.0,-4716.89,1162.71,-0.229302,8577.11,8576.88,-2.612712e-5,0.0188364,0.01737683333333333,0.03621326666666667,0.010.050.055000.01.00.001
5.46e7,0.05004909999999999,79.4775,-5357.2,0.0,-4716.393333333333,1163.5633333333333,-0.22921466666666668,8588.539999999999,8588.313333333334,-2.7695633333333336e-5,0.018837566666666666,0.017377233333333336,0.0362148,0.010.050.055000.01.00.001
5.47e7,0.04999676666666667,79.52553333333333,-5357.536666666667,0.0,-4717.353333333333,1162.3500000000001,-0.22935533333333336,8602.096666666666,8601.863333333333,1.215433333333333e-6,0.018809466666666667,0.017362033333333332,0.03617153333333333,0.010.050.055000.01.00.001
5.48e7,0.04996143333333333,79.22696666666667,-5358.986666666667,0.0,-4719.093333333333,1161.5266666666666,-0.22952000000000003,8615.82,8615.589999999998,-1.0037183333333334e-5,0.018807099999999997,0.017364966666666665,0.03617206666666667,0.010.050.055000.01.00.001
5.49e7,0.049985100000000005,79.29943333333334,-5359.333333333333,0.0,-4719.383333333333,1162.0766666666666,-0.22950333333333336,8627.933333333334,8627.703333333333,-3.06882e-5,0.0188284,0.017342666666666666,0.036171133333333334,0.010.050.055000.01.00.001
5.5e7,0.050004766666666665,79.32443333333333,-5359.123333333333,0.0,-4718.893333333333,1162.5333333333333,-0.22944233333333333,8639.293333333333,8639.063333333334,-2.4108866666666665e-5,0.018816666666666666,0.017370899999999998,0.03618759999999999,0.010.050.055000.01.00.001
5.51e7,0.049994333333333335,79.3063,-5359.296666666667,0.0,-4718.9,1162.2933333333333,-0.22945833333333332,8651.03,8650.800000000001,-1.2088166666666665e-5,0.01881353333333333,0.0173861,0.036199633333333335,0.010.050.055000.01.00.001
5.52e7,0.0499895,79.16783333333333,-5359.766666666667,0.0,-4719.546666666666,1162.18,-0.22950733333333337,8663.543333333333,8663.313333333334,-3.878106666666667e-5,0.018813399999999997,0.017383399999999997,0.03619686666666667,0.010.050.055000.01.00.001
5.53e7,0.05002436666666666,79.31236666666666,-5359.573333333334,0.0,-4718.943333333334,1162.993333333333,-0.22941599999999998,8673.683333333332,8673.453333333333,-2.939959666666666e-5,0.018836966666666666,0.017377366666666668,0.036214333333333334,0.010.050.055000.01.00.001
5.54e7,0.0499953,79.23813333333334,-5360.196666666667,0.0,-4720.036666666666,1162.3166666666666,-0.22953066666666666,8687.550000000001,8687.32,-3.525403333333333e-5,0.018830666666666666,0.017357833333333333,0.036188533333333335,0.010.050.055000.01.00.001
5.55e7,0.04999003333333333,79.66276666666666,-5360.919999999999,0.0,-4720.513333333333,1162.1899999999998,-0.22956900000000002,8698.750000000002,8698.519999999999,-1.0770366666666668e-5,0.0188276,0.017349633333333333,0.0361772,0.010.050.055000.01.00.001
5.56e7,0.05000596666666667,79.67999999999999,-5361.663333333333,0.0,-4721.0633333333335,1162.5600000000002,-0.22958066666666666,8710.586666666668,8710.356666666667,-1.3065733333333333e-5,0.0188284,0.017359899999999998,0.0361883,0.010.050.055000.01.00.001
5.57e7,0.049979666666666665,79.2451,-5361.919999999999,0.0,-4721.936666666667,1161.95,-0.22967633333333334,8723.61,8723.376666666665,-2.4586066666666665e-5,0.018816799999999998,0.017359966666666667,0.036176766666666665,0.010.050.055000.01.00.001
5.58e7,0.05001903333333333,79.49929999999999,-5361.81,0.0,-4720.849999999999,1162.8700000000001,-0.22954699999999997,8732.55,8732.32,-2.93943e-5,0.018839633333333335,0.01738366666666667,0.03622330000000001,0.010.050.055000.01.00.001
5.59e7,0.0499996,79.85286666666667,-5363.286666666667,0.0,-4722.183333333333,1162.4166666666667,-0.22966233333333333,8745.99,8745.76,-9.167183333333333e-6,0.018827499999999997,0.017381900000000002,0.0362094,0.010.050.055000.01.00.001
5.6e7,0.05001339999999999,79.63613333333333,-5363.923333333333,0.0,-4723.076666666667,1162.7366666666667,-0.22969933333333334,8758.793333333333,8758.563333333334,-2.3252099999999997e-5,0.0188405,0.017366633333333336,0.0362071,0.010.050.055000.01.00.001
5.61e7,0.04997796666666667,79.84553333333334,-5364.0,0.0,-4723.203333333334,1161.9133333333334,-0.22976033333333334,8771.556666666665,8771.326666666668,-1.840993333333333e-5,0.018830433333333334,0.017359899999999998,0.03619033333333333,0.010.050.055000.01.00.001
5.62e7,0.049965333333333334,79.76046666666666,-5365.043333333333,0.0,-4724.39,1161.6166666666668,-0.22985633333333333,8783.5,8783.270000000002,-2.8694433333333334e-5,0.018825466666666665,0.017361166666666664,0.036186600000000006,0.010.050.055000.01.00.001
5.63e7,0.05000583333333333,79.8687,-5366.3966666666665,0.0,-4725.009999999999,1162.5633333333333,-0.22983566666666666,8793.406666666668,8793.176666666668,-1.8219933333333335e-5,0.0188388,0.017388,0.036226799999999997,0.010.050.055000.01.00.001
5.64e7,0.04999356666666666,79.67423333333333,-5366.413333333333,0.0,-4725.626666666667,1162.2733333333333,-0.22989366666666666,8807.026666666667,8806.796666666667,-2.490986433333333e-5,0.018833633333333336,0.017367433333333335,0.036201000000000004,0.010.050.055000.01.00.001
5.65e7,0.05000296666666667,79.67036666666667,-5366.733333333334,0.0,-4725.84,1162.493333333333,-0.22989333333333337,8819.339999999998,8819.11,-3.720516666666667e-5,0.01883486666666667,0.017373166666666665,0.036208033333333334,0.010.050.055000.01.00.001
5.66e7,0.049983,79.68776666666668,-5367.4800000000005,0.0,-4726.8533333333335,1162.03,-0.22998866666666665,8831.753333333334,8831.523333333333,-2.8217e-5,0.018827933333333335,0.0173614,0.03618933333333333,0.010.050.055000.01.00.001
5.67e7,0.05002706666666667,79.74616666666667,-5367.656666666667,0.0,-4726.45,1163.0533333333333,-0.22989666666666667,8842.706666666667,8842.476666666667,-3.37027e-5,0.018855333333333335,0.017367633333333334,0.036223000000000005,0.010.050.055000.01.00.001
5.68e7,0.05003863333333333,80.14020000000001,-5366.94,0.0,-4725.053333333333,1163.32,-0.22978866666666664,8853.886666666665,8853.660000000002,-9.967266666666667e-6,0.018852166666666666,0.017389666666666668,0.036241833333333334,0.010.050.055000.01.00.001
5.69e7,0.05000806666666666,79.6888,-5366.5633333333335,0.0,-4725.706666666667,1162.6133333333335,-0.229877,8867.763333333334,8867.533333333335,-4.111893333333334e-5,0.0188449,0.0173596,0.0362045,0.010.050.055000.01.00.001
5.7e7,0.0499861,79.52243333333332,-5368.746666666667,0.0,-4727.85,1162.1033333333335,-0.23004833333333333,8880.416666666666,8880.186666666666,-3.708953333333333e-5,0.018840633333333332,0.017376933333333334,0.036217599999999996,0.010.050.055000.01.00.001
5.71e7,0.05003216666666666,79.91943333333334,-5369.81,0.0,-4727.9800000000005,1163.1733333333332,-0.22998700000000002,8890.326666666666,8890.096666666666,-2.5094533333333335e-5,0.018838066666666667,0.017414500000000003,0.03625256666666667,0.010.050.055000.01.00.001
5.72e7,0.050014,79.58926666666667,-5370.009999999999,0.0,-4728.516666666666,1162.7533333333333,-0.23004933333333333,8902.976666666667,8902.746666666666,-5.0305299999999994e-5,0.018868633333333332,0.01738313333333333,0.03625183333333334,0.010.050.055000.01.00.001
5.73e7,0.050026933333333336,80.06043333333334,-5370.27,0.0,-4728.766666666666,1163.0533333333335,-0.23004633333333335,8914.383333333333,8914.153333333334,-2.2987166666666662e-5,0.018859966666666665,0.017362066666666665,0.036222,0.010.050.055000.01.00.001
5.74e7,0.049996766666666664,80.05283333333334,-5371.033333333333,0.0,-4729.736666666667,1162.3500000000001,-0.230154,8927.449999999999,8927.22,-1.5047049999999999e-5,0.01884543333333333,0.017363633333333333,0.0362091,0.010.050.055000.01.00.001
5.75e7,0.049996233333333334,80.1748,-5371.223333333333,0.0,-4729.563333333333,1162.3366666666666,-0.23014366666666666,8939.113333333333,8938.883333333333,-1.072024e-5,0.01884663333333333,0.017378266666666666,0.03622486666666667,0.010.050.055000.01.00.001
5.76e7,0.05000179999999999,79.86696666666667,-5371.413333333334,0.0,-4730.04,1162.4666666666665,-0.23016633333333333,8951.593333333332,8951.363333333333,-2.931716333333333e-5,0.018854033333333336,0.017372333333333333,0.03622636666666667,0.010.050.055000.01.00.001
5.77e7,0.0500225,80.06706666666668,-5371.61,0.0,-4729.953333333334,1162.9466666666667,-0.23012933333333332,8963.153333333334,8962.923333333334,-1.3437508000000002e-5,0.018848533333333334,0.017382866666666667,0.0362314,0.010.050.055000.01.00.001
5.78e7,0.049992100000000005,79.90766666666667,-5371.9766666666665,0.0,-4730.76,1162.2433333333336,-0.230227,8976.613333333333,8976.383333333333,-1.612923333333333e-5,0.0188334,0.017380200000000002,0.0362136,0.010.050.055000.01.00.001
5.79e7,0.04998693333333334,79.53523333333334,-5372.206666666667,0.0,-4731.783333333334,1162.12,-0.230301,8989.586666666668,8989.356666666667,-4.8455400000000004e-5,0.018827666666666666,0.017358666666666665,0.036186333333333334,0.010.050.055000.01.00.001
5.8e7,0.04996919999999999,79.64663333333334,-5372.650000000001,0.0,-4732.21,1161.71,-0.23035533333333333,9001.97,9001.736666666666,-1.8892273333333335e-5,0.0188256,0.017354433333333336,0.036180033333333333,0.010.050.055000.01.00.001
5.81e7,0.04997480000000001,79.95473333333335,-5373.0,0.0,-4731.863333333334,1161.8400000000001,-0.230324,9013.43,9013.2,-6.685606666666666e-6,0.0188283,0.01737716666666667,0.036205466666666665,0.010.050.055000.01.00.001
5.82e7,0.0500127,80.06790000000001,-5373.5,0.0,-4731.57,1162.7233333333334,-0.23024866666666666,9024.313333333332,9024.083333333334,-1.837616713333333e-5,0.018855033333333333,0.017394066666666666,0.0362491,0.010.050.055000.01.00.001
5.83e7,0.04998966666666666,79.63446666666667,-5373.526666666668,0.0,-4732.386666666666,1162.1833333333334,-0.23033566666666663,9037.403333333334,9037.173333333334,-5.2447933333333337e-5,0.018841466666666667,0.0173845,0.036225966666666665,0.010.050.055000.01.00.001
5.84e7,0.0500142,79.84273333333333,-5374.27,0.0,-4732.89,1162.756666666667,-0.23033133333333333,9048.733333333332,9048.503333333334,-2.9394466666666668e-5,0.01885176666666667,0.017376433333333333,0.036228199999999995,0.010.050.055000.01.00.001
5.85e7,0.04999320000000001,79.83140000000002,-5374.61,0.0,-4733.586666666666,1162.27,-0.23040799999999997,9061.776666666667,9061.543333333333,-3.136826666666666e-5,0.0188427,0.01736316666666667,0.03620586666666667,0.010.050.055000.01.00.001
5.86e7,0.05001930000000001,79.87946666666666,-5375.563333333333,0.0,-4734.13,1162.8733333333332,-0.23040366666666667,9072.340000000002,9072.11,-2.8121700000000002e-5,0.018849066666666664,0.017379866666666667,0.03622893333333333,0.010.050.055000.01.00.001
5.87e7,0.05002716666666667,79.98169999999999,-5375.833333333334,0.0,-4734.066666666667,1163.0566666666666,-0.23038766666666666,9084.083333333334,9083.85,-2.6099033333333335e-5,0.0188573,0.017386833333333334,0.03624416666666667,0.010.050.055000.01.00.001
5.88e7,0.05001376666666666,80.27749999999999,-5375.71,0.0,-4733.67,1162.74,-0.230382,9096.216666666665,9095.986666666666,-9.474663333333333e-6,0.018869366666666665,0.0173735,0.0362429,0.010.050.055000.01.00.001
5.89e7,0.04998943333333333,79.82326666666667,-5376.586666666667,0.0,-4735.246666666667,1162.1799999999998,-0.23052066666666668,9110.410000000002,9110.18,-3.0539999999999996e-5,0.018853233333333334,0.017373466666666667,0.036226666666666664,0.010.050.055000.01.00.001
5.9e7,0.05001063333333333,79.99459999999999,-5376.39,0.0,-4734.97,1162.6733333333332,-0.23047066666666663,9121.89,9121.66,-3.611548333333333e-5,0.018860699999999998,0.017360133333333333,0.036220866666666664,0.010.050.055000.01.00.001
5.91e7,0.04998986666666667,79.73003333333332,-5376.616666666667,0.0,-4735.736666666667,1162.1900000000003,-0.23055133333333333,9134.65,9134.42,-4.196396666666667e-5,0.018851166666666665,0.0173523,0.03620346666666666,0.010.050.055000.01.00.001
5.92e7,0.0499872,79.75493333333334,-5376.526666666667,0.0,-4735.6466666666665,1162.1266666666668,-0.23054966666666665,9146.233333333334,9146.003333333334,-3.016506666666667e-5,0.01883963333333333,0.017362066666666665,0.0362017,0.010.050.055000.01.00.001
5.93e7,0.050038099999999995,79.7379,-5376.706666666666,0.0,-4735.146666666667,1163.31,-0.23044099999999998,9155.820000000002,9155.589999999998,-3.40549e-5,0.0188668,0.0173798,0.0362466,0.010.050.055000.01.00.001
5.94e7,0.05000103333333333,79.81696666666666,-5377.423333333333,0.0,-4736.669999999999,1162.4499999999998,-0.23059466666666664,9169.029999999999,9168.8,-2.7703866666666667e-5,0.018848733333333336,0.017341,0.036189733333333335,0.010.050.055000.01.00.001
5.95e7,0.049996900000000004,79.88843333333334,-5378.053333333333,0.0,-4736.556666666666,1162.3533333333332,-0.23059366666666667,9180.58,9180.35,-3.218706666666667e-5,0.018859233333333336,0.017373633333333333,0.03623283333333333,0.010.050.055000.01.00.001
5.96e7,0.050016933333333326,80.15566666666668,-5378.606666666667,0.0,-4737.126666666667,1162.8166666666666,-0.23060033333333332,9193.683333333332,9193.453333333333,-2.2032726666666667e-5,0.018860233333333334,0.0173543,0.03621456666666667,0.010.050.055000.01.00.001
5.97e7,0.05003286666666667,80.04946666666666,-5379.156666666667,0.0,-4737.143333333333,1163.1899999999998,-0.23057766666666668,9204.893333333333,9204.663333333336,-2.88155e-5,0.0188677,0.017388166666666666,0.036255866666666664,0.010.050.055000.01.00.001
5.98e7,0.049995000000000005,79.78403333333334,-5379.106666666667,0.0,-4738.179999999999,1162.3066666666666,-0.23070166666666667,9219.390000000001,9219.160000000002,-3.90174e-5,0.0188509,0.0173518,0.03620266666666667,0.010.050.055000.01.00.001
5.99e7,0.0500181,79.96193333333333,-5378.0199999999995,0.0,-4736.3,1162.8466666666666,-0.23054566666666668,9229.466666666667,9229.236666666666,-2.8768766666666668e-5,0.018861966666666667,0.0173803,0.03624226666666667,0.010.050.055000.01.00.001
6.0e7,0.050012466666666665,79.7718,-5378.096666666666,0.0,-4736.746666666667,1162.7133333333334,-0.23058266666666669,9241.973333333333,9241.743333333334,-3.88423e-5,0.018856466666666665,0.01737443333333333,0.0362309,0.010.050.055000.01.00.001
6.01e7,0.049999966666666666,79.68373333333334,-5378.04,0.0,-4737.056666666666,1162.4233333333334,-0.23062133333333334,9255.933333333334,9255.703333333333,-5.441040000000001e-5,0.018850099999999998,0.017363,0.036213133333333335,0.010.050.055000.01.00.001
6.02e7,0.049978766666666674,79.7829,-5378.996666666667,0.0,-4737.82,1161.93,-0.23070233333333334,9268.550000000001,9268.32,-4.08406e-5,0.018845100000000004,0.017373666666666666,0.036218733333333336,0.010.050.055000.01.00.001
6.03e7,0.049975266666666664,80.04566666666666,-5378.216666666666,0.0,-4737.153333333333,1161.8500000000001,-0.23066466666666666,9280.773333333333,9280.543333333333,-2.0062346666666665e-5,0.018842766666666667,0.017351966666666666,0.03619473333333333,0.010.050.055000.01.00.001
6.04e7,0.0499977,79.98256666666667,-5378.44,0.0,-4737.136666666666,1162.37,-0.23063,9292.56,9292.33,-1.85165e-5,0.018839766666666667,0.017374666666666667,0.03621446666666667,0.010.050.055000.01.00.001
6.05e7,0.050007133333333335,79.7646,-5378.676666666666,0.0,-4737.6033333333335,1162.5933333333332,-0.23064566666666667,9304.676666666666,9304.446666666667,-3.61031e-5,0.018842233333333333,0.017371333333333332,0.03621356666666666,0.010.050.055000.01.00.001
6.06e7,0.050027666666666665,80.13473333333333,-5378.233333333334,0.0,-4736.36,1163.0666666666666,-0.23053500000000002,9314.890000000001,9314.66,-2.8580099999999998e-5,0.018865666666666666,0.017375933333333333,0.036241600000000006,0.010.050.055000.01.00.001
6.07e7,0.0500574,80.42793333333333,-5378.083333333333,0.0,-4735.586666666666,1163.7600000000002,-0.23044066666666665,9325.543333333333,9325.313333333334,4.952833333333334e-6,0.018866300000000003,0.017396166666666667,0.0362624,0.010.050.055000.01.00.001
6.08e7,0.05000516666666666,80.1418,-5378.813333333334,0.0,-4737.493333333333,1162.5466666666669,-0.23064166666666666,9340.019999999999,9339.789999999999,-3.1314093333333336e-5,0.018855866666666665,0.0173494,0.0362052,0.010.050.055000.01.00.001
6.09e7,0.05002823333333334,80.0817,-5378.62,0.0,-4736.55,1163.0833333333333,-0.23054633333333333,9350.926666666666,9350.696666666665,-3.156712333333333e-5,0.0188591,0.017398266666666665,0.036257366666666666,0.010.050.055000.01.00.001
6.1e7,0.050003033333333335,80.31826666666666,-5378.343333333333,0.0,-4736.7,1162.4966666666667,-0.230594,9363.699999999999,9363.47,-8.6846e-6,0.018837933333333334,0.0173765,0.03621446666666667,0.010.050.055000.01.00.001
6.11e7,0.04999916666666667,80.25053333333334,-5378.429999999999,0.0,-4736.683333333333,1162.4066666666668,-0.23059866666666665,9376.07,9375.839999999998,-1.66336e-5,0.0188767,0.017348933333333334,0.03622566666666666,0.010.050.055000.01.00.001
6.12e7,0.05001756666666666,79.93026666666667,-5377.849999999999,0.0,-4736.240000000001,1162.8333333333333,-0.23054200000000002,9387.590000000002,9387.356666666667,-4.152036666666667e-5,0.018864866666666664,0.0173727,0.0362376,0.010.050.055000.01.00.001
6.13e7,0.05002963333333333,80.05486666666667,-5378.06,0.0,-4736.216666666667,1163.1133333333335,-0.23052266666666665,9399.75,9399.519999999999,-3.825483333333333e-5,0.018865299999999998,0.017378933333333336,0.036244233333333334,0.010.050.055000.01.00.001
6.14e7,0.05001336666666667,80.0931,-5378.19,0.0,-4736.873333333333,1162.7366666666667,-0.23058966666666667,9412.496666666668,9412.266666666668,-3.4178783333333335e-5,0.018861600000000003,0.0173465,0.03620806666666667,0.010.050.055000.01.00.001
6.15e7,0.04999506666666667,80.26126666666666,-5378.24,0.0,-4736.473333333332,1162.3100000000002,-0.230591,9424.4,9424.17,-1.9597003333333334e-5,0.01884733333333333,0.017378833333333333,0.03622619999999999,0.010.050.055000.01.00.001
6.16e7,0.0500064,80.36486666666666,-5377.64,0.0,-4735.990000000001,1162.5733333333333,-0.23054300000000003,9436.42,9436.186666666666,-1.4770106666666665e-5,0.018843033333333332,0.017368833333333333,0.0362119,0.010.050.055000.01.00.001
6.17e7,0.0499934,80.1167,-5377.830000000001,0.0,-4736.076666666667,1162.2733333333333,-0.230568,9448.943333333333,9448.71,-1.8672546666666667e-5,0.018849,0.017385933333333332,0.036234999999999996,0.010.050.055000.01.00.001
6.18e7,0.05000383333333334,80.21266666666666,-5377.916666666667,0.0,-4736.293333333334,1162.5166666666667,-0.23056633333333335,9460.699999999999,9460.47,-1.3654149666666667e-5,0.018853066666666668,0.0173671,0.03622013333333333,0.010.050.055000.01.00.001
6.19e7,0.04998263333333333,79.83003333333333,-5376.703333333334,0.0,-4736.053333333333,1162.02,-0.23058266666666669,9473.28,9473.046666666667,-2.3766999999999995e-5,0.018822299999999997,0.017359666666666666,0.036182,0.010.050.055000.01.00.001
6.2e7,0.05003843333333333,79.5078,-5376.686666666667,0.0,-4735.4400000000005,1163.32,-0.23045966666666665,9482.69,9482.460000000001,-5.5557566666666665e-5,0.018858366666666668,0.017382966666666666,0.03624133333333333,0.010.050.055000.01.00.001
6.21e7,0.04998176666666667,80.17093333333334,-5377.013333333333,0.0,-4735.936666666667,1162.0,-0.23057633333333336,9496.906666666668,9496.676666666668,-1.2606800000000006e-6,0.0188297,0.0173577,0.0361874,0.010.050.055000.01.00.001
6.22e7,0.04999973333333333,79.61906666666667,-5376.87,0.0,-4735.81,1162.4166666666667,-0.23054133333333335,9508.019999999999,9507.783333333333,-4.760513333333333e-5,0.01883603333333333,0.017385866666666666,0.03622193333333334,0.010.050.055000.01.00.001
6.23e7,0.050017666666666676,79.58133333333335,-5376.86,0.0,-4735.556666666666,1162.8366666666668,-0.23049766666666668,9519.496666666666,9519.266666666668,-5.2468833333333335e-5,0.018861566666666666,0.017378599999999998,0.036240133333333334,0.010.050.055000.01.00.001
6.24e7,0.0500344,79.83456666666666,-5376.723333333332,0.0,-4735.3966666666665,1163.2233333333334,-0.230463,9530.993333333332,9530.763333333334,-3.907556666666667e-5,0.018862766666666666,0.017362633333333332,0.0362254,0.010.050.055000.01.00.001
6.25e7,0.049995633333333324,79.74656666666668,-5377.34,0.0,-4736.639999999999,1162.3266666666666,-0.23060066666666668,9545.15,9544.92,-2.9585056000000002e-5,0.018843366666666667,0.0173473,0.03619063333333333,0.010.050.055000.01.00.001
6.26e7,0.05002790000000001,79.87310000000001,-5376.990000000001,0.0,-4735.53,1163.0733333333335,-0.23048100000000002,9554.446666666669,9554.216666666667,-3.138446666666667e-5,0.0188542,0.0173773,0.036231533333333336,0.010.050.055000.01.00.001
6.27e7,0.05000073333333333,80.02640000000001,-5377.8966666666665,0.0,-4736.693333333333,1162.4433333333334,-0.23059700000000002,9567.156666666668,9566.926666666666,-2.4539133333333334e-5,0.01884716666666667,0.017357666666666667,0.0362048,0.010.050.055000.01.00.001
6.28e7,0.049991900000000006,79.84566666666666,-5379.236666666667,0.0,-4738.03,1162.2366666666667,-0.2306963333333333,9580.453333333333,9580.223333333333,-3.2847933333333334e-5,0.0188484,0.0173685,0.0362169,0.010.050.055000.01.00.001
6.29e7,0.05000976666666666,79.96513333333333,-5379.53,0.0,-4737.900000000001,1162.6499999999999,-0.2306613333333333,9592.643333333333,9592.41,-3.42496e-5,0.01886083333333333,0.01737546666666667,0.036236333333333336,0.010.050.055000.01.00.001
6.3e7,0.0499972,80.18776666666666,-5379.863333333334,0.0,-4738.276666666667,1162.3600000000001,-0.230704,9604.956666666667,9604.726666666667,-2.9116633333333335e-5,0.018845200000000003,0.017374133333333333,0.03621936666666667,0.010.050.055000.01.00.001
6.31e7,0.05001556666666667,79.92043333333334,-5379.766666666666,0.0,-4738.3966666666665,1162.7866666666666,-0.23068433333333335,9616.883333333333,9616.653333333334,-3.929233e-5,0.0188498,0.017372833333333334,0.0362226,0.010.050.055000.01.00.001
6.32e7,0.04999989999999999,80.08569999999999,-5379.74,0.0,-4738.256666666666,1162.4233333333334,-0.2306986666666667,9629.35,9629.12,-3.435306666666667e-5,0.0188583,0.017361033333333335,0.03621936666666667,0.010.050.055000.01.00.001
6.33e7,0.05002173333333334,80.15726666666666,-5379.8,0.0,-4738.133333333332,1162.93,-0.23065800000000003,9640.84,9640.61,-2.2476399999999997e-5,0.018863433333333336,0.01736296666666667,0.0362264,0.010.050.055000.01.00.001
6.34e7,0.049982733333333335,80.0964,-5380.196666666667,0.0,-4738.913333333333,1162.0233333333333,-0.23076700000000003,9654.716666666667,9654.486666666666,-2.0518513333333332e-5,0.0188366,0.01736913333333333,0.03620576666666667,0.010.050.055000.01.00.001
6.35e7,0.04999313333333333,80.43406666666667,-5380.67,0.0,-4738.766666666667,1162.2633333333333,-0.230742,9666.24,9666.01,-9.149833333333333e-6,0.0188574,0.017366433333333334,0.03622386666666667,0.010.050.055000.01.00.001
6.36e7,0.050003200000000005,80.3645,-5380.856666666667,0.0,-4738.53,1162.5,-0.23071166666666665,9677.480000000001,9677.25,-3.1659366666666664e-5,0.0188646,0.017391033333333333,0.0362556,0.010.050.055000.01.00.001
6.37e7,0.049970466666666664,79.91776666666665,-5381.813333333334,0.0,-4740.673333333333,1161.7366666666667,-0.230899,9691.723333333333,9691.493333333334,-5.48531e-5,0.018856800000000003,0.017351166666666668,0.03620796666666667,0.010.050.055000.01.00.001
6.38e7,0.05001933333333333,80.26146666666666,-5382.7266666666665,0.0,-4740.66,1162.8733333333334,-0.23082466666666668,9702.456666666667,9702.223333333333,-2.265002333333333e-5,0.018868133333333332,0.0173775,0.03624566666666667,0.010.050.055000.01.00.001
6.39e7,0.050016066666666664,80.07893333333334,-5383.43,0.0,-4741.613333333334,1162.7966666666669,-0.23089133333333334,9715.17,9714.94,-3.031266666666667e-5,0.018858333333333335,0.017382699999999997,0.03624103333333333,0.010.050.055000.01.00.001
6.4e7,0.050027466666666666,79.79603333333334,-5383.416666666667,0.0,-4742.016666666666,1163.0633333333333,-0.23090033333333335,9726.866666666667,9726.636666666667,-4.8346299999999995e-5,0.0188536,0.0173788,0.036232400000000005,0.010.050.055000.01.00.001
6.41e7,0.04999583333333333,79.81563333333334,-5383.44,0.0,-4742.3,1162.3266666666666,-0.230966,9740.396666666667,9740.166666666666,-3.749064333333334e-5,0.018840866666666668,0.01737343333333333,0.0362143,0.010.050.055000.01.00.001
6.42e7,0.05001536666666667,79.98633333333333,-5383.573333333334,0.0,-4741.8533333333335,1162.7833333333333,-0.230908,9751.72,9751.49,-4.576076666666667e-5,0.018852999999999998,0.017387966666666668,0.036240966666666666,0.010.050.055000.01.00.001
6.43e7,0.04996973333333334,80.14856666666667,-5382.700000000001,0.0,-4741.013333333333,1161.72,-0.230922,9764.289999999999,9764.06,-3.791596666666666e-5,0.0188632,0.0173649,0.036228133333333336,0.010.050.055000.01.00.001
6.44e7,0.050005799999999996,79.93476666666668,-5383.75,0.0,-4741.813333333333,1162.5600000000002,-0.23091966666666666,9776.456666666667,9776.203333333333,-5.726646666666667e-5,0.018873133333333333,0.017384933333333335,0.036258099999999995,0.010.050.055000.01.00.001
6.45e7,0.0500362,80.33376666666665,-5384.636666666666,0.0,-4742.263333333333,1163.2666666666667,-0.230903,9787.446666666667,9787.223333333333,-4.334393333333333e-5,0.0188796,0.017381166666666666,0.0362608,0.010.050.055000.01.00.001
6.46e7,0.04999093333333334,80.3204,-5384.676666666666,0.0,-4743.206666666667,1162.2166666666665,-0.23103166666666666,9801.336666666668,9801.083333333334,-3.84327e-5,0.0188627,0.017340633333333338,0.03620326666666667,0.010.050.055000.01.00.001
6.47e7,0.05000253333333333,80.04903333333333,-5384.8533333333335,0.0,-4743.3966666666665,1162.4833333333333,-0.23102666666666669,9812.85,9812.626666666667,-4.3715766666666666e-5,0.0188563,0.0173635,0.03621986666666666,0.010.050.055000.01.00.001
6.48e7,0.050016399999999996,79.9898,-5384.826666666667,0.0,-4743.513333333333,1162.8033333333333,-0.23101333333333332,9824.67,9824.413333333332,-4.6910266666666664e-5,0.018859833333333333,0.0173546,0.03621443333333333,0.010.050.055000.01.00.001
6.49e7,0.049980366666666665,79.89949999999999,-5385.44,0.0,-4744.446666666666,1161.9666666666667,-0.23112766666666665,9838.35,9838.13,-4.0116913333333334e-5,0.01884066666666667,0.017358833333333334,0.0361995,0.010.050.055000.01.00.001
6.5e7,0.05000216666666666,80.22916666666667,-5385.1033333333335,0.0,-4743.366666666666,1162.4766666666667,-0.231025,9848.333333333334,9848.08,-3.083696666666667e-5,0.018864333333333334,0.017362066666666665,0.0362264,0.010.050.055000.01.00.001
6.51e7,0.0500252,80.17546666666667,-5384.68,0.0,-4742.420000000001,1163.01,-0.23092966666666667,9858.58,9858.326666666668,-3.2477133333333335e-5,0.018870566666666665,0.0173929,0.0362635,0.010.050.055000.01.00.001
6.52e7,0.04998773333333334,80.53966666666668,-5384.643333333333,0.0,-4742.36,1162.14,-0.23098166666666667,9871.6,9871.38,-1.4378916666666667e-5,0.018857766666666664,0.017383966666666667,0.03624173333333333,0.010.050.055000.01.00.001
6.53e7,0.05000213333333334,80.27336666666666,-5384.57,0.0,-4742.736666666667,1162.4766666666667,-0.23098466666666664,9884.24,9884.019999999999,-3.2829119999999995e-5,0.018868933333333334,0.017360733333333333,0.03622963333333334,0.010.050.055000.01.00.001
6.54e7,0.050013166666666664,80.21406666666667,-5384.13,0.0,-4742.383333333333,1162.7333333333333,-0.23094499999999998,9896.166666666666,9895.946666666667,-3.7092700000000005e-5,0.018859566666666664,0.017368666666666668,0.03622823333333334,0.010.050.055000.01.00.001
6.55e7,0.049979600000000006,80.20393333333334,-5384.346666666667,0.0,-4742.746666666667,1161.95,-0.231019,9910.023333333334,9909.803333333333,-2.5311156666666665e-5,0.018849733333333334,0.01736956666666667,0.03621933333333333,0.010.050.055000.01.00.001
6.56e7,0.050006,80.13513333333334,-5384.503333333333,0.0,-4743.106666666667,1162.5666666666666,-0.231003,9921.506666666666,9921.286666666667,-4.655663333333333e-5,0.0188628,0.0173477,0.0362104,0.010.050.055000.01.00.001
6.57e7,0.049999833333333334,80.05906666666665,-5384.589999999999,0.0,-4742.936666666667,1162.4199999999998,-0.231001,9932.609999999999,9932.356666666667,-4.87196e-5,0.0188663,0.017365533333333332,0.0362318,0.010.050.055000.01.00.001
6.58e7,0.050015333333333335,80.19453333333333,-5385.196666666667,0.0,-4743.1,1162.78,-0.23098833333333335,9944.986666666666,9944.733333333334,-3.9530099999999996e-5,0.018870333333333333,0.01738143333333333,0.036251733333333334,0.010.050.055000.01.00.001
6.59e7,0.050000266666666675,80.00936666666666,-5385.5633333333335,0.0,-4743.76,1162.43,-0.23105333333333333,9957.763333333334,9957.543333333335,-5.40218e-5,0.018866866666666666,0.017377899999999998,0.036244766666666664,0.010.050.055000.01.00.001
6.6e7,0.05001613333333333,80.55276666666667,-5385.346666666667,0.0,-4743.093333333334,1162.8,-0.23098699999999997,9968.61,9968.386666666667,-2.5108856666666662e-5,0.0188713,0.017367466666666668,0.036238766666666665,0.010.050.055000.01.00.001
6.61e7,0.05002523333333333,80.69193333333334,-5385.466666666666,0.0,-4743.28,1163.01,-0.230985,9980.883333333333,9980.663333333332,-9.770733333333333e-6,0.0188783,0.017346966666666668,0.03622533333333334,0.010.050.055000.01.00.001
6.62e7,0.04997993333333334,80.49846666666667,-5385.82,0.0,-4744.026666666668,1161.96,-0.2311013333333333,9994.8,9994.58,-2.297733e-5,0.018869233333333336,0.017343233333333336,0.03621243333333333,0.010.050.055000.01.00.001
6.63e7,0.05003266666666667,80.61220000000002,-5385.963333333334,0.0,-4743.303333333333,1163.1833333333334,-0.23097566666666666,10005.003333333334,10004.779999999999,-1.2198826666666667e-5,0.018873566666666668,0.017387266666666665,0.03626086666666667,0.010.050.055000.01.00.001
6.64e7,0.05001223333333333,80.54513333333333,-5386.793333333333,0.0,-4744.650000000001,1162.7099999999998,-0.23109266666666664,10019.109999999999,10018.886666666667,-1.976167e-5,0.018864466666666666,0.0173681,0.03623256666666667,0.010.050.055000.01.00.001
6.65e7,0.04999393333333333,80.45503333333333,-5387.066666666667,0.0,-4744.84,1162.2833333333335,-0.23113266666666665,10031.99,10031.736666666666,-2.2503016666666665e-5,0.0188598,0.017383366666666667,0.03624316666666667,0.010.050.055000.01.00.001
6.66e7,0.05001086666666666,80.88666666666667,-5386.830000000001,0.0,-4744.386666666666,1162.6766666666667,-0.231078,10043.716666666667,10043.496666666668,1.0377796666666664e-5,0.018859933333333332,0.017369633333333332,0.0362296,0.010.050.055000.01.00.001
6.67e7,0.0500113,80.64916666666667,-5387.616666666667,0.0,-4745.39,1162.6900000000003,-0.231142,10056.913333333334,10056.693333333335,-2.997600000000001e-6,0.018861199999999998,0.017369533333333336,0.036230733333333334,0.010.050.055000.01.00.001
6.68e7,0.0499966,80.3204,-5388.253333333333,0.0,-4746.113333333334,1162.3466666666666,-0.23121066666666668,10069.716666666665,10069.496666666666,-2.9178579999999997e-5,0.018861266666666668,0.017385266666666666,0.03624650000000001,0.010.050.055000.01.00.001
6.69e7,0.04999396666666667,80.20366666666666,-5388.6466666666665,0.0,-4746.716666666666,1162.2833333333335,-0.2312536666666667,10083.046666666667,10082.826666666666,-2.9568366666666663e-5,0.01886183333333333,0.017378433333333332,0.0362403,0.010.050.055000.01.00.001
6.7e7,0.04998816666666667,80.1863,-5387.37,0.0,-4745.8,1162.1466666666665,-0.23120333333333334,10095.213333333333,10095.003333333332,-5.268063333333334e-5,0.0188633,0.01735513333333333,0.036218466666666664,0.010.050.055000.01.00.001
6.71e7,0.0499962,80.0912,-5387.986666666667,0.0,-4746.3966666666665,1162.3366666666668,-0.23122966666666667,10108.02,10107.743333333334,-4.2303866666666667e-5,0.018860766666666667,0.017364733333333337,0.0362255,0.010.050.055000.01.00.001
6.72e7,0.050002033333333334,80.33836666666667,-5388.176666666667,0.0,-4746.223333333333,1162.4733333333331,-0.23120933333333335,10119.38,10119.136666666667,-3.94817e-5,0.018878333333333334,0.017354900000000003,0.0362332,0.010.050.055000.01.00.001
6.73e7,0.04999703333333333,80.28323333333333,-5389.143333333333,0.0,-4746.94,1162.3533333333332,-0.23126366666666667,10132.336666666668,10132.06,-2.3233224333333332e-5,0.018861433333333334,0.017391599999999997,0.03625303333333333,0.010.050.055000.01.00.001
6.74e7,0.05001503333333333,80.48603333333334,-5388.966666666667,0.0,-4746.826666666667,1162.7733333333333,-0.231229,10143.26,10143.050000000001,-1.425543e-5,0.01887106666666667,0.017364466666666665,0.03623553333333333,0.010.050.055000.01.00.001
6.75e7,0.05001083333333334,80.43123333333334,-5388.493333333333,0.0,-4746.063333333333,1162.6766666666665,-0.23118633333333335,10154.806666666665,10154.596666666666,-2.2523053333333332e-5,0.018868433333333334,0.017389733333333334,0.0362582,0.010.050.055000.01.00.001
6.76e7,0.05000306666666667,80.20603333333334,-5388.34,0.0,-4746.303333333333,1162.4966666666667,-0.23121333333333335,10167.973333333333,10167.763333333332,-4.25317e-5,0.018875933333333334,0.017371166666666667,0.03624706666666667,0.010.050.055000.01.00.001
6.77e7,0.0500013,80.38329999999999,-5388.246666666667,0.0,-4746.266666666666,1162.4566666666667,-0.23121333333333335,10180.3,10180.066666666666,-2.0952329999999998e-5,0.018865999999999997,0.01736633333333333,0.03623226666666666,0.010.050.055000.01.00.001
6.78e7,0.0500075,79.84986666666667,-5389.07,0.0,-4747.493333333334,1162.6000000000001,-0.2312833333333333,10193.466666666667,10193.233333333334,-5.0037766666666664e-5,0.018856833333333333,0.01738356666666667,0.036240433333333336,0.010.050.055000.01.00.001
6.79e7,0.050004266666666665,80.3328,-5389.623333333333,0.0,-4747.473333333332,1162.5266666666666,-0.23128700000000002,10205.066666666666,10204.833333333334,-3.125863333333333e-5,0.018857966666666667,0.017388433333333335,0.036246400000000005,0.010.050.055000.01.00.001
6.8e7,0.04999293333333334,80.45746666666666,-5390.636666666666,0.0,-4748.536666666667,1162.26,-0.23137233333333332,10217.633333333333,10217.366666666667,-1.9772133333333333e-5,0.0188657,0.017369166666666668,0.036234866666666664,0.010.050.055000.01.00.001
6.81e7,0.050009066666666664,80.7221,-5390.98,0.0,-4748.623333333333,1162.6366666666668,-0.23135400000000003,10229.533333333333,10229.300000000001,-5.1639833333333325e-6,0.018866666666666667,0.017367966666666665,0.036234633333333335,0.010.050.055000.01.00.001
6.82e7,0.0500016,80.7117,-5391.183333333333,0.0,-4748.97,1162.46,-0.2313873333333333,10242.133333333333,10241.9,2.233993333333332e-6,0.018872133333333336,0.017354033333333335,0.03622619999999999,0.010.050.055000.01.00.001
6.83e7,0.050029033333333334,80.55466666666666,-5392.2699999999995,0.0,-4749.753333333333,1163.1000000000001,-0.231397,10253.766666666666,10253.566666666668,-1.697700666666667e-5,0.018883666666666667,0.01737206666666667,0.03625573333333334,0.010.050.055000.01.00.001
6.84e7,0.04997426666666666,80.21306666666666,-5393.48,0.0,-4751.763333333333,1161.8233333333333,-0.23160899999999998,10268.766666666666,10268.5,-3.545066666666666e-5,0.018862166666666666,0.017363899999999998,0.03622606666666667,0.010.050.055000.01.00.001
6.85e7,0.0499881,80.22656666666667,-5393.72,0.0,-4751.929999999999,1162.1499999999999,-0.23159866666666665,10280.033333333335,10279.833333333334,-3.0466333333333333e-5,0.018856166666666667,0.017373933333333334,0.03623013333333333,0.010.050.055000.01.00.001
6.86e7,0.05000626666666667,80.45809999999999,-5393.28,0.0,-4750.81,1162.57,-0.23149933333333336,10290.1,10289.866666666667,-3.94127e-5,0.01888506666666667,0.017374,0.036259066666666666,0.010.050.055000.01.00.001
6.87e7,0.05000536666666666,80.68149999999999,-5392.650000000001,0.0,-4749.993333333333,1162.55,-0.231448,10300.633333333333,10300.4,-2.2623279999999996e-5,0.018866766666666663,0.017389666666666664,0.03625643333333333,0.010.050.055000.01.00.001
6.88e7,0.0500074,80.89826666666667,-5392.849999999999,0.0,-4750.046666666666,1162.6000000000001,-0.23144866666666666,10312.466666666667,10312.233333333332,-1.1641017666666665e-5,0.0188674,0.017384399999999998,0.0362518,0.010.050.055000.01.00.001
6.89e7,0.050018766666666666,80.73316666666666,-5392.900000000001,0.0,-4750.453333333334,1162.8566666666666,-0.23145800000000002,10325.266666666668,10325.033333333333,-2.2644126666666666e-5,0.018866533333333334,0.017373000000000003,0.036239466666666664,0.010.050.055000.01.00.001
6.9e7,0.04999813333333333,80.81009999999999,-5392.883333333334,0.0,-4750.526666666668,1162.3833333333334,-0.23149300000000003,10339.133333333333,10338.833333333334,-1.8349853333333333e-5,0.0188905,0.0173383,0.03622883333333333,0.010.050.055000.01.00.001
6.91e7,0.0500014,80.9862,-5393.12,0.0,-4750.2733333333335,1162.4566666666667,-0.231472,10351.366666666667,10351.066666666668,-1.2410553333333334e-5,0.018879733333333332,0.017369466666666666,0.0362492,0.010.050.055000.01.00.001
6.92e7,0.049992633333333335,80.60543333333334,-5392.749999999999,0.0,-4750.586666666667,1162.2566666666667,-0.231505,10364.800000000001,10364.566666666668,-1.9816263333333334e-5,0.018883800000000003,0.01734576666666667,0.036229533333333334,0.010.050.055000.01.00.001
6.93e7,0.05001446666666667,80.79086666666666,-5392.856666666667,0.0,-4750.276666666666,1162.76,-0.23145233333333334,10375.566666666668,10375.366666666667,-1.0988463333333334e-5,0.018885833333333334,0.017358766666666667,0.0362446,0.010.050.055000.01.00.001
6.94e7,0.049984933333333335,80.27033333333333,-5393.446666666666,0.0,-4751.6033333333335,1162.0733333333335,-0.23158266666666663,10389.466666666667,10389.2,-4.1501799999999996e-5,0.018857966666666667,0.0173725,0.03623046666666666,0.010.050.055000.01.00.001
6.95e7,0.05001493333333334,80.6872,-5394.22,0.0,-4751.383333333333,1162.7733333333333,-0.23152333333333333,10400.466666666667,10400.233333333334,-2.1250333333333336e-5,0.0188748,0.0173927,0.0362675,0.010.050.055000.01.00.001
6.96e7,0.049982866666666674,80.62436666666667,-5394.69,0.0,-4752.3533333333335,1162.0266666666666,-0.23163366666666665,10414.166666666666,10413.933333333332,-1.5234396666666666e-5,0.018859933333333332,0.017379466666666666,0.03623936666666667,0.010.050.055000.01.00.001
6.97e7,0.04999856666666667,80.70796666666666,-5394.263333333333,0.0,-4751.543333333333,1162.39,-0.23155833333333334,10425.666666666666,10425.433333333334,-1.991204e-5,0.018879733333333332,0.017378933333333336,0.036258700000000005,0.010.050.055000.01.00.001
6.98e7,0.049981599999999994,80.65926666666667,-5393.919999999999,0.0,-4751.84,1161.9966666666667,-0.23160266666666665,10439.300000000001,10439.033333333335,-1.556989e-5,0.0188591,0.017361766666666667,0.036220866666666664,0.010.050.055000.01.00.001
6.99e7,0.05000190000000001,80.70466666666665,-5393.436666666667,0.0,-4751.256666666667,1162.4666666666667,-0.23153466666666667,10450.333333333332,10450.033333333333,-2.405603333333333e-5,0.018879566666666667,0.017344599999999998,0.03622416666666667,0.010.050.055000.01.00.001
7.0e7,0.049999800000000004,80.4327,-5393.55,0.0,-4750.916666666667,1162.42,-0.23151566666666668,10462.033333333333,10461.766666666666,-3.5831466666666664e-5,0.018878066666666665,0.017392666666666667,0.03627073333333333,0.010.050.055000.01.00.001
7.01e7,0.05002606666666667,80.53683333333333,-5393.46,0.0,-4750.91,1163.03,-0.23147566666666666,10473.0,10472.800000000001,-3.0111093333333338e-5,0.0188725,0.0173866,0.036259066666666666,0.010.050.055000.01.00.001
7.02e7,0.050039066666666666,80.9452,-5393.79,0.0,-4750.7266666666665,1163.3333333333333,-0.23144466666666666,10484.199999999999,10483.933333333332,-1.0075666666666667e-5,0.01889633333333333,0.017369366666666667,0.036265733333333335,0.010.050.055000.01.00.001
7.03e7,0.04998813333333333,80.96106666666667,-5394.913333333333,0.0,-4752.3933333333325,1162.1466666666665,-0.231629,10497.7,10497.466666666667,-1.4380976666666666e-5,0.018879466666666664,0.017349966666666668,0.03622943333333333,0.010.050.055000.01.00.001
7.04e7,0.049988300000000006,80.59006666666666,-5396.386666666666,0.0,-4754.043333333334,1162.1533333333334,-0.23173466666666667,10511.366666666667,10511.133333333333,-3.90701e-5,0.018888733333333334,0.017353499999999997,0.0362422,0.010.050.055000.01.00.001
7.05e7,0.05001206666666667,80.8764,-5396.759999999999,0.0,-4753.913333333333,1162.7066666666667,-0.231691,10522.433333333332,10522.2,-2.7998710000000004e-5,0.018879966666666668,0.017376166666666668,0.0362561,0.010.050.055000.01.00.001
7.06e7,0.05002293333333333,80.80666666666666,-5397.963333333333,0.0,-4755.323333333334,1162.9566666666667,-0.23176566666666668,10536.5,10536.199999999999,-2.6473566666666663e-5,0.018878333333333334,0.017369166666666668,0.0362475,0.010.050.055000.01.00.001
7.07e7,0.04999716666666667,80.8912,-5398.373333333333,0.0,-4755.386666666667,1162.3566666666666,-0.2318083333333333,10549.466666666667,10549.233333333332,-1.9727466666666667e-5,0.018885466666666666,0.017378466666666665,0.036263899999999995,0.010.050.055000.01.00.001
7.08e7,0.05001906666666667,81.05980000000001,-5397.78,0.0,-4754.583333333333,1162.8666666666668,-0.23172366666666666,10561.666666666666,10561.433333333332,-1.03033e-5,0.018882133333333332,0.0173849,0.036267,0.010.050.055000.01.00.001
7.09e7,0.05002310000000001,81.0884,-5397.86,0.0,-4754.77,1162.96,-0.2317296666666667,10573.966666666665,10573.766666666668,-1.0404343333333332e-5,0.018890333333333332,0.017367666666666667,0.03625803333333333,0.010.050.055000.01.00.001
7.1e7,0.04996893333333333,80.63413333333334,-5397.82,0.0,-4755.496666666667,1161.7033333333331,-0.23185799999999998,10588.233333333334,10588.0,-3.2526533333333334e-5,0.018877933333333333,0.017359866666666668,0.036237766666666664,0.010.050.055000.01.00.001
7.11e7,0.05000193333333334,80.65793333333333,-5397.216666666666,0.0,-4754.716666666667,1162.47,-0.231758,10599.8,10599.533333333333,-2.550676e-5,0.0188637,0.017383899999999997,0.036247633333333334,0.010.050.055000.01.00.001
7.12e7,0.04998693333333334,80.83730000000001,-5397.206666666666,0.0,-4754.759999999999,1162.1200000000001,-0.231783,10613.133333333333,10612.9,-8.274676666666666e-6,0.01887343333333333,0.0173596,0.03623306666666667,0.010.050.055000.01.00.001
7.13e7,0.05000016666666667,80.39906666666666,-5397.213333333334,0.0,-4755.2733333333335,1162.43,-0.23179633333333335,10625.0,10624.8,-4.5116699999999994e-5,0.0188615,0.017366933333333334,0.036228399999999994,0.010.050.055000.01.00.001
7.14e7,0.049998766666666666,80.9572,-5398.36,0.0,-4755.366666666666,1162.3966666666668,-0.2318043333333333,10637.766666666668,10637.533333333333,-4.699893333333334e-6,0.018890733333333336,0.017369833333333334,0.03626056666666667,0.010.050.055000.01.00.001
7.15e7,0.05001216666666666,80.87506666666667,-5398.37,0.0,-4755.3533333333335,1162.7066666666667,-0.23178366666666664,10650.433333333332,10650.199999999999,-3.957206666666667e-5,0.018891466666666665,0.017375766666666667,0.0362672,0.010.050.055000.01.00.001
7.16e7,0.04998656666666667,80.8949,-5398.349999999999,0.0,-4755.5233333333335,1162.11,-0.23183299999999998,10664.199999999999,10664.0,-2.4994352333333334e-5,0.018882766666666665,0.017370633333333333,0.0362534,0.010.050.055000.01.00.001
7.17e7,0.050020600000000005,80.40576666666668,-5398.863333333334,0.0,-4756.110000000001,1162.9033333333332,-0.23181966666666667,10676.933333333334,10676.699999999999,-5.260916666666667e-5,0.018888,0.017392633333333334,0.0362806,0.010.050.055000.01.00.001
7.18e7,0.05001026666666667,80.49593333333333,-5398.953333333334,0.0,-4756.12,1162.6666666666667,-0.23183600000000001,10689.300000000001,10689.1,-5.5410499999999994e-5,0.018895133333333335,0.017384733333333336,0.03627986666666667,0.010.050.055000.01.00.001
7.19e7,0.0499638,80.67416666666666,-5399.139999999999,0.0,-4756.973333333333,1161.5833333333333,-0.23196066666666668,10703.0,10702.766666666668,-4.1811200000000004e-5,0.018875366666666667,0.017349966666666668,0.03622533333333334,0.010.050.055000.01.00.001
7.2e7,0.0500051,80.6613,-5399.53,0.0,-4757.326666666667,1162.5433333333333,-0.23192166666666666,10714.1,10713.866666666667,-2.87687e-5,0.01887053333333333,0.0173579,0.03622843333333333,0.010.050.055000.01.00.001
7.21e7,0.050031266666666664,80.63703333333332,-5399.093333333333,0.0,-4756.456666666666,1163.1533333333334,-0.23182633333333336,10725.066666666668,10724.833333333334,-3.6335853333333333e-5,0.018898333333333333,0.0173593,0.03625763333333334,0.010.050.055000.01.00.001
7.22e7,0.05002093333333333,80.9094,-5399.18,0.0,-4756.406666666667,1162.91,-0.23183866666666667,10737.266666666668,10737.033333333333,-1.60005e-5,0.018894033333333334,0.017355,0.036249033333333326,0.010.050.055000.01.00.001
7.23e7,0.05000306666666667,80.43686666666666,-5399.153333333334,0.0,-4756.903333333333,1162.4966666666667,-0.23189733333333332,10750.933333333332,10750.666666666666,-4.992693333333333e-5,0.01888523333333333,0.017360866666666665,0.03624613333333333,0.010.050.055000.01.00.001
7.24e7,0.05004586666666666,80.65773333333333,-5398.903333333333,0.0,-4755.713333333333,1163.49,-0.23175633333333334,10760.833333333332,10760.6,-2.990744e-5,0.018905599999999998,0.017386933333333337,0.036292533333333335,0.010.050.055000.01.00.001
7.25e7,0.05000923333333334,80.75763333333333,-5399.693333333333,0.0,-4757.203333333333,1162.64,-0.23190733333333333,10774.833333333334,10774.6,-1.0643160000000002e-5,0.0188697,0.0173711,0.0362408,0.010.050.055000.01.00.001
7.26e7,0.05001629999999999,80.58523333333333,-5399.286666666667,0.0,-4756.436666666667,1162.8066666666666,-0.23184733333333332,10785.900000000001,10785.633333333333,-2.9113999999999996e-5,0.018900033333333333,0.0173752,0.0362752,0.010.050.055000.01.00.001
7.27e7,0.049998600000000004,80.3901,-5399.163333333334,0.0,-4757.110000000001,1162.3933333333332,-0.231917,10799.866666666667,10799.633333333333,-3.305713333333333e-5,0.0188643,0.017372299999999997,0.0362366,0.010.050.055000.01.00.001
7.28e7,0.050027966666666666,80.69236666666667,-5399.09,0.0,-4756.4766666666665,1163.0766666666666,-0.2318323333333333,10811.066666666668,10810.833333333334,-2.4665833333333334e-5,0.0188864,0.017366733333333332,0.03625313333333333,0.010.050.055000.01.00.001
7.29e7,0.049987866666666665,80.63933333333334,-5399.136666666666,0.0,-4756.703333333334,1162.14,-0.231907,10824.933333333334,10824.7,-1.4605413333333333e-5,0.018873499999999998,0.017371033333333338,0.036244533333333336,0.010.050.055000.01.00.001
7.3e7,0.0500477,80.82906666666666,-5398.916666666667,0.0,-4756.1033333333335,1163.5366666666666,-0.23177866666666666,10834.666666666666,10834.366666666667,-1.0205999999999999e-5,0.01888763333333333,0.01736966666666667,0.03625726666666667,0.010.050.055000.01.00.001
7.31e7,0.050019666666666664,80.96083333333333,-5399.236666666667,0.0,-4755.986666666667,1162.88,-0.23181300000000002,10847.633333333333,10847.433333333332,6.610200000000007e-7,0.018880533333333335,0.017395933333333332,0.03627646666666667,0.010.050.055000.01.00.001
7.32e7,0.04998276666666667,80.47473333333333,-5399.25,0.0,-4756.72,1162.0266666666666,-0.23191566666666666,10861.933333333332,10861.733333333334,-4.4706138e-5,0.0188725,0.0173891,0.0362616,0.010.050.055000.01.00.001
7.33e7,0.04995666666666667,80.70573333333334,-5399.863333333334,0.0,-4758.0199999999995,1161.42,-0.232039,10875.866666666667,10875.633333333333,-8.5748e-6,0.01886273333333333,0.017339566666666667,0.0362023,0.010.050.055000.01.00.001
7.34e7,0.05002713333333333,80.62726666666667,-5399.9,0.0,-4756.97,1163.0566666666666,-0.23186533333333334,10885.233333333332,10884.966666666667,-2.6098066666666663e-5,0.0188882,0.017389133333333334,0.036277333333333335,0.010.050.055000.01.00.001
7.35e7,0.050016000000000005,80.6597,-5400.056666666667,0.0,-4757.366666666666,1162.8,-0.231908,10898.9,10898.699999999999,-2.235046666666667e-5,0.0188764,0.017383700000000002,0.0362601,0.010.050.055000.01.00.001
7.36e7,0.05004013333333333,80.83693333333333,-5400.296666666667,0.0,-4757.283333333333,1163.36,-0.2318663333333333,10912.2,10911.933333333332,-2.9076299999999998e-5,0.018890300000000002,0.017379066666666665,0.0362694,0.010.050.055000.01.00.001
7.37e7,0.04999933333333333,81.05023333333334,-5400.63,0.0,-4757.803333333333,1162.4066666666668,-0.23196066666666668,10926.300000000001,10926.066666666666,-1.3145836666666665e-5,0.0188765,0.0173671,0.036243599999999994,0.010.050.055000.01.00.001
7.38e7,0.049998433333333335,80.90493333333335,-5401.346666666667,0.0,-4758.576666666667,1162.39,-0.232012,10938.966666666665,10938.766666666668,-4.886566666666667e-6,0.018863066666666668,0.0173864,0.03624946666666667,0.010.050.055000.01.00.001
7.39e7,0.050017,80.71863333333333,-5401.363333333334,0.0,-4758.843333333333,1162.82,-0.23200166666666666,10951.1,10950.9,-1.4808269999999998e-5,0.018880033333333334,0.017365266666666667,0.0362453,0.010.050.055000.01.00.001
7.4e7,0.050005633333333334,80.64146666666667,-5400.2733333333335,0.0,-4757.7266666666665,1162.5566666666666,-0.23194633333333334,10963.4,10963.200000000003,-2.155174e-5,0.01888686666666667,0.017365233333333337,0.0362521,0.010.050.055000.01.00.001
7.41e7,0.04999116666666666,80.34783333333333,-5400.583333333333,0.0,-4758.69,1162.2166666666667,-0.23203033333333334,10977.699999999999,10977.433333333334,-4.545609999999999e-5,0.0188584,0.017370633333333333,0.036229066666666664,0.010.050.055000.01.00.001
7.42e7,0.050007066666666676,80.50556666666667,-5401.7,0.0,-4759.503333333333,1162.5866666666668,-0.23205900000000002,10990.566666666666,10990.333333333334,-3.450013333333333e-5,0.018872066666666663,0.017365966666666666,0.03623806666666666,0.010.050.055000.01.00.001
7.43e7,0.04999783333333333,80.80913333333334,-5402.363333333334,0.0,-4759.82,1162.3733333333332,-0.232093,11004.1,11003.866666666669,-4.0685533333333335e-5,0.018880866666666666,0.017360066666666667,0.036240933333333336,0.010.050.055000.01.00.001
7.44e7,0.04998843333333333,80.945,-5403.009999999999,0.0,-4760.536666666667,1162.1533333333334,-0.23215333333333332,11016.966666666667,11016.700000000003,-1.4892e-5,0.0188675,0.017360333333333332,0.03622783333333333,0.010.050.055000.01.00.001
7.45e7,0.0500252,80.66203333333333,-5403.473333333333,0.0,-4760.64,1163.01,-0.232105,11028.466666666665,11028.266666666668,-4.288516666666666e-5,0.0188792,0.017390100000000002,0.0362693,0.010.050.055000.01.00.001
7.46e7,0.04996793333333333,80.93480000000001,-5403.81,0.0,-4761.47,1161.6766666666665,-0.23224466666666665,11043.866666666667,11043.666666666666,-1.3995163333333333e-5,0.0188692,0.017350433333333335,0.0362196,0.010.050.055000.01.00.001
7.47e7,0.05000283333333333,81.02963333333334,-5403.783333333334,0.0,-4760.903333333333,1162.49,-0.23215533333333335,11055.699999999999,11055.466666666667,-1.1615036666666666e-5,0.018882033333333333,0.017366333333333334,0.03624836666666667,0.010.050.055000.01.00.001
7.48e7,0.050035666666666666,80.862,-5403.133333333333,0.0,-4760.073333333333,1163.2533333333333,-0.23205266666666668,11066.466666666667,11066.266666666668,-2.0219386666666666e-5,0.018889366666666667,0.017381533333333334,0.036270899999999995,0.010.050.055000.01.00.001
7.49e7,0.05003243333333333,80.37196666666667,-5403.156666666667,0.0,-4760.316666666667,1163.1833333333332,-0.23207333333333333,11078.833333333334,11078.6,-6.125279999999999e-5,0.0188934,0.0173947,0.0362881,0.010.050.055000.01.00.001
7.5e7,0.049975566666666665,80.56733333333334,-5402.97,0.0,-4760.763333333333,1161.8566666666666,-0.23218733333333333,11093.633333333333,11093.366666666667,-2.7300123333333332e-5,0.01886816666666667,0.017366666666666666,0.0362348,0.010.050.055000.01.00.001
7.51e7,0.05003453333333333,80.61063333333333,-5402.18,0.0,-4759.2300000000005,1163.23,-0.23199999999999998,11102.6,11102.366666666667,-3.602343333333334e-5,0.01889173333333333,0.0173883,0.036280033333333336,0.010.050.055000.01.00.001
7.52e7,0.05001786666666667,80.57603333333333,-5400.92,0.0,-4758.253333333333,1162.8400000000001,-0.23196233333333335,11113.766666666668,11113.566666666666,-2.6750646666666666e-5,0.018891366666666666,0.017372466666666666,0.03626383333333333,0.010.050.055000.01.00.001
7.53e7,0.04999523333333333,80.29206666666666,-5400.69,0.0,-4758.636666666666,1162.3133333333333,-0.23202066666666665,11127.466666666667,11127.266666666668,-5.744386666666667e-5,0.0188782,0.0173645,0.03624273333333333,0.010.050.055000.01.00.001
7.54e7,0.050015533333333334,80.69716666666666,-5400.723333333333,0.0,-4758.136666666666,1162.7833333333335,-0.23195833333333335,11138.4,11138.166666666666,-3.0274576666666667e-5,0.018872466666666667,0.017378400000000002,0.036250866666666666,0.010.050.055000.01.00.001
7.55e7,0.050001833333333336,80.71249999999999,-5401.036666666667,0.0,-4758.336666666666,1162.4666666666665,-0.23199166666666668,11151.199999999999,11151.0,-2.1889663333333337e-5,0.018871633333333332,0.01738553333333333,0.03625716666666667,0.010.050.055000.01.00.001
7.56e7,0.05001956666666666,80.65809999999999,-5400.766666666666,0.0,-4757.876666666667,1162.88,-0.231935,11162.266666666668,11162.033333333333,-2.1988889999999998e-5,0.01888933333333333,0.0173837,0.036273033333333336,0.010.050.055000.01.00.001
7.57e7,0.050030899999999996,80.41716666666666,-5400.026666666667,0.0,-4757.553333333333,1163.1433333333334,-0.23189766666666667,11174.833333333334,11174.566666666666,-2.6709066666666668e-5,0.01888703333333333,0.017374566666666667,0.036261600000000005,0.010.050.055000.01.00.001
7.58e7,0.050033766666666674,80.7905,-5400.526666666666,0.0,-4757.61,1163.2099999999998,-0.23189666666666667,11187.233333333332,11187.033333333333,-1.6001363333333334e-5,0.018891166666666667,0.017375266666666667,0.0362664,0.010.050.055000.01.00.001
7.59e7,0.050001866666666665,80.44713333333334,-5400.553333333333,0.0,-4758.323333333334,1162.47,-0.23199099999999998,11201.699999999999,11201.433333333332,-5.06518e-5,0.018886466666666667,0.017357366666666665,0.036243833333333336,0.010.050.055000.01.00.001
7.6e7,0.05003486666666667,80.6607,-5401.343333333333,0.0,-4758.636666666666,1163.2333333333333,-0.23196133333333332,11214.533333333335,11214.333333333334,-2.3100763333333333e-5,0.018877633333333334,0.017383233333333335,0.03626083333333333,0.010.050.055000.01.00.001
7.61e7,0.05003763333333333,80.88496666666667,-5401.95,0.0,-4759.2,1163.3000000000002,-0.23199366666666665,11228.666666666666,11228.366666666667,-1.59752e-5,0.018878033333333332,0.017371333333333332,0.03624943333333334,0.010.050.055000.01.00.001
7.62e7,0.05001303333333334,80.87776666666666,-5401.360000000001,0.0,-4758.546666666666,1162.7266666666667,-0.23198833333333335,11241.866666666667,11241.633333333333,-2.007201e-5,0.0188884,0.017365433333333333,0.03625383333333334,0.010.050.055000.01.00.001
7.63e7,0.04999990000000001,81.01633333333334,-5399.84,0.0,-4756.959999999999,1162.4233333333334,-0.23190533333333332,11253.6,11253.4,2.6850733333333334e-6,0.018858166666666665,0.0173914,0.03624956666666667,0.010.050.055000.01.00.001
7.64e7,0.05002023333333333,80.71173333333333,-5399.256666666667,0.0,-4756.73,1162.8933333333334,-0.23186033333333333,11265.5,11265.300000000001,-1.3288856666666665e-5,0.018873900000000002,0.01737206666666667,0.036245933333333334,0.010.050.055000.01.00.001
7.65e7,0.05001506666666666,80.92223333333332,-5399.416666666667,0.0,-4756.633333333334,1162.7733333333333,-0.23186166666666663,11277.866666666667,11277.633333333331,-1.1173609999999998e-5,0.0188793,0.01736966666666667,0.03624893333333334,0.010.050.055000.01.00.001
7.66e7,0.05002843333333334,80.90436666666666,-5398.663333333333,0.0,-4755.843333333333,1163.0866666666668,-0.231791,11289.033333333333,11288.833333333334,-1.5561733333333334e-5,0.018887166666666667,0.0173654,0.03625256666666667,0.010.050.055000.01.00.001
7.67e7,0.049993699999999995,80.68233333333332,-5399.126666666667,0.0,-4756.703333333334,1162.2766666666669,-0.23189833333333332,11302.066666666666,11301.833333333334,-2.5931647333333336e-5,0.0188878,0.017353733333333333,0.0362415,0.010.050.055000.01.00.001
7.68e7,0.05000083333333333,80.34779999999999,-5399.403333333334,0.0,-4757.516666666666,1162.4466666666667,-0.23194033333333333,11315.0,11314.766666666668,-4.815073333333333e-5,0.018873699999999997,0.0173548,0.036228500000000004,0.010.050.055000.01.00.001
7.69e7,0.05001643333333333,80.57350000000001,-5399.083333333333,0.0,-4756.873333333333,1162.8033333333333,-0.23187533333333332,11327.400000000001,11327.166666666666,-1.8218786666666667e-5,0.018877500000000002,0.0173571,0.03623456666666667,0.010.050.055000.01.00.001
7.7e7,0.04998963333333334,80.35896666666667,-5399.763333333333,0.0,-4758.0,1162.1833333333334,-0.23198766666666668,11341.666666666666,11341.433333333334,-3.912693333333333e-5,0.018851733333333332,0.017368099999999997,0.03621983333333333,0.010.050.055000.01.00.001
7.71e7,0.04998929999999999,80.57293333333332,-5399.666666666667,0.0,-4757.6,1162.1733333333334,-0.23196266666666668,11354.699999999999,11354.466666666665,-2.4199123333333333e-5,0.018866833333333336,0.017358566666666665,0.036225433333333334,0.010.050.055000.01.00.001
7.72e7,0.0499973,80.36166666666666,-5399.903333333333,0.0,-4757.57,1162.3633333333335,-0.23194900000000004,11367.733333333332,11367.533333333333,-4.936383333333333e-5,0.018872833333333335,0.017383399999999997,0.036256199999999995,0.010.050.055000.01.00.001
7.73e7,0.049972966666666674,80.26453333333332,-5401.536666666666,0.0,-4759.826666666667,1161.8,-0.232131,11382.699999999999,11382.466666666667,-3.570853333333333e-5,0.018850099999999998,0.017372166666666664,0.036222300000000006,0.010.050.055000.01.00.001
7.74e7,0.05003966666666667,80.27049999999998,-5401.69,0.0,-4759.25,1163.3466666666666,-0.231994,11392.6,11392.366666666669,-4.160173666666668e-5,0.0188796,0.017389033333333335,0.036268633333333335,0.010.050.055000.01.00.001
7.75e7,0.04998353333333333,80.23583333333333,-5401.169999999999,0.0,-4759.683333333333,1162.0433333333333,-0.232106,11406.366666666669,11406.133333333333,-5.52592e-5,0.018870266666666666,0.017339133333333333,0.0362094,0.010.050.055000.01.00.001
7.76e7,0.04998903333333333,80.04573333333333,-5401.586666666666,0.0,-4759.956666666666,1162.17,-0.232115,11418.6,11418.4,-6.600889999999999e-5,0.018875466666666667,0.017355899999999997,0.03623136666666666,0.010.050.055000.01.00.001
7.77e7,0.049980699999999996,80.31206666666667,-5401.9766666666665,0.0,-4760.066666666667,1161.9766666666667,-0.23213466666666668,11430.933333333334,11430.733333333332,-4.589186666666666e-5,0.018860233333333334,0.017371800000000003,0.03623203333333333,0.010.050.055000.01.00.001
7.78e7,0.050014499999999996,80.10733333333333,-5401.793333333334,0.0,-4759.7266666666665,1162.7633333333333,-0.232062,11442.333333333334,11442.1,-5.7879399999999993e-5,0.018876766666666666,0.017378833333333333,0.0362556,0.010.050.055000.01.00.001
7.79e7,0.050009233333333326,80.21623333333334,-5401.66,0.0,-4759.610000000001,1162.6399999999999,-0.23206266666666667,11454.766666666668,11454.466666666667,-4.924123333333333e-5,0.018881166666666668,0.017366033333333333,0.0362472,0.010.050.055000.01.00.001
7.8e7,0.05002006666666667,80.8556,-5401.38,0.0,-4758.283333333333,1162.8933333333334,-0.23196066666666668,11465.799999999997,11465.5,-1.5617466666666667e-5,0.018891133333333334,0.017382566666666665,0.036273733333333336,0.010.050.055000.01.00.001
7.81e7,0.04999206666666667,80.2984,-5401.796666666666,0.0,-4759.686666666667,1162.2433333333333,-0.23209333333333335,11480.466666666667,11480.266666666668,-4.053253333333333e-5,0.018870966666666666,0.0173749,0.036245933333333334,0.010.050.055000.01.00.001
7.82e7,0.049983466666666664,80.0956,-5401.766666666666,0.0,-4760.433333333333,1162.04,-0.23215433333333335,11495.200000000003,11494.966666666667,-4.761583333333334e-5,0.0188485,0.017360333333333335,0.036208899999999995,0.010.050.055000.01.00.001
7.83e7,0.0499988,80.20556666666668,-5401.79,0.0,-4759.71,1162.4,-0.23208499999999999,11508.1,11507.9,-5.9415166666666667e-5,0.0188667,0.01738316666666667,0.036249833333333335,0.010.050.055000.01.00.001
7.84e7,0.05000756666666667,80.75019999999999,-5402.150000000001,0.0,-4759.26,1162.6000000000001,-0.23204233333333332,11520.4,11520.166666666666,-2.2868100000000002e-5,0.018893133333333336,0.017373866666666665,0.036267,0.010.050.055000.01.00.001
7.85e7,0.04997179999999999,80.93523333333333,-5402.29,0.0,-4759.953333333334,1161.7699999999998,-0.23214066666666666,11533.699999999999,11533.5,1.0431433333333332e-7,0.018860966666666666,0.0173586,0.03621956666666667,0.010.050.055000.01.00.001
7.86e7,0.04997783333333333,80.42423333333333,-5401.2300000000005,0.0,-4759.173333333333,1161.91,-0.232082,11544.833333333334,11544.6,-3.0261800000000002e-5,0.018860400000000003,0.017373833333333335,0.03623426666666666,0.010.050.055000.01.00.001
7.87e7,0.04998133333333333,80.52903333333333,-5401.04,0.0,-4759.1466666666665,1161.9899999999998,-0.23207433333333335,11557.1,11556.9,-2.8309879999999997e-5,0.018858966666666668,0.017358300000000004,0.0362173,0.010.050.055000.01.00.001
7.88e7,0.050006699999999994,80.72096666666667,-5401.84,0.0,-4759.386666666666,1162.5833333333333,-0.232052,11568.666666666666,11568.433333333334,-2.297889e-5,0.018873133333333333,0.01736763333333333,0.0362408,0.010.050.055000.01.00.001
7.89e7,0.05001703333333333,80.48746666666666,-5402.22,0.0,-4759.760000000001,1162.8233333333335,-0.23206033333333334,11581.300000000001,11581.066666666666,-3.701756666666666e-5,0.018884266666666667,0.017371933333333336,0.03625623333333333,0.010.050.055000.01.00.001
7.9e7,0.04998746666666667,80.7044,-5402.509999999999,0.0,-4759.973333333332,1162.1333333333332,-0.23211866666666667,11594.166666666666,11593.966666666667,-2.0723533333333332e-5,0.018873766666666666,0.017373366666666668,0.0362471,0.010.050.055000.01.00.001
7.91e7,0.050010566666666666,80.78136666666666,-5402.25,0.0,-4759.383333333334,1162.6699999999998,-0.232046,11605.4,11605.133333333333,-3.440606666666667e-5,0.01888063333333333,0.017383,0.03626363333333333,0.010.050.055000.01.00.001
7.92e7,0.04999506666666667,80.86763333333334,-5402.423333333333,0.0,-4760.16,1162.3100000000002,-0.23211933333333334,11619.033333333335,11618.766666666668,-2.2256233333333336e-5,0.018856933333333336,0.017362033333333332,0.036218966666666665,0.010.050.055000.01.00.001
7.93e7,0.0499752,81.0334,-5402.16,0.0,-4759.663333333333,1161.85,-0.23211733333333337,11631.233333333332,11630.933333333334,-1.767743333333333e-6,0.018879966666666668,0.017343366666666665,0.036223366666666666,0.010.050.055000.01.00.001
7.94e7,0.050004099999999996,80.95203333333333,-5402.47,0.0,-4759.736666666667,1162.52,-0.23207833333333336,11642.966666666667,11642.733333333332,-2.518862666666667e-5,0.018880066666666667,0.01736376666666667,0.036243899999999996,0.010.050.055000.01.00.001
7.95e7,0.05001143333333333,80.98280000000001,-5403.61,0.0,-4760.45,1162.69,-0.23211366666666666,11655.199999999999,11654.966666666667,-1.9222713333333333e-5,0.01888316666666667,0.0173861,0.036269300000000004,0.010.050.055000.01.00.001
7.96e7,0.050014499999999996,80.77853333333333,-5403.59,0.0,-4761.1033333333335,1162.76,-0.232151,11667.966666666665,11667.699999999999,-1.9931376666666668e-5,0.018873466666666668,0.017365766666666668,0.036239266666666665,0.010.050.055000.01.00.001
7.97e7,0.049968900000000004,80.67156666666666,-5403.650000000001,0.0,-4761.546666666666,1161.7033333333331,-0.232248,11680.633333333331,11680.4,-2.374273333333333e-5,0.018871366666666667,0.01735,0.036221366666666664,0.010.050.055000.01.00.001
7.98e7,0.04999326666666667,80.6726,-5403.143333333333,0.0,-4760.676666666667,1162.2699999999998,-0.23215566666666665,11692.166666666666,11691.933333333332,-3.4242599999999996e-5,0.018875633333333332,0.0173691,0.03624476666666667,0.010.050.055000.01.00.001
7.99e7,0.04998773333333334,80.41623333333332,-5403.33,0.0,-4761.406666666667,1162.14,-0.23221066666666665,11705.1,11704.866666666667,-4.3234899999999995e-5,0.018872166666666666,0.0173542,0.03622636666666667,0.010.050.055000.01.00.001
8.0e7,0.0500141,80.68220000000001,-5403.48,0.0,-4761.0199999999995,1162.75,-0.23214633333333334,11715.633333333333,11715.433333333334,-2.7975933333333334e-5,0.018866866666666666,0.017376966666666663,0.03624386666666666,0.010.050.055000.01.00.001
8.01e7,0.0499909,80.94556666666666,-5402.803333333333,0.0,-4760.23,1162.2133333333334,-0.23212999999999998,11727.333333333334,11727.133333333333,-9.1058e-6,0.018869,0.017364833333333333,0.03623383333333333,0.010.050.055000.01.00.001
8.02e7,0.0500129,81.02926666666667,-5403.706666666666,0.0,-4760.676666666667,1162.7233333333334,-0.23212566666666667,11739.333333333334,11739.1,-1.6319856666666665e-5,0.0188865,0.017371666666666664,0.03625816666666667,0.010.050.055000.01.00.001
8.03e7,0.050021333333333334,81.05666666666667,-5403.836666666667,0.0,-4761.01,1162.92,-0.23213499999999998,11751.9,11751.666666666666,-4.4544666666666695e-7,0.018880366666666665,0.0173627,0.03624306666666667,0.010.050.055000.01.00.001
8.04e7,0.0500204,81.04793333333333,-5403.153333333333,0.0,-4759.906666666667,1162.8966666666668,-0.23206533333333335,11763.733333333332,11763.5,-6.020913333333333e-6,0.0188873,0.017383533333333333,0.03627086666666667,0.010.050.055000.01.00.001
8.05e7,0.050021800000000005,81.02943333333333,-5403.490000000001,0.0,-4760.116666666666,1162.9333333333334,-0.23207633333333333,11775.699999999999,11775.433333333334,-1.436926666666667e-5,0.0188917,0.017388666666666667,0.03628036666666667,0.010.050.055000.01.00.001
8.06e7,0.05001830000000001,80.78296666666667,-5404.17,0.0,-4761.240000000001,1162.8500000000001,-0.23215433333333335,11788.766666666668,11788.466666666667,-2.7829833333333332e-5,0.018892266666666668,0.0173754,0.0362677,0.010.050.055000.01.00.001
8.07e7,0.05000643333333333,81.02406666666666,-5404.53,0.0,-4761.47,1162.5733333333335,-0.23218666666666668,11801.799999999997,11801.566666666666,-1.0602966666666667e-5,0.018889066666666666,0.0173714,0.0362605,0.010.050.055000.01.00.001
8.08e7,0.04997906666666666,80.9721,-5405.213333333333,0.0,-4762.506666666667,1161.9366666666667,-0.23229466666666668,11816.0,11815.800000000001,-8.876633333333334e-6,0.018875133333333335,0.0173657,0.03624083333333333,0.010.050.055000.01.00.001
8.09e7,0.0500151,80.75713333333334,-5405.516666666666,0.0,-4762.7733333333335,1162.7733333333333,-0.23225766666666667,11828.1,11827.9,-2.1191433333333335e-5,0.018887633333333334,0.0173697,0.0362574,0.010.050.055000.01.00.001
8.1e7,0.05000383333333333,80.91803333333333,-5405.89,0.0,-4762.95,1162.5166666666667,-0.2322863333333333,11841.5,11841.266666666665,-7.068933333333334e-6,0.0188839,0.0173755,0.0362594,0.010.050.055000.01.00.001
8.11e7,0.04998673333333333,80.8451,-5405.92,0.0,-4763.466666666667,1162.1200000000001,-0.23234500000000002,11854.833333333334,11854.633333333331,-2.371143333333333e-5,0.018882833333333335,0.01734986666666667,0.036232766666666666,0.010.050.055000.01.00.001
8.12e7,0.04999536666666667,80.85686666666668,-5405.8,0.0,-4763.096666666667,1162.32,-0.23230833333333334,11866.433333333334,11866.199999999999,-2.4232903333333338e-5,0.018876,0.01737246666666667,0.03624843333333333,0.010.050.055000.01.00.001
8.13e7,0.05000706666666666,80.8716,-5405.626666666666,0.0,-4763.009999999999,1162.5900000000001,-0.23228533333333334,11878.9,11878.633333333333,-2.921546666666667e-5,0.0188985,0.017343133333333333,0.036241633333333335,0.010.050.055000.01.00.001
8.14e7,0.05002890000000001,81.05953333333333,-5405.906666666667,0.0,-4762.543333333334,1163.1000000000001,-0.232222,11891.199999999999,11890.966666666667,-1.0989656666666667e-5,0.0188839,0.017394066666666666,0.03627796666666667,0.010.050.055000.01.00.001
8.15e7,0.049988733333333334,80.59276666666666,-5406.306666666666,0.0,-4764.096666666666,1162.1599999999999,-0.23238266666666665,11906.5,11906.266666666668,-3.837e-5,0.018861933333333334,0.017371499999999998,0.036233433333333336,0.010.050.055000.01.00.001
8.16e7,0.050024766666666665,80.82946666666668,-5406.736666666667,0.0,-4763.543333333334,1163.0,-0.232293,11917.333333333334,11917.066666666666,-4.4459800000000004e-5,0.01888883333333333,0.01739273333333333,0.0362815,0.010.050.055000.01.00.001
8.17e7,0.04999343333333333,80.94173333333333,-5407.756666666667,0.0,-4764.746666666667,1162.2733333333333,-0.23241766666666666,11932.166666666666,11931.866666666667,-2.4832523333333333e-5,0.01888163333333333,0.017380800000000002,0.03626243333333334,0.010.050.055000.01.00.001
8.18e7,0.05000703333333333,81.09460000000001,-5407.766666666667,0.0,-4764.766666666666,1162.5866666666668,-0.23239833333333335,11944.199999999999,11943.933333333334,-2.2326213333333332e-5,0.018889233333333335,0.01736273333333333,0.03625196666666666,0.010.050.055000.01.00.001
8.19e7,0.05002023333333333,81.04156666666667,-5407.953333333334,0.0,-4764.733333333334,1162.8966666666665,-0.23237666666666668,11956.9,11956.633333333331,-7.999413333333334e-6,0.018902766666666668,0.017367166666666666,0.036269966666666674,0.010.050.055000.01.00.001
8.2e7,0.0499753,80.67023333333334,-5408.176666666667,0.0,-4765.806666666667,1161.85,-0.23251333333333332,11971.166666666666,11970.9,-4.130133333333334e-5,0.018885233333333334,0.017353300000000002,0.036238566666666666,0.010.050.055000.01.00.001
8.21e7,0.049993,81.1126,-5407.283333333333,0.0,-4764.613333333334,1162.2633333333333,-0.23241,11982.9,11982.699999999999,-1.159411e-5,0.018890866666666666,0.017338666666666665,0.036229533333333334,0.010.050.055000.01.00.001
8.22e7,0.049998233333333336,80.8467,-5406.096666666667,0.0,-4763.6,1162.3833333333332,-0.23233633333333334,11993.166666666666,11992.866666666667,-7.265933333333334e-6,0.018871,0.017364499999999998,0.0362355,0.010.050.055000.01.00.001
8.23e7,0.04999036666666667,80.7673,-5405.366666666666,0.0,-4762.993333333333,1162.2033333333331,-0.23230933333333334,12005.733333333332,12005.5,-3.511183333333333e-5,0.018883233333333332,0.017349399999999997,0.0362326,0.010.050.055000.01.00.001
8.24e7,0.05001366666666667,80.73966666666666,-5405.403333333333,0.0,-4762.7266666666665,1162.7433333333336,-0.23225700000000002,12017.133333333333,12016.866666666667,-2.596332e-5,0.018883766666666666,0.017370333333333335,0.03625406666666667,0.010.050.055000.01.00.001
8.25e7,0.0499831,80.39596666666667,-5405.296666666666,0.0,-4763.173333333333,1162.0333333333333,-0.2323316666666667,12030.433333333334,12030.200000000003,-3.5168733333333334e-5,0.018863599999999998,0.017377033333333333,0.03624063333333333,0.010.050.055000.01.00.001
8.26e7,0.049996066666666665,80.90436666666666,-5405.849999999999,0.0,-4763.429999999999,1162.3333333333333,-0.232329,12041.966666666667,12041.733333333332,-1.09141e-5,0.018862966666666665,0.01736366666666667,0.036226666666666664,0.010.050.055000.01.00.001
8.27e7,0.05001616666666667,80.95606666666667,-5405.946666666667,0.0,-4763.366666666668,1162.8033333333333,-0.23229433333333335,12054.299999999997,12054.066666666666,6.156366666666666e-7,0.0188785,0.017355199999999998,0.03623373333333333,0.010.050.055000.01.00.001
8.28e7,0.04998006666666666,80.57900000000001,-5406.443333333333,0.0,-4764.43,1161.96,-0.23241733333333334,12068.366666666667,12068.133333333331,-3.233433333333333e-5,0.018860000000000002,0.017361733333333334,0.0362217,0.010.050.055000.01.00.001
8.29e7,0.0499783,80.65473333333334,-5406.76,0.0,-4764.136666666666,1161.9199999999998,-0.232401,12079.199999999999,12078.966666666665,-3.25998e-5,0.01886866666666667,0.017387166666666665,0.0362558,0.010.050.055000.01.00.001
8.3e7,0.049985499999999995,80.72616666666666,-5407.593333333333,0.0,-4765.316666666667,1162.09,-0.23246633333333333,12092.133333333333,12091.933333333334,-2.2708833333333332e-5,0.01886,0.0173688,0.0362288,0.010.050.055000.01.00.001
8.31e7,0.049980133333333336,80.68053333333334,-5408.786666666667,0.0,-4766.343333333333,1161.9633333333334,-0.232541,12104.566666666666,12104.333333333334,-3.446706666666667e-5,0.018867833333333334,0.01737513333333333,0.03624296666666666,0.010.050.055000.01.00.001
8.32e7,0.04998276666666666,81.109,-5409.303333333333,0.0,-4766.676666666666,1162.0233333333333,-0.23255800000000001,12116.933333333334,12116.666666666666,-1.8357176666666665e-5,0.018872633333333333,0.017354166666666667,0.0362268,0.010.050.055000.01.00.001
8.33e7,0.04999033333333333,81.08800000000001,-5410.336666666666,0.0,-4767.419999999999,1162.1966666666667,-0.232595,12129.300000000001,12129.1,-1.2656699999999999e-5,0.018879200000000002,0.017367466666666668,0.036246633333333333,0.010.050.055000.01.00.001
8.34e7,0.050016000000000005,81.02483333333333,-5410.236666666667,0.0,-4767.009999999999,1162.7966666666669,-0.23253,12140.866666666667,12140.666666666666,-3.3529266666666664e-5,0.0189033,0.017367733333333333,0.036271000000000005,0.010.050.055000.01.00.001
8.35e7,0.050003566666666666,81.06193333333333,-5410.003333333333,0.0,-4766.866666666666,1162.51,-0.23253899999999997,12153.9,12153.666666666666,-2.8455300000000002e-5,0.018881833333333334,0.017381,0.036262800000000005,0.010.050.055000.01.00.001
8.36e7,0.04997666666666667,80.6356,-5410.733333333334,0.0,-4768.360000000001,1161.8833333333332,-0.232676,12168.6,12168.333333333334,-5.091495866666667e-5,0.018877266666666667,0.01736386666666667,0.036241166666666665,0.010.050.055000.01.00.001
8.37e7,0.05001446666666667,81.10126666666666,-5410.69,0.0,-4767.39,1162.7633333333333,-0.23255666666666666,12179.366666666667,12179.1,-8.952406666666667e-6,0.018886966666666668,0.0173841,0.036271066666666664,0.010.050.055000.01.00.001
8.38e7,0.05002663333333333,81.19716666666666,-5410.7,0.0,-4767.323333333334,1163.0433333333333,-0.23253433333333332,12191.800000000001,12191.6,-6.356846666666668e-6,0.01889153333333333,0.017378166666666667,0.03626973333333333,0.010.050.055000.01.00.001
8.39e7,0.04999,81.1884,-5411.400000000001,0.0,-4768.633333333332,1162.19,-0.23267333333333332,12206.5,12206.266666666668,-5.583946666666667e-6,0.0188667,0.0173641,0.03623083333333333,0.010.050.055000.01.00.001
8.4e7,0.049999966666666666,80.72713333333333,-5411.303333333332,0.0,-4768.736666666667,1162.4266666666665,-0.23266533333333336,12218.6,12218.366666666667,-3.0925499999999994e-5,0.0188836,0.017364300000000003,0.0362479,0.010.050.055000.01.00.001
8.41e7,0.050001133333333336,80.90276666666666,-5411.43,0.0,-4768.616666666667,1162.4533333333331,-0.232656,12231.166666666666,12230.9,-2.516584666666667e-5,0.018887133333333334,0.017365133333333335,0.0362523,0.010.050.055000.01.00.001
8.42e7,0.050019233333333336,80.8308,-5411.423333333333,0.0,-4768.4766666666665,1162.8700000000001,-0.23261966666666667,12242.433333333334,12242.200000000003,-2.836024e-5,0.0188866,0.017379099999999998,0.036265733333333335,0.010.050.055000.01.00.001
8.43e7,0.049989000000000006,81.08853333333333,-5411.483333333334,0.0,-4768.173333333333,1162.1666666666667,-0.23264533333333334,12254.1,12253.9,1.0494666666666684e-6,0.018880333333333332,0.017391866666666665,0.03627223333333334,0.010.050.055000.01.00.001
8.44e7,0.0500389,80.59426666666667,-5411.836666666667,0.0,-4768.973333333334,1163.33,-0.232622,12265.133333333333,12264.866666666669,-3.276710666666667e-5,0.018905933333333333,0.017369733333333335,0.0362757,0.010.050.055000.01.00.001
8.45e7,0.049984499999999994,80.77686666666666,-5412.006666666666,0.0,-4769.756666666667,1162.0666666666666,-0.232754,12279.6,12279.366666666667,-2.644172e-5,0.018877233333333333,0.017346766666666666,0.036224,0.010.050.055000.01.00.001
8.46e7,0.050004933333333335,80.9971,-5411.33,0.0,-4768.243333333333,1162.54,-0.232626,12289.933333333334,12289.700000000003,-1.6604933333333334e-5,0.0188947,0.017369366666666667,0.03626406666666667,0.010.050.055000.01.00.001
8.47e7,0.04999033333333333,80.68626666666667,-5411.42,0.0,-4768.503333333333,1162.1966666666665,-0.23266433333333333,12304.700000000003,12304.466666666667,-4.522256666666666e-5,0.018892166666666665,0.017380733333333332,0.0362729,0.010.050.055000.01.00.001
8.48e7,0.049987866666666665,80.99443333333333,-5411.876666666667,0.0,-4769.303333333333,1162.1433333333334,-0.23272033333333333,12317.933333333334,12317.733333333332,-1.986853666666667e-5,0.01887286666666667,0.01735786666666667,0.036230766666666664,0.010.050.055000.01.00.001
8.49e7,0.05002176666666667,80.95693333333334,-5411.986666666667,0.0,-4769.3966666666665,1162.93,-0.232675,12329.766666666668,12329.533333333335,-2.7149206666666667e-5,0.018883733333333333,0.017350599999999997,0.03623436666666666,0.010.050.055000.01.00.001
8.5e7,0.05001543333333333,80.56573333333333,-5412.743333333333,0.0,-4770.276666666667,1162.7833333333335,-0.23274166666666665,12343.633333333331,12343.4,-2.703716666666667e-5,0.018880933333333336,0.017370700000000003,0.03625166666666666,0.010.050.055000.01.00.001
8.51e7,0.04998763333333334,80.46393333333333,-5412.92,0.0,-4770.593333333333,1162.1366666666665,-0.23280366666666666,12357.200000000003,12357.0,-3.554836e-5,0.018875866666666668,0.0173735,0.03624936666666667,0.010.050.055000.01.00.001
8.52e7,0.050012100000000004,80.60113333333334,-5413.22,0.0,-4770.293333333334,1162.7066666666667,-0.23274766666666666,12368.533333333335,12368.333333333334,-3.453926666666666e-5,0.018880833333333333,0.0173982,0.036279,0.010.050.055000.01.00.001
8.53e7,0.050033466666666665,80.41503333333333,-5413.38,0.0,-4770.586666666667,1163.2033333333334,-0.23273433333333335,12380.900000000001,12380.700000000003,-5.399063333333333e-5,0.018898533333333332,0.017383933333333334,0.036282499999999995,0.010.050.055000.01.00.001
8.54e7,0.050016733333333334,80.68383333333334,-5413.446666666667,0.0,-4770.763333333333,1162.8166666666666,-0.23277099999999998,12393.300000000001,12393.1,-4.183669666666667e-5,0.018884833333333333,0.017373333333333334,0.03625813333333334,0.010.050.055000.01.00.001
8.55e7,0.05001446666666667,80.69426666666668,-5413.320000000001,0.0,-4770.44,1162.7633333333333,-0.23275333333333337,12404.5,12404.233333333332,-4.8353e-5,0.018889133333333332,0.017381066666666667,0.0362702,0.010.050.055000.01.00.001
8.56e7,0.0500022,81.01440000000001,-5413.56,0.0,-4770.68,1162.4733333333334,-0.23278766666666664,12417.5,12417.300000000001,-2.978577e-5,0.01888353333333333,0.0173659,0.03624943333333333,0.010.050.055000.01.00.001
8.57e7,0.05000696666666666,81.22393333333332,-5413.096666666667,0.0,-4769.956666666666,1162.5900000000001,-0.23273366666666664,12429.0,12428.766666666668,-1.7138321e-5,0.018891166666666667,0.017361433333333332,0.036252599999999996,0.010.050.055000.01.00.001
8.58e7,0.04999126666666667,81.40746666666666,-5413.406666666667,0.0,-4770.143333333333,1162.2233333333334,-0.23276933333333336,12441.533333333333,12441.299999999997,5.92042e-6,0.018873933333333332,0.017374533333333334,0.036248466666666666,0.010.050.055000.01.00.001
8.59e7,0.0500049,81.13676666666667,-5413.516666666666,0.0,-4770.123333333333,1162.54,-0.23274733333333333,12453.366666666667,12453.166666666666,-2.5395566666666668e-5,0.018900533333333334,0.017373966666666667,0.03627450000000001,0.010.050.055000.01.00.001
8.6e7,0.04998916666666667,80.7743,-5414.12,0.0,-4771.36,1162.1733333333332,-0.23285066666666665,12466.633333333331,12466.366666666667,-3.92296e-5,0.018892033333333332,0.017365066666666668,0.036257099999999994,0.010.050.055000.01.00.001
8.61e7,0.05002736666666666,80.91713333333333,-5414.11,0.0,-4770.723333333334,1163.0600000000002,-0.23275233333333334,12477.166666666666,12476.933333333334,-3.47228e-5,0.018909766666666664,0.017378466666666665,0.03628823333333333,0.010.050.055000.01.00.001
8.62e7,0.05002006666666667,81.07506666666667,-5414.216666666667,0.0,-4771.16,1162.8933333333334,-0.23279166666666665,12490.700000000003,12490.433333333334,-2.8901533333333334e-5,0.018899799999999998,0.017356933333333335,0.03625676666666667,0.010.050.055000.01.00.001
8.63e7,0.05003333333333334,81.24576666666667,-5414.003333333333,0.0,-4770.263333333333,1163.2,-0.23271366666666668,12501.533333333333,12501.300000000001,-2.2402499999999998e-5,0.01891116666666667,0.017379033333333332,0.036290166666666665,0.010.050.055000.01.00.001
8.64e7,0.050015533333333334,81.032,-5413.759999999999,0.0,-4770.426666666666,1162.7833333333335,-0.232751,12514.833333333334,12514.6,-2.6235543333333334e-5,0.01890246666666667,0.01737513333333333,0.0362776,0.010.050.055000.01.00.001
8.65e7,0.050009599999999994,80.7573,-5413.996666666667,0.0,-4771.293333333334,1162.6499999999999,-0.23281566666666664,12529.099999999999,12528.866666666669,-4.5576166666666666e-5,0.018883233333333332,0.017371266666666666,0.0362545,0.010.050.055000.01.00.001
8.66e7,0.05000656666666667,80.67546666666668,-5413.823333333334,0.0,-4771.05,1162.5766666666666,-0.23280466666666666,12542.433333333334,12542.166666666666,-4.7561233333333335e-5,0.01888366666666667,0.0173807,0.036264366666666666,0.010.050.055000.01.00.001
8.67e7,0.0500016,80.54393333333333,-5413.84,0.0,-4771.18,1162.4633333333334,-0.23282066666666665,12554.833333333334,12554.533333333335,-4.191051066666667e-5,0.018886266666666665,0.017379033333333335,0.0362653,0.010.050.055000.01.00.001
8.68e7,0.04999793333333333,80.72216666666667,-5413.78,0.0,-4771.156666666666,1162.38,-0.23282433333333333,12567.4,12567.200000000003,-3.680893333333333e-5,0.018877166666666667,0.017374733333333333,0.0362519,0.010.050.055000.01.00.001
8.69e7,0.04999903333333333,80.88056666666667,-5414.47,0.0,-4771.616666666667,1162.4066666666668,-0.23285266666666668,12580.833333333334,12580.566666666666,-1.8487e-5,0.0188816,0.017374499999999998,0.03625613333333333,0.010.050.055000.01.00.001
8.7e7,0.04999753333333334,81.13226666666667,-5414.636666666666,0.0,-4771.453333333334,1162.3666666666666,-0.23284400000000002,12593.966666666667,12593.700000000003,-1.5660366666666667e-5,0.018887133333333334,0.017374266666666666,0.0362614,0.010.050.055000.01.00.001
8.71e7,0.050016066666666664,80.77916666666667,-5414.963333333333,0.0,-4771.953333333334,1162.8000000000002,-0.23284833333333332,12605.866666666669,12605.666666666666,-4.600203333333334e-5,0.01890006666666667,0.017372733333333334,0.03627283333333334,0.010.050.055000.01.00.001
8.72e7,0.05001413333333333,80.9722,-5415.71,0.0,-4772.806666666666,1162.7533333333333,-0.23290666666666668,12618.633333333333,12618.4,-2.8073966666666666e-5,0.018889933333333334,0.0173637,0.036253633333333334,0.010.050.055000.01.00.001
8.73e7,0.04998433333333333,80.61056666666667,-5415.650000000001,0.0,-4773.143333333333,1162.0600000000002,-0.23297299999999999,12632.933333333334,12632.733333333332,-5.3097366666666664e-5,0.0188919,0.017359700000000002,0.036251599999999995,0.010.050.055000.01.00.001
8.74e7,0.05000116666666667,80.75076666666666,-5416.106666666667,0.0,-4773.583333333333,1162.45,-0.232976,12645.6,12645.4,-3.1077146666666666e-5,0.01888706666666667,0.0173561,0.03624316666666667,0.010.050.055000.01.00.001
8.75e7,0.0499937,80.9991,-5415.89,0.0,-4772.986666666667,1162.2766666666666,-0.232949,12657.633333333333,12657.433333333334,-1.756391333333333e-5,0.018876900000000002,0.017375,0.03625196666666666,0.010.050.055000.01.00.001
8.76e7,0.05002266666666667,81.11706666666667,-5415.973333333334,0.0,-4772.653333333333,1162.9533333333334,-0.232884,12670.666666666666,12670.4,-1.5146553333333335e-5,0.018896766666666665,0.017374133333333333,0.03627096666666667,0.010.050.055000.01.00.001
8.77e7,0.050006833333333334,80.87293333333334,-5416.853333333333,0.0,-4774.126666666666,1162.5833333333333,-0.23300266666666666,12684.133333333333,12683.833333333334,-2.767613333333333e-5,0.018873633333333334,0.017375033333333335,0.036248633333333335,0.010.050.055000.01.00.001
8.78e7,0.04999346666666666,80.75336666666666,-5416.8933333333325,0.0,-4774.046666666666,1162.2733333333333,-0.23301766666666668,12697.566666666666,12697.366666666667,-4.187769666666667e-5,0.0188967,0.0173675,0.0362642,0.010.050.055000.01.00.001
8.79e7,0.04998693333333334,81.14533333333334,-5417.47,0.0,-4774.243333333334,1162.1200000000001,-0.23304,12711.333333333334,12711.1,-2.1537933333333333e-5,0.018887233333333333,0.017376266666666668,0.03626346666666667,0.010.050.055000.01.00.001
8.8e7,0.05003396666666667,81.03376666666666,-5417.366666666666,0.0,-4773.66,1163.2133333333334,-0.23293166666666668,12721.733333333332,12721.533333333333,-3.041159e-5,0.018895433333333336,0.017406166666666664,0.036301599999999996,0.010.050.055000.01.00.001
8.81e7,0.05000143333333334,80.99983333333334,-5416.723333333333,0.0,-4773.426666666666,1162.4566666666667,-0.23296566666666665,12735.1,12734.9,-3.432996666666667e-5,0.018883333333333332,0.017393966666666667,0.03627726666666666,0.010.050.055000.01.00.001
8.82e7,0.0500046,80.9201,-5416.176666666666,0.0,-4773.383333333333,1162.5333333333335,-0.232958,12747.733333333332,12747.533333333335,-3.4311175466666666e-5,0.0189034,0.017346533333333334,0.03624996666666667,0.010.050.055000.01.00.001
8.83e7,0.049993733333333325,80.76666666666667,-5415.006666666667,0.0,-4772.566666666667,1162.2766666666666,-0.23292166666666667,12760.700000000003,12760.466666666667,-3.1436796666666666e-5,0.01887146666666667,0.017365566666666665,0.036237,0.010.050.055000.01.00.001
8.84e7,0.049989900000000004,80.86566666666668,-5414.163333333333,0.0,-4771.416666666667,1162.1899999999998,-0.23285333333333333,12772.966666666667,12772.766666666668,-4.191266666666666e-5,0.018881033333333335,0.0173696,0.03625063333333334,0.010.050.055000.01.00.001
8.85e7,0.04997546666666666,81.12426666666668,-5414.3966666666665,0.0,-4771.53,1161.8533333333332,-0.232882,12786.366666666669,12786.166666666666,-9.236533333333334e-6,0.0188773,0.017364133333333334,0.0362415,0.010.050.055000.01.00.001
8.86e7,0.04998346666666667,81.2326,-5414.953333333334,0.0,-4771.606666666667,1162.04,-0.23287533333333332,12798.133333333333,12797.9,-1.122955666666667e-5,0.0188923,0.017373200000000002,0.036265500000000006,0.010.050.055000.01.00.001
8.87e7,0.0500291,81.22053333333334,-5414.89,0.0,-4771.29,1163.1000000000001,-0.23278633333333332,12809.200000000003,12808.933333333334,-1.8398749999999997e-5,0.01891823333333333,0.01736436666666667,0.03628253333333333,0.010.050.055000.01.00.001
8.88e7,0.0499839,81.05726666666666,-5415.6033333333335,0.0,-4772.596666666667,1162.05,-0.23293866666666665,12823.966666666667,12823.733333333332,-2.3253269999999998e-5,0.018888366666666666,0.01736663333333333,0.036255,0.010.050.055000.01.00.001
8.89e7,0.04998246666666667,81.22383333333333,-5416.176666666666,0.0,-4773.079999999999,1162.0166666666667,-0.23297166666666666,12836.566666666666,12836.333333333334,-8.255533333333331e-6,0.018878766666666668,0.01737103333333333,0.0362498,0.010.050.055000.01.00.001
8.9e7,0.050007233333333324,81.16103333333334,-5416.47,0.0,-4773.266666666666,1162.5933333333332,-0.23294700000000002,12848.033333333333,12847.799999999997,-1.4185619999999998e-5,0.0188955,0.017365166666666668,0.03626063333333333,0.010.050.055000.01.00.001
8.91e7,0.050009366666666666,81.09773333333334,-5416.866666666668,0.0,-4773.766666666666,1162.6433333333334,-0.23297566666666666,12860.9,12860.633333333333,-2.0230373333333335e-5,0.018894233333333333,0.017363966666666664,0.0362582,0.010.050.055000.01.00.001
8.92e7,0.0500059,80.9936,-5417.236666666667,0.0,-4774.133333333334,1162.5600000000002,-0.23300466666666667,12873.066666666666,12872.800000000001,-2.394641666666667e-5,0.0188653,0.017399866666666666,0.03626516666666666,0.010.050.055000.01.00.001
8.93e7,0.050019633333333334,81.2008,-5416.963333333333,0.0,-4773.4366666666665,1162.8833333333332,-0.232939,12884.300000000001,12884.1,-1.2404453333333332e-5,0.018903666666666666,0.0173753,0.03627896666666667,0.010.050.055000.01.00.001
8.94e7,0.050009500000000005,81.20473333333334,-5417.509999999999,0.0,-4774.243333333333,1162.6466666666668,-0.23300633333333334,12898.5,12898.266666666668,-6.92634e-6,0.018891666666666664,0.017370533333333337,0.0362622,0.010.050.055000.01.00.001
8.95e7,0.049985100000000005,80.77759999999999,-5417.906666666667,0.0,-4775.0233333333335,1162.0800000000002,-0.2330933333333333,12912.1,12911.866666666667,-4.5567899999999994e-5,0.018887200000000003,0.017377766666666666,0.03626496666666667,0.010.050.055000.01.00.001
8.96e7,0.050011200000000006,80.95483333333334,-5417.753333333334,0.0,-4774.313333333334,1162.6866666666665,-0.23300866666666664,12923.766666666668,12923.533333333333,-3.9654649999999995e-5,0.018905166666666667,0.017384300000000002,0.036289433333333336,0.010.050.055000.01.00.001
8.97e7,0.049970466666666664,80.94313333333334,-5418.296666666666,0.0,-4775.493333333333,1161.7366666666667,-0.2331456666666667,12938.733333333332,12938.533333333335,-2.3230799999999998e-5,0.0188841,0.017365000000000002,0.0362491,0.010.050.055000.01.00.001
8.98e7,0.05002126666666667,80.96326666666666,-5418.526666666666,0.0,-4775.536666666667,1162.92,-0.23307200000000003,12950.5,12950.300000000001,-3.1000913333333335e-5,0.018882333333333334,0.017377433333333334,0.0362598,0.010.050.055000.01.00.001
8.99e7,0.050030233333333334,80.95883333333333,-5418.53,0.0,-4775.48,1163.1266666666668,-0.23305499999999998,12963.0,12962.733333333332,-4.372713333333333e-5,0.018906366666666664,0.0173578,0.03626423333333334,0.010.050.055000.01.00.001
9.0e7,0.050015,80.7758,-5417.716666666666,0.0,-4774.59,1162.7766666666666,-0.23302066666666665,12975.866666666667,12975.6,-4.518746666666666e-5,0.018905933333333333,0.017374933333333332,0.03628086666666666,0.010.050.055000.01.00.001
9.01e7,0.0499953,80.92006666666667,-5417.613333333334,0.0,-4774.783333333334,1162.3166666666668,-0.23306233333333334,12989.966666666665,12989.733333333332,-3.39337e-5,0.01887243333333333,0.01737983333333333,0.036252266666666665,0.010.050.055000.01.00.001
9.02e7,0.049968700000000005,80.83003333333333,-5417.82,0.0,-4775.306666666666,1161.7,-0.23313599999999998,13003.1,13002.866666666667,-4.6339166666666665e-5,0.018881766666666668,0.0173561,0.036237899999999997,0.010.050.055000.01.00.001
9.03e7,0.05002646666666666,80.88073333333334,-5418.776666666667,0.0,-4775.5199999999995,1163.04,-0.23306333333333332,13013.733333333332,13013.533333333333,-3.2647199999999995e-5,0.018910133333333332,0.017372133333333335,0.03628226666666667,0.010.050.055000.01.00.001
9.04e7,0.0499904,81.00973333333333,-5418.996666666667,0.0,-4776.196666666667,1162.2033333333336,-0.23316133333333333,13028.300000000001,13028.1,-2.8440503333333335e-5,0.018896299999999998,0.0173483,0.0362446,0.010.050.055000.01.00.001
9.05e7,0.050012,81.16356666666667,-5419.96,0.0,-4776.693333333333,1162.7066666666667,-0.23316066666666665,13040.266666666668,13040.0,-1.540045e-5,0.0189003,0.017364233333333336,0.036264533333333335,0.010.050.055000.01.00.001
9.06e7,0.04997006666666667,81.31856666666665,-5419.9366666666665,0.0,-4776.7,1161.73,-0.233224,13054.166666666666,13053.966666666665,-2.1060980000000002e-5,0.018891433333333332,0.0173611,0.03625253333333333,0.010.050.055000.01.00.001
9.07e7,0.050022466666666675,81.3782,-5419.7733333333335,0.0,-4775.98,1162.9466666666665,-0.23309866666666668,13064.333333333334,13064.1,-2.9419666666666665e-5,0.018911566666666667,0.017373333333333334,0.036284866666666665,0.010.050.055000.01.00.001
9.08e7,0.050034233333333324,81.04936666666667,-5421.179999999999,0.0,-4777.403333333333,1163.22,-0.233173,13077.633333333333,13077.4,-3.98581e-5,0.018915,0.01738996666666667,0.03630496666666667,0.010.050.055000.01.00.001
9.09e7,0.0499978,81.5236,-5421.44,0.0,-4777.990000000001,1162.3766666666668,-0.23326533333333335,13091.933333333332,13091.666666666666,-1.8587936666666667e-5,0.018898733333333334,0.0173548,0.036253566666666674,0.010.050.055000.01.00.001
9.1e7,0.049998999999999995,81.12713333333333,-5420.926666666667,0.0,-4777.473333333332,1162.4033333333334,-0.23323033333333335,13104.533333333333,13104.233333333332,-4.122212e-5,0.018895433333333333,0.017383666666666665,0.036279066666666665,0.010.050.055000.01.00.001
9.11e7,0.04999916666666667,81.31533333333333,-5420.96,0.0,-4777.516666666667,1162.4066666666668,-0.23323300000000002,13116.699999999999,13116.466666666667,-2.58478e-5,0.018894699999999997,0.017371533333333335,0.036266233333333335,0.010.050.055000.01.00.001
9.12e7,0.04998363333333333,81.20263333333334,-5421.003333333333,0.0,-4777.716666666666,1162.0466666666666,-0.23326933333333333,13129.133333333333,13128.933333333334,-2.4814046666666665e-5,0.0189003,0.0173633,0.0362636,0.010.050.055000.01.00.001
9.13e7,0.05000659999999999,81.30326666666666,-5421.026666666668,0.0,-4777.57,1162.5800000000002,-0.23322500000000002,13142.0,13141.766666666665,-2.4439566666666665e-5,0.018903133333333332,0.01736503333333333,0.036268166666666664,0.010.050.055000.01.00.001
9.14e7,0.05002326666666667,81.27743333333333,-5421.08,0.0,-4777.443333333333,1162.9666666666665,-0.23319233333333333,13155.800000000001,13155.566666666666,-2.731806666666667e-5,0.018903133333333336,0.017378099999999997,0.03628123333333333,0.010.050.055000.01.00.001
9.15e7,0.04998423333333333,81.07113333333332,-5421.92,0.0,-4778.933333333333,1162.0566666666666,-0.23334633333333332,13170.933333333334,13170.666666666666,-3.403153333333333e-5,0.018885333333333334,0.0173673,0.03625263333333333,0.010.050.055000.01.00.001
9.16e7,0.05001863333333333,80.9799,-5422.383333333334,0.0,-4778.876666666666,1162.86,-0.23329133333333332,13182.366666666669,13182.166666666666,-4.2443699999999995e-5,0.018903899999999998,0.017388133333333333,0.036292033333333334,0.010.050.055000.01.00.001
9.17e7,0.05004356666666667,81.3757,-5423.593333333333,0.0,-4779.16,1163.4366666666667,-0.233272,13194.166666666666,13193.933333333334,-2.1295409999999997e-5,0.018919599999999998,0.0174067,0.0363263,0.010.050.055000.01.00.001
9.18e7,0.05000026666666666,80.90839999999999,-5425.493333333333,0.0,-4782.3966666666665,1162.43,-0.233546,13210.800000000001,13210.533333333333,-5.3475533333333326e-5,0.018907,0.017363133333333333,0.036270133333333336,0.010.050.055000.01.00.001
9.19e7,0.05001053333333333,81.31349999999999,-5424.98,0.0,-4781.55,1162.6699999999998,-0.23347600000000002,13222.699999999999,13222.433333333334,-3.79071e-5,0.018916733333333335,0.0173488,0.03626553333333333,0.010.050.055000.01.00.001
9.2e7,0.050021866666666664,81.09096666666666,-5424.933333333333,0.0,-4781.299999999999,1162.93,-0.23344299999999998,13234.966666666667,13234.733333333332,-3.595607666666667e-5,0.018908266666666663,0.017384533333333334,0.03629283333333333,0.010.050.055000.01.00.001
9.21e7,0.04997563333333333,81.4212,-5424.663333333334,0.0,-4781.13,1161.8566666666666,-0.2335016666666667,13248.566666666666,13248.333333333334,-2.0547999999999997e-5,0.018900033333333333,0.0173652,0.036265233333333334,0.010.050.055000.01.00.001
9.22e7,0.0499987,81.39903333333332,-5424.466666666666,0.0,-4780.95,1162.3933333333332,-0.233455,13260.633333333333,13260.366666666667,-2.4445506666666668e-5,0.018897166666666666,0.0173686,0.036265733333333335,0.010.050.055000.01.00.001
9.23e7,0.05001630000000001,81.21046666666666,-5424.0233333333335,0.0,-4780.639999999999,1162.8033333333333,-0.23340899999999998,13272.566666666666,13272.300000000001,-2.6133133333333332e-5,0.018896466666666667,0.01737256666666667,0.03626903333333333,0.010.050.055000.01.00.001
9.24e7,0.050028899999999994,81.23366666666666,-5423.596666666667,0.0,-4779.6033333333335,1163.1000000000001,-0.23332299999999997,13283.866666666667,13283.633333333331,-3.2453099999999996e-5,0.018918133333333333,0.017389133333333334,0.036307233333333334,0.010.050.055000.01.00.001
9.25e7,0.05001206666666667,80.96773333333334,-5423.9766666666665,0.0,-4780.67,1162.7033333333334,-0.23341699999999999,13297.666666666666,13297.433333333334,-4.3019866666666664e-5,0.0189004,0.017379533333333336,0.03627993333333333,0.010.050.055000.01.00.001
9.26e7,0.05001696666666666,81.4295,-5423.813333333333,0.0,-4779.9766666666665,1162.82,-0.2333653333333333,13310.266666666668,13310.033333333335,-2.3989266666666667e-5,0.018908733333333334,0.017375533333333335,0.03628423333333333,0.010.050.055000.01.00.001
9.27e7,0.04999493333333333,81.4636,-5423.826666666667,0.0,-4780.0633333333335,1162.3066666666666,-0.23340366666666665,13323.466666666665,13323.233333333335,-2.3787833333333333e-5,0.018910333333333335,0.017367200000000003,0.036277533333333334,0.010.050.055000.01.00.001
9.28e7,0.05002036666666667,81.22930000000001,-5423.389999999999,0.0,-4779.52,1162.8966666666668,-0.23333033333333333,13335.033333333333,13334.766666666665,-3.287856666666666e-5,0.01890906666666667,0.017390366666666667,0.03629946666666667,0.010.050.055000.01.00.001
9.29e7,0.04998566666666667,81.19186666666667,-5423.383333333333,0.0,-4780.169999999999,1162.0933333333335,-0.23342433333333334,13349.033333333335,13348.766666666668,-4.638117000000001e-5,0.018897133333333333,0.017362366666666667,0.03625953333333334,0.010.050.055000.01.00.001
9.3e7,0.04998216666666666,81.19926666666667,-5423.356666666667,0.0,-4780.11,1162.01,-0.23342566666666664,13362.0,13361.800000000001,-2.248231e-5,0.018898833333333333,0.017362533333333333,0.03626136666666667,0.010.050.055000.01.00.001
9.31e7,0.05001646666666667,81.6589,-5423.2,0.0,-4779.150000000001,1162.8066666666666,-0.23331266666666664,13372.833333333334,13372.633333333333,-5.251233333333332e-6,0.018907233333333332,0.017376166666666668,0.03628343333333333,0.010.050.055000.01.00.001
9.32e7,0.0500119,81.3534,-5423.683333333333,0.0,-4779.716666666667,1162.7,-0.23335566666666666,13386.333333333334,13386.133333333333,-2.0195799999999997e-5,0.018901933333333332,0.017395566666666668,0.03629746666666667,0.010.050.055000.01.00.001
9.33e7,0.05002783333333333,81.19656666666667,-5423.43,0.0,-4779.493333333334,1163.0733333333335,-0.23331733333333335,13397.9,13397.666666666666,-2.604476666666667e-5,0.018897733333333333,0.017408066666666666,0.03630576666666666,0.010.050.055000.01.00.001
9.34e7,0.0500043,81.2704,-5422.626666666667,0.0,-4778.933333333333,1162.5233333333333,-0.2333166666666667,13409.266666666665,13409.066666666668,-2.346816666666667e-5,0.018901833333333333,0.017383366666666667,0.03628516666666667,0.010.050.055000.01.00.001
9.35e7,0.050012100000000004,81.34793333333334,-5423.0,0.0,-4779.316666666667,1162.7066666666667,-0.23333,13422.566666666666,13422.366666666667,-1.61928e-5,0.018893366666666665,0.017386299999999997,0.03627966666666666,0.010.050.055000.01.00.001
9.36e7,0.05002373333333333,81.09413333333333,-5422.91,0.0,-4779.046666666666,1162.9733333333334,-0.233295,13435.833333333334,13435.566666666666,-4.9399200000000006e-5,0.0189015,0.01740623333333333,0.036307733333333335,0.010.050.055000.01.00.001
9.37e7,0.050006833333333334,81.43703333333333,-5423.933333333333,0.0,-4780.22,1162.5866666666668,-0.23339600000000002,13449.433333333334,13449.200000000003,-9.104733333333333e-6,0.01889623333333333,0.017379566666666665,0.036275766666666674,0.010.050.055000.01.00.001
9.38e7,0.050026133333333334,81.60026666666667,-5424.943333333334,0.0,-4781.253333333333,1163.03,-0.23343366666666665,13462.1,13461.9,-9.113136666666666e-6,0.01889796666666667,0.017365666666666668,0.036263666666666666,0.010.050.055000.01.00.001
9.39e7,0.050048100000000005,81.22403333333334,-5425.33,0.0,-4781.423333333333,1163.5466666666666,-0.23341133333333333,13474.866666666667,13474.633333333333,-4.1028599999999995e-5,0.018917,0.017384999999999998,0.03630203333333334,0.010.050.055000.01.00.001
9.4e7,0.049956433333333335,81.36793333333334,-5426.3566666666675,0.0,-4783.246666666667,1161.4133333333332,-0.23366699999999999,13491.199999999999,13490.966666666665,-3.0055046666666665e-5,0.01888786666666667,0.017353466666666668,0.0362413,0.010.050.055000.01.00.001
9.41e7,0.04998193333333333,81.04383333333334,-5427.3099999999995,0.0,-4784.453333333334,1162.0033333333333,-0.23370633333333335,13505.566666666666,13505.333333333334,-5.697633333333333e-5,0.0189011,0.017345033333333332,0.03624613333333333,0.010.050.055000.01.00.001
9.42e7,0.05000243333333334,81.33263333333333,-5427.503333333333,0.0,-4784.236666666667,1162.48,-0.23366166666666666,13518.266666666668,13518.066666666666,-2.619423e-5,0.018904566666666667,0.017349066666666666,0.036253633333333334,0.010.050.055000.01.00.001
9.43e7,0.04998933333333333,81.33666666666666,-5427.2733333333335,0.0,-4783.719999999999,1162.1733333333334,-0.23364766666666667,13531.766666666668,13531.5,-4.189453333333334e-5,0.018909966666666667,0.017362066666666665,0.036272066666666665,0.010.050.055000.01.00.001
9.44e7,0.04999596666666667,81.44096666666667,-5426.8533333333335,0.0,-4783.286666666667,1162.33,-0.23361,13544.533333333333,13544.300000000001,-3.4407180000000004e-5,0.018898833333333333,0.017367233333333332,0.03626603333333333,0.010.050.055000.01.00.001
9.45e7,0.0499824,81.33426666666666,-5426.900000000001,0.0,-4783.356666666667,1162.0133333333333,-0.233635,13557.966666666667,13557.766666666668,-2.9401226666666666e-5,0.0189068,0.01736436666666667,0.036271199999999996,0.010.050.055000.01.00.001
9.46e7,0.05000026666666666,81.29046666666666,-5426.923333333333,0.0,-4783.433333333333,1162.4333333333334,-0.2336133333333333,13570.966666666667,13570.766666666668,-3.215463333333333e-5,0.018906866666666664,0.017364066666666667,0.03627093333333333,0.010.050.055000.01.00.001
9.47e7,0.04999283333333334,81.24256666666666,-5426.406666666666,0.0,-4782.633333333333,1162.26,-0.23357266666666665,13583.466666666665,13583.233333333332,-2.8131433333333337e-5,0.018900966666666668,0.0173912,0.036292200000000004,0.010.050.055000.01.00.001
9.48e7,0.05000633333333334,81.5128,-5426.466666666666,0.0,-4782.616666666666,1162.5733333333335,-0.23355099999999998,13596.133333333333,13595.9,-1.7539e-5,0.0189057,0.0173743,0.03627993333333334,0.010.050.055000.01.00.001
9.49e7,0.05003086666666667,81.78233333333334,-5426.27,0.0,-4781.763333333333,1163.1433333333334,-0.23345933333333335,13606.700000000003,13606.5,-9.02606e-6,0.018929666666666664,0.017375266666666667,0.03630493333333334,0.010.050.055000.01.00.001
9.5e7,0.05002153333333333,81.67473333333334,-5426.566666666667,0.0,-4782.436666666667,1162.9233333333334,-0.23351666666666668,13620.533333333333,13620.266666666668,-1.59243e-5,0.018922599999999998,0.017364900000000003,0.036287466666666664,0.010.050.055000.01.00.001
9.51e7,0.04999226666666667,81.6516,-5427.393333333333,0.0,-4783.463333333333,1162.2466666666667,-0.233627,13636.233333333332,13636.0,-1.4328799999999999e-5,0.0189034,0.0173725,0.0362759,0.010.050.055000.01.00.001
9.52e7,0.050005600000000004,81.72983333333333,-5426.993333333333,0.0,-4782.986666666667,1162.5533333333333,-0.233576,13649.0,13648.766666666668,-1.67076e-5,0.018913266666666668,0.017362466666666663,0.0362757,0.010.050.055000.01.00.001
9.53e7,0.049985966666666666,81.35333333333334,-5427.1466666666665,0.0,-4783.716666666667,1162.1000000000001,-0.23365266666666665,13663.133333333333,13662.866666666667,-3.5771633333333335e-5,0.018902233333333334,0.017360633333333333,0.03626286666666667,0.010.050.055000.01.00.001
9.54e7,0.05000833333333333,81.52983333333334,-5427.413333333333,0.0,-4783.783333333333,1162.62,-0.23362333333333332,13676.233333333332,13676.0,-2.7481e-5,0.0189051,0.017359366666666667,0.03626446666666667,0.010.050.055000.01.00.001
9.55e7,0.050004233333333335,81.45646666666667,-5427.766666666667,0.0,-4784.026666666666,1162.5233333333333,-0.23364566666666667,13689.400000000001,13689.133333333331,-1.8413343333333333e-5,0.018903066666666666,0.017373333333333334,0.036276366666666664,0.010.050.055000.01.00.001
