Sq,lambda_f,lambda_o,timeStep
"[0.9316675034261153, 1.0346972851046174, 0.8484768791949302, 0.7843394046209707, 0.696093448517393, 0.7906038913938923, 0.7649822653840589, 0.9047923563707146, 0.8613961090982404, 1.1581774383780956, 1.3428377072520554, 1.350982261544217, 1.0091974474243364, 2.268687220977632, 1.4349509449113358, 0.8219676146627033, 2.5074873727736953, 4.117185151846689, 3.5908147939331445, 1.8378800909832869, 0.9995297889492769, 2.230046230365575, 5.126734859924264, 8.39645425894164, 10.746455982510177, 11.43607617312535, 10.411008861769579, 8.162266695510631, 5.476361630458706, 3.191523782370585, 2.0163524772762838, 2.425772371276673, 4.626090827182385, 8.571256145171978, 14.010787937271187, 20.552384526236473, 27.726402183934383, 35.043781020619036, 42.042800186037375, 48.32297262883097, 53.56640326021138, 57.54814751598125, 60.13769472345355, 61.29384463336625, 61.055106674296546, 59.52745692240226, 56.87092918536959, 53.28615455956467, 49.00163417743596, 44.26225039032592, 39.31929789933941, 34.42214638221088, 29.811523879614885, 25.714327741619673, 22.339819155225307, 19.87703061962, 18.493206657646816, 18.333101154646254, 19.518965734748225, 22.151079272238537, 26.308686608080457, 32.05123311821165, 39.419799832064534, 48.43866061799867]",51.245304,1,0
"[1.088588623394218, 0.9410394305359175, 0.8274972159737441, 0.9056044429536185, 0.9182612157528123, 0.9133384006441102, 0.9050900907255036, 0.9494171206886702, 0.8205892446991829, 1.3201630433177274, 1.5163142224320831, 1.4970094708780182, 1.0063152354265699, 2.464522851002325, 1.447091619903059, 0.8727504006118499, 2.9685160721131, 4.798872977185301, 4.074151523359532, 1.9669110448780567, 0.9428819353394418, 2.262768416074738, 5.4261937892302985, 8.974138372807042, 11.49001240989501, 12.191834341491052, 11.054516826927662, 8.635492395282704, 5.792722827295938, 3.419899265732438, 2.25633446978591, 2.783304243998172, 5.1945727988687675, 9.419840548825514, 15.179423909696876, 22.052107294484614, 29.54307540763414, 37.14366473889775, 44.37868065006159, 50.83999312211854, 56.20709135105747, 60.256409979798434, 62.86174297517797, 63.98813233751379, 63.68142398924853, 62.055349250931364, 59.27760645380393, 55.556040730077854, 51.12568354539566, 46.23713223746641, 41.146527272542755, 36.107217739152084, 31.363086736308748, 27.14342933830865, 23.659228260939162, 21.100648497241828, 19.63556543402095, 19.4089459200239, 20.542914214638557, 23.137351515052515, 27.270896519699413, 33.002233615183236, 40.3715736964014, 49.40224968069111]",51.245304,1,100000
"[1.0360428957926429, 0.9272666676779685, 0.857370923301666, 1.0301079849030472, 1.0929684994379383, 1.0427548196699012, 1.0433662189357915, 1.19109961304523, 1.0133656283928059, 1.3347344565188055, 1.497289631655825, 1.3534967008312888, 1.1206175216474574, 2.7882786310258476, 1.684100816600932, 0.9507656481359933, 3.083739436527738, 5.121715984573356, 4.5224106550703915, 2.311879497476534, 1.0541214223810826, 2.209325967525518, 5.392810725562131, 9.119171352703544, 11.858586692725657, 12.71330994795704, 11.594516426950884, 9.059899967359136, 6.014871969749089, 3.421072274739168, 2.082843019187171, 2.5289818263848267, 4.977690120089021, 9.361080055833748, 15.384640155035187, 22.601189029307726, 30.484634273877354, 38.494443560224795, 46.12629752349911, 52.9477003602618, 58.619459516113565, 62.9051316155954, 65.67102151841851, 66.87934741546663, 66.57693538664476, 64.88142104061417, 61.966508548679194, 58.047427442958764, 53.367367094731215, 48.18537145111179, 42.76594418711721, 37.37044187455136, 32.25021165207101, 27.641350667590682, 23.760917978549625, 20.804407351890553, 18.94428452202933, 18.329399317130814, 19.085097291438384, 21.313873843831367, 25.09643391122335, 30.493040577826726, 37.54505527666862, 46.27659003686522]",51.245304,1,200000
"[0.9876557797165048, 0.8785916394864728, 1.0557019472170153, 1.0985919463219376, 1.1244866399604037, 1.1085434484361443, 1.1060656879637425, 1.215663874783114, 1.0916030359237379, 1.615325564441534, 1.4166992427912612, 1.51747237718576, 1.3638780309586713, 2.6138619925830113, 1.7492229729674726, 1.044786304594021, 2.681599919847298, 4.3447555473081465, 3.8778917070041, 2.087185739721929, 1.113223045661756, 2.1840746786532184, 4.967126583186304, 8.192937554161139, 10.552004554823343, 11.273766529373495, 10.283434762076615, 8.069040071165038, 5.427998523558808, 3.214837772899772, 2.151959531548506, 2.7208837439605955, 5.126014147359623, 9.312082509324801, 15.01452683792937, 21.824809246196942, 29.257241906539246, 36.80861172080754, 44.00594345076803, 50.4408052862556, 55.79063055728262, 59.82874737132786, 62.425373519390135, 63.54194612259448, 63.220984782450145, 61.57336527871431, 58.7645014791026, 55.0005565046871, 50.51546519798483, 45.559265120207954, 40.38800707296302, 35.2553455634346, 30.405787885910126, 26.069499189179407, 22.458511543021032, 19.764159824093344, 18.155559531200527, 17.77894594975088, 18.757706125598943, 21.1929516322221, 25.16449875325874, 30.732141795448115, 37.9371236896897, 46.80372514426124]",51.245304,1,300000
"[1.1515724334153334, 0.8858759092421981, 0.9343425725337123, 1.2087942763853605, 1.19751702015842, 1.4908231942640924, 1.2905641290717487, 1.4215349568321975, 1.307456188694105, 1.902282984925277, 1.9384599800194966, 2.0598921603500027, 1.570293458907444, 3.198434509211958, 2.0685653413971705, 1.2003943364701182, 3.298923555311061, 5.3513858946088915, 4.705803831331453, 2.433266383885462, 1.2047357803370773, 2.518685577843573, 5.940398319755662, 9.899288905337398, 12.798591231799259, 13.713158941907016, 12.560027194694712, 9.918896538497396, 6.718372010124145, 3.936719749676188, 2.3871588491110733, 2.602145636901504, 4.801825963116158, 8.921327159947491, 14.671659884861304, 21.613836362130446, 29.23192387264576, 36.99639620723992, 44.41362054335446, 51.06049012611628, 56.60522459717691, 60.81645384535091, 63.563134805762736, 64.80784999457738, 64.59578102723214, 63.04127082441526, 60.313473066433716, 56.62219128997524, 52.20466243685159, 47.313753070321056, 42.20781229466517, 37.14225870834032, 32.36286141372341, 28.100598093255954, 24.567927586563187, 21.956292345270253, 20.434660913637288, 20.14892678208865, 21.221993387247895, 23.754392534933864, 27.825302822371665, 33.49385415110578, 40.80062311175169, 49.76924125081947]",51.245304,1,400000
"[1.1324649610870428, 0.8690932046452999, 1.079764880784525, 1.226129713545694, 1.3419831527443904, 1.510795046895474, 1.526330488710427, 1.803409301730639, 1.454707294621567, 2.074622168282295, 2.361253762066771, 2.536450961444443, 1.9730291596710603, 3.837671750101629, 2.6605034828477794, 1.4831878980938473, 3.4745931633557987, 5.659814400347551, 5.141851429929411, 2.8532602081269265, 1.5062756273440852, 2.70578180335533, 6.09087083346351, 10.103772421383677, 13.113996718043458, 14.143429398745386, 13.061054378764164, 10.418252935776815, 7.1396176024866405, 4.22022858740895, 2.50299282211752, 2.553995092442103, 4.623499741855404, 8.668449516101653, 14.411345295595186, 21.414584410820662, 29.155199657716853, 37.090609126469886, 44.71062556113888, 51.57435036599099, 57.33277291397157, 61.73912909692871, 64.64959721231607, 66.01695781271954, 65.87960738676222, 64.34793537367936, 61.589647168936466, 57.81520325935303, 53.26418001893709, 48.193055648067094, 42.86468769712498, 37.53957189732132, 32.46884736909148, 27.888931198547606, 24.017616553326846, 21.051444589993782, 19.164154313379463, 18.50602056804816, 19.20390402956274, 21.36185508573892, 25.06213344697649, 30.366525530366726, 37.31786102667173, 45.94164791344992]",51.245304,1,500000
"[1.119785589469857, 0.8793165839035131, 1.040247335000287, 1.2067987558937634, 1.4605186702174393, 1.5301748612507227, 1.6922714964309413, 1.961797367261156, 1.7092150843276628, 2.237250112126178, 2.5198560550145794, 2.6738872086346115, 2.1384328651716205, 3.8333377780199864, 2.6492531022252446, 1.7602786398218835, 3.967010940414157, 6.1130584440059845, 5.430071706627657, 3.015335569375339, 1.6369840383118004, 2.8718747997213, 6.3092787207815295, 10.355633568892241, 13.368089795209873, 14.375791161331348, 13.266054154002772, 10.610685176631902, 7.3498180300843, 4.485419493561294, 2.858075319143045, 3.0241600423576243, 5.219856887798173, 9.386824767604093, 15.233696755111268, 22.312166798918167, 30.09257956545005, 38.029782037032994, 45.614706363011635, 52.410531229104066, 58.07442745836445, 62.367075748019516, 65.15261865645799, 66.39171620786976, 66.13010747904957, 64.48468038357439, 61.62861379287837, 57.776738679666664, 53.17189964556864, 48.07279797213265, 42.7435634255538, 37.445128927256185, 32.42836109279982, 27.928820754017668, 24.16298146803881, 21.32571228874409, 19.58882668597805, 19.100506787732765, 19.985426716582833, 22.345417431724755, 26.26053582806915, 31.79042127021385, 38.975842200206934, 47.84035332190129]",51.245304,1,600000
"[1.351268156172471, 0.8539780758005802, 1.0705864961135036, 1.24955989417495, 1.4059259216062934, 1.5839808415547751, 1.7763394801530368, 2.1771666921251893, 1.825016261244718, 2.313658586669192, 2.432511675132187, 2.4533514347239143, 2.0865506884770433, 3.207489861985426, 2.371663982669878, 2.033624517825068, 4.046755731864453, 5.73507966259669, 4.993437885154067, 2.9127557965142925, 1.8528853138386876, 3.0836024085958598, 6.178756511201257, 9.729181231459284, 12.309662040429798, 13.090120163290429, 11.992873364112002, 9.54277768890233, 6.592461197434373, 4.052203255363085, 2.6894142573313684, 3.0150278534796797, 5.247193589571079, 9.33145398003125, 14.994999235526329, 21.81586986066709, 29.2930448332874, 36.90845899864559, 44.17628866965985, 50.67803971405374, 56.084091861717134, 60.16357101906301, 62.78496132689783, 63.90994576047768, 63.58275834622758, 61.91697914021924, 59.08130004331547, 55.28539571460534, 50.76668328192753, 45.77846261901635, 40.57969891366366, 35.426537147036925, 30.565516311319627, 26.228370721295004, 22.62825770243006, 19.95722719347791, 18.384742524696648, 18.05706725763329, 19.09734615842187, 21.606225859882507, 25.662880183651932, 31.326324798810383, 38.63692480430616, 47.61801627603957]",51.245304,1,700000
"[1.1323159846576523, 0.9111246724333912, 1.1128247893711907, 1.1700121990934662, 1.6503672883307317, 1.887062797714, 1.7007477115460006, 2.2963147314553254, 2.177393761490387, 2.9162472047579038, 2.618824269642981, 2.373998807867741, 2.426366718909216, 3.9634731682060274, 2.6153286537150087, 2.4324222315785717, 5.485217404914187, 7.791342617234784, 6.614755743787613, 3.5727304008690393, 1.8481386560096267, 3.113928764531241, 6.824642948203861, 11.183436212739489, 14.38960600997713, 15.403678466035409, 14.12763326627714, 11.201879962639033, 7.6557605845047165, 4.5743524840549625, 2.8589540690002324, 3.097869706931008, 5.531447719511464, 10.083180525167124, 16.42846017316845, 24.077900219917726, 32.45905603652509, 40.9868363519136, 49.11803214610453, 56.389010526504904, 62.43788717093337, 67.01369057573442, 69.97547193684542, 71.28426528609847, 70.99047429183159, 69.21880611658878, 66.15238866713605, 62.01725510426012, 57.06798929288022, 51.57500926226433, 45.81372202818639, 40.05560500545327, 34.56114643109115, 29.574498761052663, 25.319654574209363, 21.99793510319436, 19.786579650475584, 18.838233919022827, 19.281152163781943, 21.219948714821406, 24.736756465928348, 29.892671755600254, 36.72938566281765, 45.27092049817169]",51.245304,1,800000
"[1.0641572844829779, 0.8070700862683136, 1.166964419119831, 1.319767631429867, 1.5623614396984054, 1.6875727355702759, 1.9309058588246342, 2.1862460978034584, 1.9385426141257747, 3.023528873936284, 2.604225642067535, 2.5927204239866866, 2.560384617580036, 3.9499405674907937, 2.727264889459373, 2.4228724581745302, 5.2534447398425215, 7.578425469717759, 6.630291358354186, 3.805667926136557, 2.1356165057924255, 3.2747684617265698, 6.754967075576992, 10.893700192339555, 13.988328463268799, 15.045042882188774, 13.947892205920763, 11.268016734432338, 7.940060600767048, 4.9566915431675715, 3.150064358414633, 3.073367672262501, 4.967043496237908, 8.784302154584003, 14.250818817339134, 20.938275492396873, 28.337407680369566, 35.92177406308023, 43.19791350897862, 49.740742249589026, 55.21509457925109, 59.38544893615411, 62.11635374072634, 63.36609555753635, 63.17591487342967, 61.656704669505054, 58.9747148544302, 55.33738843593635, 50.98010451348434, 46.15431251172329, 41.11731380343462, 36.12377651534247, 31.418948995862046, 27.233458084310545, 23.77953104593165, 21.248456808600235, 19.80909615816036, 19.607256314847177, 20.765758533748333, 23.385044823954573, 27.544189228600363, 33.302198728533995, 40.69950765559483, 49.759586872679975]",51.245304,1,900000
"[1.2287666658835115, 0.8305320947668513, 1.0571449840148146, 1.3561447753542608, 1.5836925326663953, 1.9935831045729173, 2.1020995454443745, 2.026620620149546, 2.0880469875556487, 2.8812363525300824, 2.7116316830924623, 2.8830627504153776, 2.904966343854438, 4.245065115464966, 2.9302196540646306, 2.78566308829286, 5.934209490090496, 8.417145922625277, 7.315242500527164, 4.143025166431039, 2.180816816835454, 3.2620991737967087, 6.925953182624402, 11.361574663939063, 14.705311560775415, 15.856987367030861, 14.683293752869545, 11.813935638958146, 8.281487073883422, 5.178173989139106, 3.410910157057867, 3.57086792399162, 5.899665960485438, 10.322236779782584, 16.51692930841507, 23.999394978195213, 32.20415491494349, 40.55439101542953, 48.5156586345244, 55.6327811870496, 61.55137105560073, 66.02654731458179, 68.92180823446563, 70.200935549809, 69.91546477642473, 68.18979724647077, 65.2055498640853, 61.18629379722189, 56.38345164567656, 51.06381392489299, 45.49889860657151, 39.95620445234143, 34.6922897542456, 29.94753209505031, 25.942381790785667, 22.87490300978098, 20.919394929997285, 20.225894953685582, 20.920382553365496, 23.10552253601179, 26.861808082027547, 32.248985279118656, 39.30766102813595, 48.06101456378833]",51.245304,1,1000000
"[1.1482588015303004, 0.8190972517054816, 1.104386878459077, 1.4208551548951434, 1.5408053758729259, 1.8144336940111385, 1.8550900577166825, 2.0529570969480284, 2.3275466530961473, 2.856396105698589, 2.7248473315136486, 2.5233226829310476, 2.5822428048594914, 3.716091951080585, 2.9601832015844067, 2.739129810550555, 4.528632744648237, 5.970761400940097, 5.33275196456116, 3.5921465185476036, 2.760100987505301, 3.9075804133201286, 6.656943932656836, 9.775688450407946, 12.001909290118606, 12.588276538284335, 11.462702931988654, 9.112921418000406, 6.345169001812446, 4.033300712019364, 2.9235309617940155, 3.51768702280463, 6.030935391974077, 10.406688505335303, 16.367709941954534, 23.48432164428621, 31.245037869059445, 39.119925491685315, 46.6114189814661, 53.29073150574502, 58.82032628052654, 62.96427938771726, 65.58899531297784, 66.65685558351221, 66.21518440145658, 64.38255342574767, 61.33402621795274, 57.28652843952529, 52.48516044883819, 47.19096160494353, 41.670394022844526, 36.186633513584376, 30.99262874143295, 26.32580655329831, 22.40425240673663, 19.424171223438908, 17.558428534499445, 16.95597858007572, 17.742000518673184, 20.01858268276808, 23.865815436660377, 29.343173960485846, 36.49109209981909, 45.33264662056379]",51.245304,1,1100000
"[1.1955290137287407, 0.8042522297413973, 1.1588108970413888, 1.3826436786735454, 1.540753617967998, 2.00665482857535, 2.030599166858944, 2.2207643752059916, 2.429970743585507, 2.9740434999343903, 3.0406448427216244, 3.076207489488827, 3.1964567755320052, 4.573083035430345, 3.2517896362968064, 2.6661679254294395, 5.085000386534579, 7.231287468107991, 6.477642100806798, 4.040491300214238, 2.743218191224781, 4.163278562879344, 7.834074288068079, 12.06731801683622, 15.128913128050504, 16.002272364341916, 14.59360870624409, 11.549924218336288, 7.916743916957031, 4.801406443576755, 3.125870292543248, 3.490766988487043, 6.13700726375017, 10.976907426142596, 17.66544238337156, 25.687260569529897, 34.44221610164156, 43.31901191827284, 51.752049731479445, 59.260481221373894, 65.47089033719013, 70.12631511760205, 73.08477382784697, 74.31038978788547, 73.85984280065514, 71.86637696941916, 68.52307217236684, 64.06660258677151, 58.7622919471578, 52.890942377591855, 46.73765972724556, 40.58271465054528, 34.69435361355436, 29.323395510099466, 24.699406454518954, 21.02822794091707, 18.490634024586438, 17.241905286177822, 17.41212638749411, 19.10703659229672, 22.40928630179897, 27.37997583418425, 34.06037435244547, 42.473736445960476]",51.245304,1,1200000
"[1.184839808813573, 0.7044413010737428, 1.0784809593560363, 1.2992955710950467, 1.5722723760504833, 1.8540227961850901, 2.1192803088805516, 2.211803885182883, 2.2361098553827765, 2.887352849344588, 3.4223288420840015, 3.1843073338848376, 3.0459425052587314, 4.525289854528885, 3.735152202736425, 3.712919504345815, 6.201752994610453, 7.997102957210457, 6.8628740611312296, 4.203495795675703, 2.7323940489453458, 3.8490072840756278, 7.048827976940561, 10.772475597004693, 13.479131303607305, 14.292523714167753, 13.144465052367645, 10.596047479207593, 7.538753906815847, 4.911137909423506, 3.4945143480156315, 3.8011959922346374, 6.042318731663371, 10.15230994797855, 15.846565638161405, 22.692910556506188, 30.182873281283136, 37.79407058048587, 45.039314711248394, 51.50121430534056, 56.85310022133057, 60.868267999997165, 63.420020626017255, 64.47503666045039, 64.0823586388857, 62.35992937128566, 59.480192161087864, 55.6558733065999, 51.12671389294947, 46.14762697677399, 40.97852819196488, 35.87591804407285, 31.086174725378125, 26.840437978131835, 23.350918337458662, 20.80844389540238, 19.38105169060214, 19.213437408235514, 20.427090971473007, 23.12096359728289, 27.372531651596923, 33.23914256428662, 40.759547100168604, 49.95553979085615]",51.245304,1,1300000
"[1.2586127453897198, 0.7879285114747551, 1.057152344951619, 1.387863665811081, 1.719512566418013, 1.7715491015971605, 1.852503546914769, 2.0725652683030793, 2.677146197373238, 2.9824278178325816, 3.049112791033585, 2.9311009026338444, 3.007033626366893, 4.320296523963902, 3.2639273570286336, 3.0410574495316203, 5.35766136220194, 7.162436160935622, 6.288707856617307, 3.9713351830533457, 2.7175910086096136, 3.8589778465329516, 6.955097849380679, 10.553000642772172, 13.190591547555156, 14.020086395655058, 12.960649973631764, 10.538933892187561, 7.6072619588123676, 5.071098138553953, 3.689644597343543, 3.964898900629578, 6.107970826590847, 10.06100852154329, 15.552125416694308, 22.164369011851615, 29.40498474162865, 36.766333690492786, 43.77404905550536, 50.02112456201498, 55.18866990404536, 59.05522854807177, 61.49705603549702, 62.48181393078285, 62.05792111976496, 60.34145241274362, 57.502075923616836, 53.74913341998807, 49.318624194713486, 44.46156748424641, 39.43399387365874, 34.48864840509559, 29.86836965396221, 25.80103099062753, 22.495883840409526, 20.14112008137306, 18.902465062431986, 18.9226186407635, 20.321374886552505, 23.196268498182025, 27.623615205629438, 33.65983291303304, 41.342948989215564, 50.694216314578725]",51.245304,1,1400000
"[1.2354364167268712, 0.7479208550099526, 1.0330446352381746, 1.4479665710793002, 1.5347386131968097, 1.89651767320275, 2.1191323292389703, 2.462882398031398, 2.328133417788643, 2.6684305109352775, 3.181345784915625, 3.507205195183884, 3.655685843896778, 4.8414033474287255, 3.913802584743249, 3.446347396849258, 5.2353304017846165, 6.7085229499154, 5.881093767296209, 3.825819342581373, 2.78944749782291, 3.9494730552713198, 6.868582616220104, 10.192806081552892, 12.571697940410973, 13.231845223163761, 12.119877711587623, 9.756404036362586, 6.972348427444552, 4.649503146370695, 3.527137720622539, 4.091949109939016, 6.54290581841841, 10.81135948016734, 16.61480175447982, 23.52551224064071, 31.04014583945513, 38.641292641243915, 45.84631012608308, 52.241936692031004, 57.505338872101085, 61.41348088039509, 63.84325332219165, 64.76487460620842, 64.23086718269161, 62.36255093510868, 59.33558520566231, 55.365690716109725, 50.69532754966901, 45.581810758978406, 40.28711402346728, 35.06943976294471, 30.17651320273179, 25.840478754073693, 22.27423053904024, 19.668986697431027, 18.192912284718215, 17.990602471952567, 19.18325202107248, 21.869355364991776, 26.125801719154154, 32.00924986816327, 39.557686549276745, 48.79209005690153]",51.245304,1,1500000
"[1.2335242061994083, 0.8349012711461433, 1.048777101801647, 1.374653036723981, 1.5446030740232668, 1.9716324332907915, 2.130455041550422, 2.4352965959700046, 2.607345242079023, 3.2296797319111183, 3.172652803983697, 3.397098490625649, 3.336659669819769, 4.283814208930245, 3.5798350033122848, 3.1202336913676554, 4.424794107699685, 5.559807239648143, 4.966091382828559, 3.4429822314087293, 2.7292956241070065, 3.7533834263593984, 6.178900921861285, 8.933049173862091, 10.93109754634501, 11.540964876019325, 10.708846912835087, 8.850545707584061, 6.642879382516424, 4.813351204488471, 3.9796764984569615, 4.55526004329585, 6.7156391543977, 10.411223320404542, 15.409332537665948, 21.350267154003674, 27.805654061882965, 34.33119256817882, 40.509390779259185, 45.98059803725563, 50.46253296422462, 53.759664612392356, 55.76437812610235, 56.452011626203465, 55.8717365212234, 54.134988159760496, 51.40282443576754, 47.8732544384299, 43.76927204698139, 39.328067938656574, 34.79168359686798, 30.39921111844228, 26.38052746120986, 22.95147401665641, 20.31034447025339, 18.63551875575188, 18.08407236831069, 18.79119329220595, 20.870249294844065, 24.41336326680918, 29.49237138806692, 36.160056577309405, 44.45156686130463, 54.38594430876223]",51.245304,1,1600000
"[1.3173529598639917, 0.807200252989227, 1.0502405497202498, 1.242494676833334, 1.645868532753755, 1.8040588530192114, 2.155413191984903, 2.660306238081631, 2.4363151019110947, 3.243658950761239, 3.883700641968821, 4.103446021333518, 3.8790513806244866, 4.986276054077132, 3.902920322825351, 3.4723669166332605, 5.5551235349500425, 7.228653953607726, 6.320455879383212, 4.0315795959446215, 2.821201826100012, 3.9753124875913155, 7.039603030668837, 10.57868612364484, 13.156915880841604, 13.944432292208495, 12.86826742993416, 10.46039944670566, 7.582496720433555, 5.154315969741471, 3.9504441512173116, 4.483880899316813, 6.968064397177042, 11.337044695902899, 17.30120647340807, 24.418821497698175, 32.16870906235529, 40.01452793828301, 47.45573495304662, 54.063643406751495, 59.50328109243355, 63.543049423311885, 66.05475600760242, 67.0066649786294, 66.45197857838124, 64.51477871242282, 61.37502145424376, 57.25375550220342, 52.39936310478092, 47.07531445453165, 41.549686488910325, 36.086519360050765, 30.938959753085133, 26.344059717468795, 22.519052963640956, 19.65890896163558, 17.93496134598752, 17.494415216241414, 18.46055340028261, 20.933481256011813, 24.991270720627515, 30.691385430425896, 38.072288764455884, 47.15515498231974]",51.245304,1,1700000
"[1.2883365465738128, 0.8591107258127341, 1.137930272604864, 1.240442764894201, 1.5980212810787948, 1.8823538548331686, 2.0593490907520255, 2.722031928837085, 2.412186168514238, 3.3642113322135643, 3.43511519716879, 3.259480590709446, 3.6353133107989524, 5.559439551935261, 4.2744124436970345, 3.5187985793339656, 5.7486910027579095, 7.661607874373309, 6.729553086615455, 4.239484386746467, 2.9408165533832555, 4.294865352300899, 7.797092050615075, 11.818928256008814, 14.729065049478764, 15.593366062493224, 14.345547932191453, 11.603550390925124, 8.346069911544225, 5.600485555289036, 4.21635883882544, 4.742189141548193, 7.391741620213086, 12.073925057234133, 18.45931046834107, 26.06105395219638, 34.31445311965312, 42.64556189440827, 50.52429259032942, 57.501006597773895, 63.22785142054248, 67.46730739057475, 70.09085739256766, 71.07065189114613, 70.46671918172218, 68.41181868630558, 65.09555379757539, 60.74891049862407, 55.62999982901845, 50.01146769532878, 44.16979387815102, 38.37652602019767, 32.89137353781685, 27.95700974783954, 23.795387670940922, 20.60535692159078, 18.561368355320372, 17.81306380566193, 18.485565800251305, 20.680303287022323, 24.47623178678025, 29.931328438489547, 37.08426311701067, 45.95616560381624]",51.245304,1,1800000
"[1.1965279729993918, 0.7620010720116321, 1.1263342875117397, 1.4481797925441424, 1.3944028866961866, 1.9702595082230876, 2.17671372895796, 2.485434019127314, 2.662490225920382, 3.0911940081153326, 3.5641649952453838, 3.3603209149130953, 3.9349873017479995, 5.189617135661624, 4.14128300248908, 3.6961158479602587, 5.407323663891129, 6.811646231075558, 6.1239327113581, 4.318536723332492, 3.39718024266317, 4.408406354781589, 6.971117672652356, 9.890888951799088, 11.973419742382644, 12.533394580171137, 11.522775205565353, 9.402814125000871, 6.9114848506236175, 4.834057258494173, 3.831399329289354, 4.341348823517885, 6.546003994489674, 10.388024457649019, 15.61720428981361, 21.850929503970494, 28.636174092127778, 35.50494444545586, 42.01878109593201, 47.80076092607637, 52.555381040808406, 56.077862503980725, 58.25496218584572, 59.059503767924404, 58.540691637282094, 56.811977228036255, 54.03789473398572, 50.42092995361156, 46.18916626359916, 41.585181863326305, 36.85645732885603, 32.247389844054354, 27.992894065214287, 24.313491638855687, 21.411743949940156, 19.469858365443372, 18.64829070321999, 19.085170684276736, 20.896388610529357, 24.176197332498557, 28.99820145247077, 35.4166240480356, 43.46775893015318, 53.17153290398139]",51.245304,1,1900000
"[1.3762047025218787, 0.8827893273233222, 1.0611891989099618, 1.2652322102276403, 1.5252390397787094, 2.0887094019826145, 2.105307122479994, 2.638390030766106, 2.6402596600648707, 3.2647824668128638, 3.419744466414252, 3.6401009491422114, 3.7144630862536023, 4.51048795617794, 3.9858059220803383, 3.825247600071533, 5.190856424301804, 6.283596897294338, 5.694393817018681, 4.17017982638039, 3.3631365432992273, 4.216689824612579, 6.484026942409614, 9.16615733343498, 11.186026016588245, 11.864335937430116, 11.087400613030264, 9.235983749934283, 6.9921478012730764, 5.123120018719336, 4.303382622318894, 5.001107921887048, 7.4303717328802374, 11.556787393245411, 17.138971751846654, 23.78859354879357, 31.035022452536936, 38.384866812574735, 45.370770152761615, 51.58713912816753, 56.7128196944235, 60.52218556221763, 62.886828175764904, 63.77024395904171, 63.21778858530762, 61.34385834475059, 58.31787276111386, 54.35024092397486, 49.67913778083724, 44.55861593957812, 39.2483393582315, 34.00504510290764, 29.075711060236937, 24.692322175214354, 21.068076346269837, 18.39484519987583, 16.84169743626496, 16.554297459849376, 17.65500502851649, 20.243519246846134, 24.3979299046378, 30.176059197316174, 37.616996120446984, 46.74274361048062]",51.245304,1,2000000
"[1.2769843208731242, 0.845843740136742, 1.106894996400577, 1.204794766716223, 1.6950138462241295, 1.775022502682386, 1.9889286065870881, 2.550503629964339, 2.7693414544918524, 3.4197471762494134, 3.6073376965563786, 3.804859125338048, 4.053258111403453, 5.346574247710293, 4.206602209595142, 3.814291943640826, 6.0958481148718375, 8.05098154365239, 7.365650989475662, 5.088781112481383, 3.590823592731218, 4.1784860209578, 6.526286007344873, 9.389164213543165, 11.51082373387809, 12.164946451121141, 11.276356130738394, 9.279801021399562, 6.883044307668421, 4.841541569993878, 3.793564668060171, 4.166518718770217, 6.145559552073657, 9.688017822609648, 14.566233970425188, 20.423783132227996, 26.833713790733356, 33.35120613229646, 39.55637726913467, 45.08555949542044, 49.65120652790192, 53.05171778582337, 55.17304846996863, 55.98414481483592, 55.52814861244153, 53.91106673622193, 51.2892846140643, 47.85697500477965, 43.83415028710103, 39.455846228670836, 34.96271464811873, 30.593140869987867, 26.576884532057633, 23.13016230235937, 20.45204106735673, 18.721983213384867, 18.09837563050035, 18.717875931648088, 20.695419039960594, 24.12474163506479, 29.079298658501695, 35.613463518434024, 43.76392069239095, 53.551175396244695]",51.245304,1,2100000
"[1.2675141911376901, 0.7910880080131306, 1.1432221966697127, 1.3792550751192931, 1.5434292282536872, 1.9215773512000203, 2.0857456099857443, 2.674627659290446, 2.9265621022604873, 3.548543506560092, 3.96961796702722, 4.016661127474949, 3.825580377498678, 5.471120651321233, 4.788812309131139, 4.26971106763398, 5.9965253482430265, 7.464234525271511, 6.639301862822108, 4.477377671029403, 3.1301875830762236, 3.798427389106971, 6.179861708433598, 9.086007384942425, 11.28362772286513, 12.032839128225557, 11.236229502079752, 9.321423886172369, 7.010494492739956, 5.087115072421937, 4.21923709975065, 4.854984841146589, 7.185879534999977, 11.160831661903131, 16.53194367459264, 22.915272485049528, 29.853722231286707, 36.87358740040491, 43.530094917495624, 49.44024733078053, 54.303297392216265, 57.91039943798312, 60.1455641904477, 60.980178255465276, 60.46320201841064, 58.708858758492234, 55.88326589974284, 52.1910967162152, 47.863032700057914, 43.14449021598079, 38.28588491076047, 33.534531135876186, 29.12815493302502, 25.289919854260265, 22.2248167988811, 20.11724456551157, 19.12960041627886, 19.401704289438463, 21.0508921796986, 24.17263045376439, 28.84152116398242, 35.11258714258942, 43.022743723249285, 52.59238067648525]",51.245304,1,2200000
"[1.2636096337720888, 0.771493656286318, 1.2062391850843115, 1.4181747695269276, 1.7204417852100349, 2.088552727042702, 2.0790959825173663, 2.8174817084428097, 2.823732261924048, 3.4481159216417074, 3.5753391081516908, 3.6174702983629183, 3.707273563096874, 6.005011173711067, 5.0456216984533, 4.214168182733977, 6.391896741820501, 8.457506892543007, 7.762606131751041, 5.40809393974931, 4.038788208254987, 5.126649320050556, 8.250522599536579, 11.879503021576241, 14.457270061317054, 15.089978649643573, 13.71935979010906, 10.947108403281264, 7.720816684977892, 5.030947443340235, 3.6920005719766253, 4.224793301958722, 6.825816589183497, 11.397785827199879, 17.61500336953453, 25.001995750725502, 33.010329285306625, 41.08455573588606, 48.713053779623785, 55.462928036903484, 61.00024925800755, 65.09803857253671, 67.63480470378694, 68.58638921207225, 68.01355949667573, 66.04735467484606, 62.87372937262725, 58.71861095617985, 53.834115625331016, 48.48636864937016, 42.945143132373985, 37.47536309999198, 32.33040063737469, 27.747022867405335, 23.941802935700235, 21.108791299414662, 19.41824240677349, 19.016201671669872, 20.02477418541913, 22.542916688292376, 26.647615690918517, 32.39533575947102, 39.82364188102599, 48.952917937537435]",51.245304,1,2300000
"[1.1938067778269073, 0.8028479488828474, 1.0315467119729744, 1.5016922474632237, 1.6180095499958793, 1.9275040406463653, 2.163873798453183, 2.58785001725775, 3.005486910626572, 4.027414308882728, 3.8687460791339623, 3.8024744370186383, 3.5252873204682182, 5.804392350400974, 5.116180691210361, 4.389164119249022, 6.398141705716821, 8.261590541956897, 7.526152452059349, 5.294179227446638, 4.071100744080824, 5.187127704035948, 8.182269705904215, 11.594061223570113, 13.976192726471892, 14.518438582980098, 13.188700809186019, 10.563222276315694, 7.536649184884023, 5.043756413659986, 3.8568328199999407, 4.474174163267748, 7.088237733266066, 11.611146062060104, 17.734055095933137, 25.000592164307815, 32.87999376728345, 40.83095069262978, 48.35164031481951, 55.01471258496123, 60.48814097497208, 64.54404943099823, 67.05812463587597, 68.00225000655708, 67.43274386381634, 65.47619107242328, 62.31442231234241, 58.16977839363416, 53.29143151777044, 47.94323489188996, 42.39333821987089, 36.90563391195094, 31.732978548016987, 27.112056301878887, 23.259706115322626, 20.370513899437494, 18.615467808918627, 18.14148297062837, 19.071617547029543, 21.505821405601207, 25.52207960625183, 31.17783380825842, 38.51158450152336, 47.54459507069703]",51.245304,1,2400000
"[1.2853291221350056, 0.7971989490666187, 0.9882030148301169, 1.2636801969699352, 1.7491639510701025, 2.006363826874608, 2.110203888239858, 2.193471417284243, 2.7753842869298917, 3.4610597270862242, 3.673405372532124, 3.9315013188767405, 3.761458372067246, 5.436154041255567, 4.734794120776378, 4.324163689684256, 6.4906982373149, 8.387086691778713, 7.651509456051598, 5.377183546388409, 4.076839353432312, 5.141105809352205, 8.167225020674998, 11.700786554316513, 14.255596817004637, 14.961512735673892, 13.733756266784656, 11.117421378853024, 7.999332253290954, 5.324439197886282, 3.885783663272267, 4.206449414775456, 6.503157482297455, 10.709182640173546, 16.532636658002886, 23.52978240546346, 31.17856714521147, 38.943081368602094, 46.324244517117776, 52.89539316179155, 58.32364659685741, 62.379154726946304, 64.9348456498286, 65.95932257753076, 65.50530616837399, 63.69562359806198, 60.70830837096417, 56.7619560311157, 52.10211367909067, 46.98917935316785, 41.688052441497334, 36.45960286722896, 31.55390593290009, 27.205111468250898, 23.627770684537168, 21.01442336694154, 19.534244588165734, 19.332558276838302, 20.53104031330691, 23.22845307591563, 27.50177417963824, 33.40760293238766, 40.98374774620347, 50.25091576632848]",51.245304,1,2500000
"[1.223577408785728, 0.7861172217076271, 1.1063048148235664, 1.3428520281519114, 1.7285167060876723, 1.9091587805062267, 2.3135591936752133, 2.8553842481335696, 2.768588983269383, 3.220098370823986, 3.466471404146162, 3.882041367525932, 3.8966226522868923, 5.430530598651638, 5.066245780731159, 4.483480657843606, 5.795850238764234, 7.181604708808506, 6.743929827831646, 5.10543310364944, 4.124800893227586, 4.92612231788506, 7.261232268975911, 10.015478878386126, 12.003199060344471, 12.509238455041592, 11.455437426335317, 9.294228897532586, 6.778693109867895, 4.723851532230554, 3.8221441100716764, 4.534227970824989, 7.050444503683809, 11.30606371437301, 17.030288278416965, 23.811007634662108, 31.161554909397086, 38.58041924042132, 45.59901671637835, 51.81581242090083, 56.91725544001658, 60.68726687319294, 63.00761110027281, 63.85159260303879, 63.27333609333705, 61.394566902654766, 58.390410384347454, 54.47533679438345, 49.89002767661642, 44.88964767191331, 39.73377566872503, 34.678077534270024, 29.967681650707096, 25.832139028571877, 22.481802830175777, 20.10543952807197, 18.868878705762103, 18.914515062631086, 20.36149014695677, 23.306399440559755, 27.82439029954953, 33.9705362904941, 41.7813925865687, 51.27665466204131]",51.245304,1,2600000
"[1.28731509839695, 0.8263589518031867, 0.973116950833012, 1.3477434168306925, 1.7224593688073278, 2.1382406157351137, 2.224628785279469, 2.697996177102438, 2.973023298714217, 3.4958134519114408, 4.040309652556974, 4.218677279787195, 3.8255490743644214, 6.119002586757541, 5.647371418429892, 4.625941035810926, 5.967516624155903, 7.53787923431057, 7.164131303383778, 5.580009852019926, 4.762865508298188, 5.781186813071904, 8.260346157928547, 11.018716194560533, 12.89500175645223, 13.247997373628646, 12.06883464487296, 9.843192406507079, 7.317513582150542, 5.273526722591417, 4.361741338839762, 5.007008293823861, 7.378367968319866, 11.406545586434815, 16.830884427781225, 23.259782646227222, 30.232566323063196, 37.27483245078212, 43.94289758247844, 49.855777367724095, 54.71504966261003, 58.31411719639695, 60.53894725859919, 61.362499031389234, 60.83490880352687, 59.071212452044335, 56.23803246407027, 52.540302353516964, 48.20877943539668, 43.488824721930065, 38.63071144108689, 33.88155923589561, 29.47887337260522, 25.645589462139462, 22.586476238369787, 20.485724395013648, 19.50554192911756, 19.785580590127623, 21.443029726254576, 24.573229894404307, 29.25067674623825, 35.5303043001641, 43.44895467618049, 53.02695803569455]",51.245304,1,2700000
"[1.2264241393364603, 0.7624509988097578, 1.1138897197894688, 1.340612703581373, 1.7563726269488935, 1.856393691794691, 2.2070770919475073, 2.7575201185511666, 2.928050010356484, 3.2705752359739324, 3.6132490537331163, 4.0241059187625705, 4.080395946266811, 6.00290561858805, 5.273797613752344, 4.484622467624997, 6.254223366603947, 8.088256414526688, 7.647546396802985, 5.7906278843034835, 4.754772633934122, 5.783328159649245, 8.505654836830889, 11.620465812087707, 13.814563191292539, 14.333638335645409, 13.12529618324865, 10.698250739449376, 7.866621222508213, 5.4973653767819135, 4.320614075793341, 4.820182787760339, 7.196942888846788, 11.386721564519313, 17.112038448980417, 23.949373370234778, 31.398086206840304, 38.94188364230764, 46.0979218351573, 52.45185628033618, 57.67934471529087, 61.55580330149218, 63.95681335859789, 64.8516867905317, 64.29250693991233, 62.40061078997662, 59.352069160560916, 55.36331864302004, 50.67773930591169, 45.55367256357102, 40.25413785758362, 35.03833101934572, 30.154863442496833, 25.83662010767543, 22.29706674379614, 19.727813560763227, 18.29723791197653, 18.149975174741726, 19.407101597217476, 22.166851505719606, 26.505731688435784, 32.47991631233198, 40.12682530844817, 49.466807127740715]",51.245304,1,2800000
"[1.1566183879924559, 0.7487929233022322, 1.1278087299846555, 1.374366646665457, 1.6276418312333898, 1.8289411576490686, 2.4201650028560464, 2.842791957948738, 2.9723183019765407, 3.431973630391664, 3.712170057250132, 3.8232365297941806, 3.9285945469041197, 5.9321007414259155, 5.3136334426844165, 4.3367991101131915, 5.714470531967123, 7.435846267082493, 7.282275396983759, 5.785738418119483, 4.858299313884842, 5.672782529651203, 7.9837742389647754, 10.665686311251406, 12.541800442914772, 12.929592696382711, 11.789538313248986, 9.598963592206298, 7.112379539556818, 5.124660996896685, 4.295555000014238, 5.051152679825283, 7.5538521989410015, 11.722356530063102, 17.28181569339051, 23.827092204327528, 30.886590383203472, 37.9786108519768, 44.656021298015254, 50.53790712069987, 55.328788998936965, 58.827112558221934, 60.925220222004086, 61.60309643231697, 60.917996063275424, 58.99174625129637, 55.997141711071016, 52.144489406730685, 47.66903256396119, 42.819711526892924, 37.84950354617775, 33.00742201303173, 28.532141101816997, 24.647136018246382, 21.55718380275448, 19.446047373133798, 18.475159764539814, 18.783131089197806, 20.4859134845348, 23.677476149063935, 28.430861230058454, 34.799510258885434, 42.81876899353763, 52.50749528906996]",51.245304,1,2900000
"[1.2436593247033458, 0.8295360394802372, 1.0835308162238984, 1.4887056708078252, 1.6784635983542102, 2.136721472777073, 2.1882740549081006, 2.5456931680048416, 2.8867338528713153, 3.3017492933673567, 4.004580112336421, 4.458289479666847, 4.090160978494166, 5.652679297443669, 4.952064870023825, 4.551777862348102, 6.573943752630331, 8.332272343611896, 7.746867678414378, 5.903656088518003, 5.019664749637691, 6.190766239541552, 8.935113213807577, 11.940879251979785, 13.962829495578413, 14.338758914265767, 13.085998352330884, 10.738008253125667, 8.088975623615273, 5.955650059671413, 5.00654965122303, 5.668922205866182, 8.102829443187328, 12.223570455751261, 17.752962885383326, 24.282988081673604, 31.339644490985705, 38.439209881883585, 45.13281592467531, 51.038035121532424, 55.85806708035775, 59.39021700794718, 61.52586389232434, 62.244200977544, 61.60185425231922, 59.720168451791935, 56.77158189565706, 52.96614810682254, 48.53893632039623, 43.73877014143374, 38.81854766187888, 34.027224244132825, 29.603424177748575, 25.770571315170212, 22.733383323156474, 20.67555179652818, 19.75842470550472, 20.120513215914922, 21.877657705824404, 25.123704689557954, 29.931565089510432, 36.3545432929667, 44.42784465535242, 54.17018592595069]",51.245304,1,3000000
"[1.3609902209511595, 0.8250674133120276, 1.2476369156115212, 1.3422774432172146, 1.5919917681236782, 1.9531282951360416, 2.2063285040131024, 2.488973256525533, 2.9360268114094983, 3.4006908201443533, 4.2895199284589065, 4.418118444167445, 4.251301047546838, 5.832071171192796, 5.341913344622865, 4.962707875404342, 6.53415335297048, 7.910438568715956, 7.333326456691542, 5.650815195533101, 4.766889849858307, 5.717694075465707, 8.157164395640768, 10.926204075030808, 12.849496321969937, 13.252048247504138, 12.100363067692125, 9.880427943124683, 7.362216074289348, 5.362186550898447, 4.563147902116158, 5.4100587694370095, 8.075723683846906, 12.478992299562895, 18.335467518714246, 25.222970790437206, 32.6483302572183, 40.10672172811834, 47.128875377822496, 53.31458162762679, 58.35304260002191, 62.03185273639026, 64.23695529244698, 64.9460171360494, 64.21747094146458, 62.177129209372694, 59.003875441490024, 54.91554625847267, 50.155769343125506, 44.982231789477524, 39.65662522318493, 34.43634400094303, 29.567893175535293, 25.28188461636447, 21.78945366714387, 19.279906848772672, 17.91940646420122, 17.850504946026877, 19.192356067808443, 22.04144847069018, 26.472727000662328, 32.54098749739657, 40.2824498722794, 49.716431929392385]",51.245304,1,3100000
"[1.2956467533449691, 0.7610680298526529, 1.0734379161204421, 1.255126897096043, 1.6937566928414949, 2.068016838915657, 2.377606110346419, 2.537128897913221, 2.998139049520979, 3.7083463213843095, 4.10686326001017, 4.35310040901372, 3.840164834431374, 5.687171598442749, 5.135907272394021, 4.546850294318174, 6.571177850683506, 8.579806299009471, 8.12462842872839, 6.130961498108985, 4.976869363759011, 5.9778562269339615, 8.734006894510895, 11.873837791648592, 14.042783758295398, 14.500531095527048, 13.247560700611263, 10.850725477395986, 8.160174847802871, 6.045545100133324, 5.209724127334675, 6.090997318731343, 8.839771535940185, 13.347319482120866, 19.304126694009316, 26.269605462930667, 33.74029069956157, 41.20865717340398, 48.20875046623223, 54.347744201408446, 59.324413683401325, 62.93654984353826, 65.07975189004429, 65.74003820198931, 64.98247044074503, 62.937620371788086, 59.787307970012094, 55.75065634344069, 51.07117301598966, 46.00529049039098, 40.81258326334405, 35.747718774202085, 31.054088204256846, 26.958990650163674, 23.670202262239293, 21.373742686516046, 20.23264802342948, 20.38656723697731, 21.952013426955435, 25.023119559848634, 29.672767945921986, 35.953982440413974, 43.90149105292978, 53.53338378342439]",51.245304,1,3200000
"[1.5132808549508934, 0.9000011781938978, 0.9836451949569327, 1.3007418608034418, 1.6668170610276942, 2.0140134421693356, 2.1876475633019843, 2.5435927647459464, 2.92314039769773, 3.554120800095429, 3.8421281261291194, 4.639932004504587, 4.693173319435918, 6.444616988484957, 5.229679388716872, 4.323091004435787, 6.566055738080599, 8.925263647664556, 8.597628609459566, 6.451227958507951, 5.016198191560715, 5.78398574230424, 8.443750762118553, 11.61783914199492, 13.893250960276346, 14.464956885665547, 13.290715962899634, 10.925724429500956, 8.23528331726588, 6.120231330019755, 5.318841682494342, 6.299343826659267, 9.230729084253797, 14.00933307490396, 20.317998849652675, 27.698493328983716, 35.62324578175925, 43.55773655688316, 51.0092081189233, 57.56055460042434, 62.89032288793835, 66.78091980756079, 69.11760088626359, 69.88083869181739, 69.13441688227985, 67.01120795597133, 63.69816327594344, 59.42163257698143, 54.43376927960472, 49.000481228906274, 43.391155615418064, 37.870216527378666, 32.69045512680084, 28.087996046097473, 24.278719785347736, 21.455941219193612, 19.789141722922743, 19.42356122978701, 20.48047236626018, 23.0579784335961, 27.232198094379534, 33.05872059841807, 40.57423522361469, 49.798256713541356]",51.245304,1,3300000
"[1.2407263117520495, 0.7305344683111955, 1.0295720779368434, 1.3020278488782544, 1.8110166929307094, 2.044379881300145, 2.0454856225541285, 2.5546927099320897, 2.945272730532567, 3.451809707840413, 3.399109802806739, 3.6326298799163945, 4.1260354030554165, 5.974514271087537, 5.461222564590127, 4.70943359214528, 6.156869866855086, 7.911449086177488, 7.801520024700879, 6.269635329424355, 5.178661866896767, 5.749243347219317, 7.827686694244061, 10.363559673051492, 12.213392517250837, 12.690402463183803, 11.729857015916528, 9.778676078552804, 7.565313085915831, 5.866192064255107, 5.3294040778689125, 6.373726444758533, 9.156173565481769, 13.590407289023053, 19.396237501133182, 26.162964255711426, 33.4136731268687, 40.66215689601902, 47.458062630385925, 53.41883364460651, 58.24901419669839, 61.748649173455874, 63.81303748498678, 64.42618315412464, 63.65010067263982, 61.611800908296566, 58.4894020777053, 54.498435664462505, 49.87908296094335, 44.88479942966012, 39.77256476768031, 34.79483280382974, 30.193139903914417, 26.193254774214285, 23.001707841682602, 20.803516964462002, 19.760921466918795, 20.0129430307215, 21.675605626195487, 24.842664298805843, 29.58671196791252, 35.96055288099752, 43.99874996932551, 53.71927044920203]",51.245304,1,3400000
"[1.2012454351119461, 0.8334032583011107, 1.055311585576824, 1.4066630956123618, 1.5823441955965556, 2.0482539985367993, 2.083646877950699, 2.436122244105477, 2.839768265417025, 3.2811985612474825, 4.199850350644047, 3.9410815497092364, 3.885044171466775, 6.197488952843959, 5.466001943312399, 4.536394268167474, 6.478440822819622, 8.726088462605476, 8.578038698356409, 6.691901152825096, 5.40009071485476, 6.163848231137758, 8.754161245353272, 11.875717987641048, 14.140461312320765, 14.716728775237826, 13.517144807071029, 11.06175336437616, 8.203026907236744, 5.850120786645802, 4.763107612616626, 5.437077594396117, 8.06665113059477, 12.569047681775153, 18.642011439529327, 25.836432122720158, 33.62899383780233, 41.485682067136665, 48.91154792810828, 55.48547287673503, 60.880846841065704, 64.87427788635794, 67.3449459562213, 68.26723417867663, 67.69901206978692, 65.76754883981317, 62.654599019259436, 58.581786620500964, 53.79705024375545, 48.562613154562094, 43.14471061447806, 37.805135987423014, 32.794548429886866, 28.34740837515538, 24.678362989737867, 21.97988385871115, 20.420956274717014, 20.146628007275822, 21.278240961987827, 23.914188472917505, 28.131061798850656, 33.98507013882096, 41.51363812786937, 50.73710271984845]",51.245304,1,3500000
"[1.2865126061401098, 0.7814044723117612, 1.0579967785415512, 1.2424488341698685, 1.6944935260101004, 2.139202272007574, 2.268616618822932, 2.6566234067862706, 2.9718116116897613, 3.6917592117370384, 4.087441942755258, 4.17021164685859, 4.237275429239936, 6.393951271380696, 5.880566689277568, 5.0678585001200105, 6.579518466973899, 8.198703512156406, 7.727338097219422, 5.935707062198446, 4.939481417743895, 5.938139210675934, 8.573042721051053, 11.567441216070268, 13.632113085291511, 14.040248073645358, 12.771186271300959, 10.362413187936786, 7.644551833573476, 5.4834503080905455, 4.591143807185368, 5.421547972207413, 8.14085641199747, 12.651948347319511, 18.650763611018014, 25.6959672528073, 33.27830156448768, 40.881092591063506, 48.027610874472515, 54.31410590780687, 59.4293754121172, 63.162876654261225, 65.40386611361171, 66.1340834589086, 65.41625618598476, 63.380327522365654, 60.20889515741146, 56.122949964177664, 51.368653860444745, 46.205607781689565, 40.89683617411774, 35.70054844643367, 30.86362209863745, 26.616677349712294, 23.170569863786355, 20.714108474104354, 19.41280177643567, 19.40844560898137, 20.819378507881023, 23.741251065551808, 28.24817545957371, 34.39414171146081, 42.21460647381884, 51.72817773532675]",51.245304,1,3600000
"[1.3349548707964267, 0.8670634885237222, 1.1210295941067228, 1.4174233882149714, 1.7082537040251733, 2.0722005659607263, 2.146740443298529, 2.6374030667579396, 2.8629239124335415, 3.5735675617785105, 3.853090061771813, 4.192304396392237, 4.075924692519929, 5.940326719256065, 5.445448936198337, 4.761351119242717, 6.501328279762237, 8.500269571144118, 8.35608974826775, 6.59539262021204, 5.287620768581426, 5.770146470578241, 7.880181436874047, 10.496613603863034, 12.407218886584303, 12.8863774361834, 11.860904700495938, 9.789025240046358, 7.419104411211839, 5.548332926144441, 4.84229684067731, 5.732471266266657, 8.383755701560164, 12.71359007192009, 18.442405848929933, 25.157910875661745, 32.38020351800384, 39.6193492755089, 46.42101830310269, 52.39877131815214, 57.25358692378791, 60.7823888821081, 62.87785630841588, 63.52188156920938, 62.774849354761315, 60.76257632737291, 57.66236560700947, 53.6892528891274, 49.083184518370516, 44.09758761260387, 38.98957172692142, 34.01183687565821, 29.406246654189435, 25.398949021093646, 22.19688235904269, 19.985482895141228, 18.927404769206994, 19.162070594667572, 20.805884059324637, 23.952953810122285, 28.676197281046726, 35.02871268197586, 43.045326037648394, 52.74423732645586]",51.245304,1,3700000
"[1.1766802139309964, 0.7512216227929405, 1.0464037410404354, 1.3756779752082329, 1.6344471708932176, 1.9243700822814063, 2.4095413394741954, 3.0866262952585153, 3.0552437806589436, 3.935550814968841, 4.137588836445286, 4.35806218584017, 4.01676663064364, 6.131678066104053, 5.791573424064941, 5.0611770077556315, 6.652988351296271, 8.3886434815207, 8.046457711273295, 6.364041173593966, 5.4075044206634475, 6.3328319323025895, 8.780130048644192, 11.519560292319879, 13.333011980582658, 13.558562797782015, 12.214641571291574, 9.847176914188452, 7.270246694635694, 5.318284358191999, 4.667059064180701, 5.736934796045699, 8.66776105267315, 13.345069323099198, 19.456291247972736, 26.559105874454854, 34.1489541328586, 41.717634311534596, 48.79894645339195, 55.00033498110611, 60.02142590825382, 63.66144394640639, 65.81794474026893, 66.47931681577968, 65.71326937998326, 63.65315560586555, 60.48357570543315, 56.42631570222098, 51.727336883497614, 46.64525037902261, 41.44149281454497, 36.372257606043476, 31.682124052361697, 27.599253762175085, 24.33198219754767, 22.066614282800426, 20.966230434089425, 21.1703176471112, 22.79505529399707, 25.934103941228933, 30.659765598935028, 37.024403834532215, 45.06203115158958, 54.78998836775159]",51.245304,1,3800000
"[1.3264016886739312, 0.7370762781601294, 1.1886098562497722, 1.4197414524928618, 1.5478191831613735, 1.9825305912387083, 2.150436161443335, 2.6616626042149814, 3.161052987157349, 3.5782339946038073, 4.143411311921257, 4.927504298519694, 4.462845651143977, 5.637694081306603, 5.270850054941115, 5.022906983598364, 6.723977720809226, 8.39203983356643, 8.133767755278217, 6.593251263058253, 5.608086714364652, 6.271283800221785, 8.339546630499742, 10.75124920405275, 12.40255898447436, 12.659940521222307, 11.504740048832256, 9.417381114917301, 7.1484397090126, 5.486926550996269, 5.084780163060874, 6.356170131413322, 9.44570687632316, 14.248300799556755, 20.46079283974482, 27.647721558995244, 35.30792136058573, 42.93331987697623, 50.05538275428125, 56.277759109198975, 61.2957696260839, 64.90458892119382, 66.99851068444924, 67.56375775360941, 66.66708926758405, 64.44210107695292, 61.07470982970253, 56.78891656545204, 51.83359626496312, 46.470770666018446, 40.96559552709059, 35.57812594002046, 30.556806188046483, 26.133554688253877, 22.520270598756724, 19.906568513118195, 18.458544396747865, 18.318383982011355, 19.604639931439106, 22.41302299962226, 26.817572879633808, 32.87209483656148, 40.61176759156311, 50.05484562087306]",51.245304,1,3900000
"[1.3128035010318613, 0.8162242868467632, 1.0333393706987193, 1.2668034098119734, 1.589839742981495, 2.2266720902785044, 2.395652015100659, 2.7060570512672193, 2.5561478997157785, 3.1068807045217293, 3.894228298963425, 4.059775829547878, 4.15106312378672, 5.257474550400289, 5.233166394242285, 5.470732276888026, 7.0882712543098805, 8.273762879196982, 7.694300805447193, 6.2319769186363, 5.553248348811775, 6.474074506638603, 8.613998485037904, 10.94794967297689, 12.489173309923782, 12.70240724965411, 11.600784502569867, 9.632862831121546, 7.482359830441512, 5.868011388254191, 5.3901849259547365, 6.439899169883514, 9.166701143673478, 13.492216785224237, 19.15321442885731, 25.759110455876346, 32.85198245957493, 39.96091728700204, 46.64603410186954, 52.53034718446239, 57.31963782377768, 60.81174396943303, 62.89729561572963, 63.554094025222064, 62.83721225787096, 60.86661143766483, 57.81371576204148, 53.888031977005596, 49.32457305530793, 44.37256961532819, 39.285732071015445, 34.31415968754327, 29.69787348032357, 25.661870279880596, 22.412547066270584, 20.13532023998286, 18.993257268635617, 19.126542739544654, 20.65261301799527, 23.666810250124573, 28.24342501802217, 34.43701591732349, 42.28391259829814, 51.80382571995392]",51.245304,1,4000000
"[1.262486139273244, 0.8443256112741215, 0.9852714740775554, 1.4479012685433166, 1.6447355743473555, 2.009718785938487, 2.506548284040142, 2.6438430919247615, 2.742273070605094, 3.2258229230401856, 3.6939957370993994, 4.780002887849858, 4.996723188847631, 6.172775950227834, 5.580925660105436, 5.327223209900306, 7.307454994184506, 9.205311993218151, 8.92255403769653, 7.278335515640717, 6.382728145966815, 7.403860378660579, 9.952041562417364, 12.744538615342172, 14.523024990630137, 14.621623012453755, 13.091824000674745, 10.534531534367082, 7.821490150623364, 5.83244191760127, 5.268305504360512, 6.55328898006505, 9.813099608587208, 14.906591596211877, 21.487777373521933, 29.079221021033312, 37.14336016158433, 45.14358820901742, 52.59121630041725, 59.07751689334592, 64.29201511358208, 68.0292542018085, 70.18666336465122, 70.75612449081329, 69.81154973981832, 67.49437815627385, 63.99846601503209, 59.555437416116646, 54.42120773954855, 48.86410427216503, 43.154785820025204, 37.558000309429765, 32.326107191761935, 27.69422003736528, 23.876784637755854, 21.065390968366614, 19.427616615766254, 19.10670926270942, 20.22193234887314, 22.869417979050283, 27.12339232680465, 33.0376596822184, 40.64725096109726, 49.970160374503266]",51.245304,1,4100000
"[1.3708253244110598, 0.7570217527396546, 1.0880813743633166, 1.3503902060856239, 1.6984063309299926, 1.9370216442993664, 2.217245519355298, 2.679064935548128, 2.8155151447381446, 3.847408594473479, 3.5123305914564473, 4.151094842734722, 4.347883322159147, 6.653259396074474, 6.524219750134292, 5.654975003728727, 6.679942723588696, 7.914679793033919, 7.44381469622691, 5.908736589978944, 5.147732959831745, 6.185862311722328, 8.66380642260451, 11.415126881239587, 13.278413016342602, 13.611738706103724, 12.420756435365025, 10.223864666677956, 7.80952616421693, 5.997385288265813, 5.460576152346593, 6.625681138175047, 9.642780195390174, 14.407345708578516, 20.613640036506283, 27.821835954079464, 35.52556977810935, 43.21137116303441, 50.40550299974523, 56.706837619901044, 61.80646630593521, 65.49593232569785, 67.66650187475715, 68.30195200445594, 67.46713867270292, 65.29424829244815, 61.96822800315456, 57.71249378810363, 52.775665178128705, 47.41978545883939, 41.9102596656974, 36.507574685595834, 31.460748375365213, 27.002378410533385, 23.345117431966237, 20.679380758836864, 19.172089566642164, 18.96626042258513, 20.181267122756772, 22.913619678625867, 27.23812575483478, 33.20932028917074, 40.86306840756449, 50.21826447498972]",51.245304,1,4200000
"[1.3747635814279435, 0.8740486972745235, 1.155645252570443, 1.2996520251210517, 1.6659072709860117, 1.9123945012739059, 2.330440751514547, 2.872602599067669, 2.9784152263784223, 3.8823714466283685, 3.9091693738653017, 4.503210278852762, 4.530507282465304, 6.063324079552735, 5.872968895901399, 5.104836470971753, 6.022220472197922, 7.344164483632358, 7.325247091282469, 6.330908514016146, 5.881463180203247, 6.898353091016568, 9.11169364449908, 11.516456694102608, 13.09021825335956, 13.267278806288903, 12.065308013621916, 9.968056230316373, 7.705350155549201, 6.034269161397092, 5.575490174296802, 6.7206839287109235, 9.60444793312591, 14.12425224767914, 19.989799013460583, 26.785423638710018, 34.03319789388274, 41.248701368811496, 47.98518822118975, 53.86475319259701, 58.59705362759415, 61.987290785782015, 63.93567660832558, 64.43070006329091, 63.53832456858389, 61.388922633656684, 58.16337641768838, 54.07940181383125, 49.37882229584052, 44.31624251578529, 39.149354096123396, 34.13094370683359, 29.502559176212305, 25.48971447967267, 22.298470431047164, 20.113207012882032, 19.095398931732777, 19.383212825794676, 21.091758423633276, 24.31384373378015, 29.1211037837949, 35.56539196846101, 43.68034169329565, 53.483023098682914]",51.245304,1,4300000
"[1.3364338540044487, 0.7813692539930785, 1.1071097680682647, 1.4079830012741146, 1.566177755674916, 2.138944241208507, 2.229278383257765, 2.8175515451527353, 2.8190217752590883, 4.064167177411145, 3.9612859710558275, 4.705517869269444, 4.585567274296496, 6.639938338118718, 6.275370109234688, 5.649044982152075, 7.3109257446336615, 8.894467283215814, 8.230572429344754, 6.316749088448872, 5.4548446900537435, 6.844228511460448, 9.977538857860296, 13.399364220989298, 15.706141373460381, 16.15122605362034, 14.767679888661718, 12.178998551242977, 9.297196682784623, 7.043388489074528, 6.152826603712947, 7.075233456095935, 9.954604364203469, 14.663438775033685, 20.866961083789626, 28.097849528488336, 35.82804971507613, 43.52976592188543, 50.72204645560474, 57.00240122615237, 62.06476461738071, 65.70609611837617, 67.8242548483104, 68.4097178314243, 67.53341223675314, 65.33252582537453, 61.995731788018745, 57.74886468871643, 52.84173964731792, 47.536526989504054, 42.097878863203164, 36.78484649756403, 31.844517943691958, 27.50723670165665, 23.983222529462203, 21.460398978748835, 20.103231180066757, 20.052386823639583, 21.425049092843626, 24.31572950322801, 28.797449039145363, 34.92317620478167, 42.727429680785534, 52.2279706537558]",51.245304,1,4400000
"[1.3851083877132657, 0.8148120902473007, 1.2152865672057083, 1.292206103578398, 1.7241845466868935, 2.113331671587949, 2.0971284572118782, 3.161979310437326, 3.059283308285785, 4.014468976681602, 3.959803420624964, 4.404074434317229, 4.70776872414331, 6.908635488032151, 6.292041529657922, 5.770743785296898, 7.993645527998399, 10.108172534854077, 9.593372536333682, 7.393656053291662, 5.9094958167494, 6.494805025467243, 8.825636839280612, 11.624919114836091, 13.612662899931768, 14.077192532850173, 12.99863026047849, 10.888450693598879, 8.526502294719322, 6.715056623442631, 6.104302497753981, 7.099681050885649, 9.83867504724864, 14.216438548849302, 19.939589185187295, 26.591181495159713, 33.69472659020607, 40.769743584437656, 47.37510568557138, 53.139203207134045, 57.7777479782164, 61.10105807679528, 63.013089208951804, 63.50450838555346, 62.641893680696526, 60.55480945693238, 57.42213204256558, 53.458638810631584, 48.902553265790324, 44.004473134825254, 39.0178999736898, 34.19143352647556, 29.762584850096143, 25.953090736974364, 22.965570012473083, 20.981342442078034, 20.159226961820405, 20.63514264347868, 22.522349250114157, 25.91218144391429, 30.87514952010696, 37.46229846393281, 45.70673518260545, 55.62525035753958]",51.245304,1,4500000
"[1.1580142434928489, 0.8001524464249551, 1.1715999172547482, 1.461946231990864, 1.7628219730368382, 2.1370358863138583, 2.1853571708159647, 2.425989811349697, 3.356083230181749, 3.678054241392779, 3.7563786778502153, 4.4129194862245535, 4.6707457974918025, 6.59346943233106, 6.105070455823538, 5.488834558902387, 7.039536201565815, 8.63262329530983, 8.257216702634484, 6.608990862858489, 5.589684950012246, 6.2882623331666325, 8.413279958189694, 10.860706581435489, 12.51663490050151, 12.766159536080803, 11.618570155719475, 9.572843189087205, 7.379552830256839, 5.810178562024261, 5.488924001802424, 6.8009933282802395, 9.868118499586998, 14.572626005404341, 20.61015479123549, 27.554163168287662, 34.91991868684684, 42.220226063009925, 49.00897288947984, 54.9114079745685, 59.64193598198466, 63.01127154899424, 64.9252473799502, 65.37760824583687, 64.43890922917195, 62.243295494853136, 58.974558226789455, 54.85249148948188, 50.120247941020935, 45.0331208798414, 39.84896837169924, 34.820337999673995, 30.188240650713333, 26.177450085733806, 22.993163371607643, 20.81883797421033, 19.81501798492858, 20.118969379420502, 21.84495835041465, 25.085024596012772, 29.91012080675536, 36.37150897978281, 44.50232262008395, 54.31922078131415]",51.245304,1,4600000
"[1.2560852051597702, 0.7434028396025469, 1.0873646075861139, 1.3780829240809729, 1.6639427286363024, 2.134317490202226, 2.313066596314211, 2.414358478110272, 2.80628212980223, 4.161000436854614, 4.037715644531145, 4.4220857659566395, 5.162555847485691, 7.888074707655781, 6.565603102724718, 5.009545511886797, 6.958886205193333, 9.393657248066932, 9.150276919267633, 6.961291565748889, 5.4788771525975095, 6.346444282496001, 9.27582084001011, 12.783923111526272, 15.317220467129408, 15.9827119258552, 14.736073177008864, 12.19910488181766, 9.332198986520643, 7.121909787016384, 6.360111307033388, 7.530300739510186, 10.78400558589121, 15.978676154216764, 22.748951176377275, 30.589048682131438, 38.931203631934, 47.2115178214015, 54.91953764260619, 61.63124579688956, 67.02717104747236, 70.89831364143444, 73.14287406320848, 73.75662667063749, 72.8193987647529, 70.47963918722671, 66.93857739159236, 62.43503483161875, 57.231579639957936, 51.60241987859696, 45.82320680919305, 40.16275896532649, 34.87660947610705, 30.20221209244691, 26.355605637865317, 23.52932352426419, 21.891337509169972, 21.584837516874867, 22.728667941615598, 25.418262366140542, 29.726940942813446, 35.70745638308235, 43.3936947041394, 52.80245509808238]",51.245304,1,4700000
"[1.2948892959712044, 0.8040343285643813, 1.1581498679258697, 1.397808364370653, 1.656418696741977, 2.118792778191261, 2.3808777910298806, 2.734488997655722, 2.821601952315432, 3.5046347404361797, 4.085514277007942, 4.575273027603615, 4.739535655489072, 7.188588787512812, 6.679599716777252, 5.8719654693048975, 7.748334228337008, 9.780919508433216, 9.379734069890386, 7.346524568555204, 6.1171032585417295, 7.147298454354894, 10.098061075770952, 13.529806225906652, 15.952334718161886, 16.510510870216677, 15.16385055479749, 12.51663617024648, 9.507646069152651, 7.110053331532609, 6.115436893420193, 7.018969596305572, 9.991526069133624, 14.912541625284902, 21.437043128613226, 29.075251740890664, 37.26971241850122, 45.461025281712125, 53.13809840612258, 59.87223608343698, 65.33647716328852, 69.31268704821731, 71.6892811837139, 72.45237563805202, 71.67282219859582, 69.49113409462693, 66.10183732383929, 61.738346685606615, 56.6590927072207, 51.13532519325403, 45.44078951924854, 39.84330537834774, 34.59816420119871, 29.94319015040532, 26.095270423455947, 23.248144900756415, 21.57124580478076, 21.20938935559045, 22.283139131653503, 24.889681831604346, 29.104078168350796, 34.98077322341988, 42.5552708082667, 51.845894686204424]",51.245304,1,4800000
"[1.2754751280990302, 0.811682264825122, 1.058203508843047, 1.3050835790829396, 1.6249017624570323, 1.880075037592585, 2.1989059768543235, 2.9303484580990053, 3.099304164980972, 4.163206743681773, 3.7687434754383182, 4.7665924188329045, 5.065433076817867, 7.57484804227781, 6.787091535260437, 5.415605345069626, 6.996401576099341, 9.109467446247054, 8.897145047431636, 6.946247903444973, 5.661387953612669, 6.568101462065615, 9.406871726152342, 12.788912882992262, 15.24274254528777, 15.909321497575956, 14.732657045768962, 12.29833180062013, 9.52806714096371, 7.381394638261026, 6.639511527210103, 7.789511273122919, 10.995512314334142, 16.130885690167823, 22.845061914587912, 30.643211358368934, 38.963600091922046, 47.243564711532755, 54.969941586633105, 61.7132277422196, 67.14688635711597, 71.05431956365018, 73.32641414232447, 73.9524838465765, 73.0070897008132, 70.63476220204168, 67.0341720101042, 62.44285445426516, 57.123216090333926, 51.350248145840006, 45.40114022490091, 39.54682023467221, 34.045332639276886, 29.136895886409555, 25.04044100523385, 21.951418137538262, 20.0406589078246, 19.45409436862063, 20.313146455251495, 22.7156322901549, 26.73704306963303, 32.43208115747111, 39.83635946604829, 48.96818569866166]",51.245304,1,4900000
"[1.2582688246375062, 0.7746916139914324, 1.0919420660326742, 1.3635616436751568, 1.8321475972233068, 2.0425794766594687, 2.173422873427663, 2.7841907375610364, 3.395802298797174, 3.583516181274174, 4.30492855153722, 4.834450266814475, 5.298615365498599, 7.605984662967685, 6.829559502501598, 6.176634718083389, 8.299388164603318, 10.288747830757094, 9.634772045850879, 7.3549490170873835, 5.945301878893758, 6.80181969213518, 9.540933089258278, 12.749484541198195, 15.006515382110871, 15.51864397749048, 14.269036703388334, 11.844233059251788, 9.137593948905502, 7.0673550794445035, 6.375277122530392, 7.520166168352501, 10.652510210319548, 15.645910666627966, 22.160673428882138, 29.719440316913772, 37.780719222012706, 45.8018090169303, 53.28713306880186, 59.821205804375865, 65.08747784414902, 68.87537981937959, 71.0782793374809, 71.68501729136604, 70.76738734404744, 68.46550267215434, 64.97254797034098, 60.519997211285286, 55.364017270723416, 49.77348497264514, 44.01981997810883, 38.36867162339183, 33.073384862938646, 28.370098748903192, 24.474290797509408, 21.578563761269248, 19.85147078495246, 19.43718514224318, 20.455837498986924, 23.004363807914988, 27.157728295625734, 32.97040705627013, 40.47803756294793, 49.69915739456726]",51.245304,1,5000000
"[1.3534590665948456, 0.8432038147476646, 1.1537294390165556, 1.3568496743230003, 1.8350050520503105, 1.9675646158929931, 2.4307794456374316, 2.7097829918759757, 3.0025942351280275, 3.7117251090922587, 4.503538189454857, 4.916698248899545, 5.331889054061911, 7.988973727498003, 6.801580873973349, 5.491075178597153, 7.446920208047327, 9.499374740991758, 8.83523798064447, 6.6446945927787135, 5.701272176900618, 7.411700502227752, 11.139810581700736, 15.158665207020107, 17.842787855917603, 18.3597914856238, 16.78733453924361, 13.873494103743445, 10.678556301109381, 8.253072285722876, 7.4194364948521905, 8.665384598626357, 12.128345346321076, 17.64030689522136, 24.804609654493667, 33.08246631681488, 41.87433612106871, 50.58773748232041, 58.6880081775108, 65.73186660285238, 71.38562490600387, 75.43088063291184, 77.76078598734738, 78.36982919040618, 77.33966245315656, 74.82301627054356, 71.02723996367328, 66.19855512253342, 60.607726347532015, 54.537549376266405, 48.27232672499875, 42.08933628765542, 36.252187650890505, 31.005892787628987, 26.573441853959206, 23.1536621159561, 20.92014131098007, 20.02101032225763, 20.57939963437883, 22.694406529386146, 26.44243320727685, 31.878778529722528, 39.03938699932874, 47.942677406816316]",51.245304,1,5100000
"[1.3522914735449507, 0.7404748533084001, 1.1781436165593064, 1.4538423343731848, 1.7857243230158066, 2.2124833999307207, 2.5043277578158314, 2.7078538135067114, 2.953012603815749, 3.747864929578763, 3.978606793066505, 4.046529191213914, 4.577434003726779, 6.9346455619408385, 6.352174833058907, 5.783123237008982, 7.772960699332042, 9.723911333583414, 9.345489279931702, 7.511460852301099, 6.431846889994872, 7.34399738360042, 9.896930286342645, 12.817587386007522, 14.827972420510868, 15.219168757875403, 13.987087403947275, 11.675731593835778, 9.10766440221621, 7.127290963843157, 6.417238088378018, 7.400959937932197, 10.219160111891785, 14.75802171083636, 20.706945697275394, 27.627557800854657, 35.02110999184543, 42.38646686525255, 49.2649396521189, 55.271144668839526, 60.11091901336017, 63.588334553102705, 65.60424390587112, 66.14877837615364, 65.28996554262581, 63.160266812854665, 59.94243636794428, 55.85572408813839, 51.143114096631386, 46.06001891410971, 40.864637861932685, 35.81003224647388, 31.137861029232962, 27.07365025070782, 23.823428842802027, 21.571544992408697, 20.47947448358738, 20.68544028209466, 22.30467703698829, 25.430192177077064, 30.13389473222435, 36.46798243702596, 44.466496119045615, 54.146967262986294]",51.245304,1,5200000
"[1.3446756676381804, 0.8115133606359732, 0.9959833781478666, 1.4843898229531995, 1.5121451713482001, 2.247090218763396, 2.147145060075348, 2.80869413132636, 2.744436175104236, 3.8976376001963384, 3.970162184596096, 4.397234037253102, 5.501345664037809, 7.448494305643617, 5.925434660526786, 4.933863588027998, 7.0671667257522754, 9.2429262299054, 8.86506425668815, 6.845786416293119, 5.578397260030791, 6.432239897129268, 9.08233466062945, 12.210209406144584, 14.470427472967975, 15.096853690893159, 14.051603437775688, 11.869194169083979, 9.381662762141975, 7.4542299660698, 6.794228993788232, 7.847806120795114, 10.772551984859728, 15.464019843716297, 21.61342589798122, 28.77773863873757, 36.448746142583246, 44.11286243632329, 51.29764461960445, 57.604035411455996, 62.72530240817213, 66.45472158136542, 68.68448434610123, 69.3983110565575, 68.66000415166842, 66.59980086785542, 63.399976532179465, 59.28075947607442, 54.48727712354178, 49.27797210989298, 43.91470866240651, 38.654627850287746, 33.74369751213059, 29.411829536098928, 25.869394834615097, 23.304946926542218, 21.88396187898124, 21.748410132921673, 23.016990315400978, 25.785873447458368, 30.129825781277347, 36.10359832136856, 43.74348991534739, 53.0690080490672]",51.245304,1,5300000
"[1.2754586566775292, 0.854787399129568, 0.9790977187897406, 1.2489874079655041, 1.6077784943901186, 1.8273150587339424, 2.5709398214319616, 2.6727164661720755, 2.99614182997854, 3.8893508132141092, 4.694557474087905, 4.712851330920594, 5.076268155803017, 7.564185091383048, 6.441470082939716, 5.773112589699569, 8.594392501962567, 11.251997403333656, 10.62060541309809, 7.862961317673259, 5.979612574245267, 6.705026053641026, 9.678699782615212, 13.320186408675543, 16.015100184414482, 16.839809859245438, 15.724800298112951, 13.259286403454924, 10.366861221787634, 8.003780008470082, 6.947588294410077, 7.687361031062948, 10.398367432632295, 14.974536537143317, 21.09298765628122, 28.290198069269234, 36.03573438280811, 43.79521835855616, 51.07869183065822, 57.47369187641421, 62.66430904280713, 66.43853652277198, 68.68659320710279, 69.39285077225692, 68.62369682914543, 66.51325451096214, 63.248441592790236, 59.05444248661546, 54.181312072938006, 48.89214192526577, 43.45299687043157, 38.124666744485054, 33.15616556366997, 28.779838306877448, 25.207894765641626, 22.630172252706704, 21.21292753669305, 21.09846773921966, 22.405445908111815, 25.229666468351304, 29.64526654428182, 35.70615973935909, 43.447648389179065, 52.88812800493906]",51.245304,1,5400000
"[1.4061227585787648, 0.8284756295358809, 1.0685286438280908, 1.4233727489727495, 1.7131091662251394, 1.9205859192947747, 2.2379443137079598, 2.784052733500807, 2.851466025855919, 3.372316415763923, 4.109506569220839, 4.76721214559269, 5.0452476850666415, 6.50056732513207, 5.63713629293108, 5.510251871255333, 7.979492504424961, 9.953783098630954, 9.17474589069575, 6.8744139024433855, 5.560335195928753, 6.527738469975805, 9.312582420502205, 12.496588903542278, 14.709030633304987, 15.216235134440334, 14.03634675965544, 11.75512023525266, 9.23619226256605, 7.353705612506368, 6.805266375996453, 8.015446903712776, 11.115218217650659, 15.973904649667224, 22.2605437793862, 29.515967784874437, 37.22252954912242, 44.86362270033473, 51.969322952249584, 58.14745371862716, 63.101260804756684, 66.63588852794896, 68.65622446857519, 69.15863976094366, 68.21887071644977, 65.9778933174498, 62.62722065883963, 58.39465717521254, 53.53120017517579, 48.29949958550056, 42.964070986626595, 37.78329905644137, 33.00315965390572, 28.85251942133527, 25.539832870346036, 23.251040435324953, 22.14847026014713, 22.370556210569543, 24.032200695006473, 27.225630311364412, 32.02161296971015, 38.470925510613725, 46.605980014269335, 56.44253443324846]",51.245304,1,5500000
"[1.3693621552488946, 0.8249723720412774, 1.113510316861263, 1.4770654617730958, 1.7660115623604455, 2.004979867251613, 2.0957360448877425, 2.545559297972485, 2.7593629888615725, 3.2991785031782865, 3.9502052007254655, 4.203203139760987, 3.983579390406666, 5.817158621598875, 5.2536529510667105, 5.138357320369951, 7.877848407952913, 10.400620188049212, 9.963577996968562, 7.513701506467143, 5.703175136491836, 6.1566875858694665, 8.655419643572621, 11.849021828826066, 14.296051223094016, 15.130519055402617, 14.238999377445056, 12.110803480926238, 9.559532329724654, 7.452589450735424, 6.513896163332641, 7.214940900499455, 9.742514396653823, 14.021268753781795, 19.76853983460998, 26.562663453142868, 33.91126023423722, 41.3110401422377, 48.294852260596414, 54.46476258081577, 59.5119430297236, 63.22528542387479, 65.49113721736819, 66.28660115392724, 65.6686213334637, 63.76072408920347, 60.73888366150053, 56.817596917686345, 52.236910052069845, 47.25085733500614, 42.11755008405746, 37.090988839332844, 32.41455554153724, 28.316066421235707, 25.004221536133713, 22.66626554393898, 21.46666968436571, 21.54665165802762, 23.024363929123222, 25.995598793373986, 30.534878069949652, 36.6968149249873, 44.51765408634182, 54.016913942771176]",51.245304,1,5600000
"[1.4913460240035763, 0.7064687939656299, 1.311343081920419, 1.3245098824455424, 1.6680160847768937, 1.8848299521287204, 2.189955889823697, 2.7106108354871665, 2.670246046846084, 3.511243497371, 3.9864223683969846, 4.700319503788183, 5.114864216357285, 7.1699662677977525, 6.108080328709539, 5.22041828670808, 7.264961939364879, 9.437515844073769, 9.185717186226094, 7.2794639323337735, 5.939587349816333, 6.475831234368558, 8.653875013408324, 11.326662514956729, 13.300119304358715, 13.875435834796349, 12.989882194501334, 11.090927718986974, 8.902481485395771, 7.193910000474985, 6.607382310700443, 7.559190811545723, 10.207897208154447, 14.47216414885656, 20.07916265674088, 26.6267792530371, 33.64697603569021, 40.662049054393734, 47.22936338225197, 52.97307774629521, 57.60336647100618, 60.92482156544991, 62.83625827226516, 63.32424500209471, 62.452500242576214, 60.3489746827545, 57.19205856258598, 53.196981563289, 48.60313934919957, 43.66280288792754, 38.631447636458105, 33.7597761200848, 29.28739215366244, 25.43800934990993, 22.41603202841669, 20.40432538532012, 19.562987175478458, 20.028939820457058, 21.916175601970387, 25.316505293998883, 30.300679963723343, 36.9197751676262, 45.206745362090984, 55.17807342098222]",51.245304,1,5700000
"[1.3319837674690294, 0.8893367935105413, 1.0878345098253261, 1.4056485873453581, 1.5401029926322594, 1.9921151950557499, 2.1277055387264605, 2.6925787347390413, 2.812967143061377, 3.582227688568957, 3.999221451999771, 4.297602345503604, 4.741170196888324, 6.039917369207581, 5.522577131460588, 5.357802812739534, 6.899042299851839, 8.163538976182023, 7.719754147541484, 6.370923638790941, 5.706374830590084, 6.534319270573715, 8.547255094573162, 10.823938859096645, 12.456679695288258, 12.934706158348254, 12.239261746186099, 10.746734129227896, 9.051240323535742, 7.785885195122285, 7.484780301702854, 8.500060940981447, 10.971088921341106, 14.834502521883122, 19.861058065305578, 25.706019163736286, 31.96246619596291, 38.21011499539328, 44.05529402532639, 49.160237065716665, 53.261666847531544, 56.179801346730514, 57.81952111677603, 58.16563482164752, 57.27410745705883, 55.26088539795813, 52.28964988270767, 48.55951428820288, 44.29338649737991, 39.727464733551415, 35.10213054274303, 30.654345735922956, 26.611546377840543, 23.186949654549576, 20.576141481172744, 18.954787206747877, 18.477298742211516, 19.276293894772422, 21.462693665476028, 25.126317712855503, 30.336854857551668, 37.145102808127305, 45.5843881515428, 55.672093392942195]",51.245304,1,5800000
"[1.3723333247310514, 0.7699493283629842, 1.0843260297733082, 1.4186711282156221, 1.6530534641892751, 1.9146899701301365, 2.101422168289042, 2.421424707081269, 3.0990940916634813, 3.8103811553478297, 4.081352337783375, 4.236154128507994, 4.742857864075494, 6.770003316043437, 5.890409293084739, 5.254239959782135, 7.364083220324756, 9.407222527983425, 8.944085970085268, 6.929015496639671, 5.728376681111318, 6.655231327670613, 9.35132331403036, 12.508931882863925, 14.8152395344308, 15.52398097316241, 14.586248338450567, 12.498903251627544, 10.046527681672726, 8.054400638955046, 7.208152729161446, 7.953236001703996, 10.46438967909501, 14.666050012622515, 20.283508226087243, 26.90754969958138, 34.05977928581614, 41.250390536917216, 48.02402626834741, 53.992319689926205, 58.853689685165705, 62.402125248647074, 64.52722317748848, 65.20783248599628, 64.5014749331438, 62.53138249632335, 59.472610994087184, 55.53831335476509, 50.96692001967301, 46.01069335827279, 40.92590151460022, 35.96469138142128, 31.36862325274034, 27.36375254161902, 24.157098164707556, 21.934314969608742, 20.858382252191184, 21.06912656497721, 22.683410431620672, 25.795836082335647, 30.479832614433928, 36.7890144688239, 44.75871775172964, 54.407638085812295]",51.245304,1,5900000
"[1.436594868081524, 0.7940356523885561, 1.116146078639649, 1.4990178265971617, 1.8591546850011518, 1.9051931518842866, 2.2898882846184168, 2.6781659507905173, 3.0373711090004547, 3.7246652855568296, 4.327946486391198, 4.794830149417278, 5.3918599471448765, 7.53667466624775, 6.3210412976492805, 5.421505780941139, 7.83138222239892, 10.477426834383625, 10.432888121759985, 8.451151563296508, 7.040065274358358, 7.754265031401824, 10.355906515856942, 13.49679881701477, 15.753683139194193, 16.303425268446976, 15.101449589731384, 12.71925087960487, 10.046118546029774, 8.001466148884358, 7.328829428988372, 8.487313551880058, 11.626233374444402, 16.617544223043165, 23.120535250201744, 30.65818705484447, 38.69092658274617, 46.679359375997464, 54.13215697253328, 60.63848554796742, 65.8863423054897, 69.66919137857323, 71.88364289586866, 72.52084058762115, 71.65390335102126, 69.42333869208177, 66.02189882975354, 61.67993560513644, 56.651954637502485, 51.20478172894718, 45.607534122695604, 40.12342886648747, 35.00335065677994, 30.481032040578402, 26.769660263606767, 24.059709130812546, 22.51779417171997, 22.286359776059847, 23.484023658153735, 26.206423982322793, 30.527435582418182, 36.500642479064986, 44.16097341132722, 53.52642481984723]",51.245304,1,6000000
"[1.2966214095437676, 0.7665560081732049, 1.0502688185959097, 1.3826689053748642, 1.913063272617622, 2.0885040745686156, 2.353445822353272, 2.4633232787451385, 2.902859448482648, 4.283409274461858, 4.687015701990027, 5.180926865606239, 5.298746161449592, 6.973864143231636, 5.976592205158804, 5.139443577217821, 7.023839976817646, 9.011541177845732, 8.70514124031321, 6.929840298850725, 5.908282303429969, 6.893004316735541, 9.53212834627181, 12.545091406308845, 14.648213146326775, 15.130458888375745, 13.98884607776164, 11.771673052351987, 9.308668545390075, 7.4528531916399805, 6.894599694755187, 8.061900648777874, 11.095263268285738, 15.875596028676087, 22.082692733753152, 29.265699846553304, 36.91224903898457, 44.508074056266686, 51.5831370021054, 57.74333766293452, 62.68883945171541, 66.22111852512207, 68.24126504247884, 68.74205610049812, 67.79605645260413, 65.54161727294148, 62.16822420859637, 57.902248718514585, 52.99381065551479, 47.705177086153846, 42.300903206465335, 37.039760291468106, 32.168384271164776, 27.91650722841842, 24.493593728828152, 22.086686343679126, 20.859263267996052, 20.95092017595754, 22.477704250816135, 25.532947604771643, 30.188467876774915, 36.49602417184336, 44.488935727466426, 54.18378820100686]",51.245304,1,6100000
"[1.3931682687020255, 0.7478273170467612, 1.1457719510792876, 1.3290224556382255, 1.7755067700626608, 2.1904521780246298, 2.290713796126675, 2.7896895927854355, 2.7500243993917124, 3.8170351013342456, 4.4198021719874045, 4.809539675848951, 4.882476607619838, 6.340639179819662, 5.644518246104619, 5.216439724105816, 7.141270536421901, 9.119676806198202, 8.982260719021628, 7.3564085320384605, 6.201613111935953, 6.7252218451449854, 8.743937824200149, 11.218808406855581, 13.051809922289356, 13.60081305959912, 12.817608767377088, 11.130026300090567, 9.220365990196747, 7.807371565621551, 7.484872549645234, 8.631141373660657, 11.38123637543652, 15.645548295513118, 21.156370964437844, 27.526818521278276, 34.310414566622754, 41.053801193120215, 47.33855674472245, 52.810800542658825, 57.199085672691126, 60.322155266084266, 62.088633926837566, 62.49081770851814, 61.59456421136396, 59.52698680233291, 56.46330780753298, 52.61387960404552, 48.212071625444814, 43.50346051873062, 38.73655406300447, 34.15512423480151, 29.992114641140187, 26.46501465191188, 23.77254906098529, 22.09251076640072, 21.580558587734895, 22.369807872424982, 24.571054015072814, 28.273485428635183, 33.545760685869894, 40.43734297561381, 48.98000268824973, 59.1894152434584]",51.245304,1,6200000
"[1.2250481432188354, 0.7846447143403766, 1.1525652233255725, 1.4692276187634812, 1.5818892677589154, 2.131601590230461, 2.4305163054285717, 2.579414128891956, 2.7442680851118966, 3.578553155447838, 4.244793327388019, 4.703799848775668, 4.8980081241338445, 7.038309888376444, 6.066494983780929, 4.960730353467968, 6.779369032487298, 8.991091822372404, 8.95456944273324, 7.27843507419582, 6.139090034619933, 6.866968356908127, 9.227425399369613, 12.038209953178209, 14.068536882150749, 14.61141819646328, 13.629968887270946, 11.618004975787965, 9.347490327756972, 7.6234105097066935, 7.10498029842505, 8.207653896420327, 11.075892503113241, 15.606822090838751, 21.5038735470189, 28.34279710313239, 35.63726713773521, 42.8960661840704, 49.66780897097834, 55.572094749771246, 60.31789620122714, 63.711076089243754, 65.65338028179924, 66.13528976448097, 65.2248927937426, 63.05458806817238, 59.80703836365923, 55.7014166515352, 50.98065385477904, 45.90012239590495, 40.71797468052786, 35.68719622414593, 31.049321567889898, 27.029688617889303, 23.834064943204382, 21.64646013484036, 20.627935024592052, 20.916226115208254, 22.626017895573433, 25.849713752870905, 30.65857575237652, 37.104123123497, 45.219697884912264, 55.02212307408431]",51.245304,1,6300000
"[1.285217191611367, 0.7617197628102573, 1.156298916863792, 1.3921884400811986, 1.7562215171696138, 2.1810765676494763, 2.4127854822389576, 2.895503128605232, 2.9308324734483553, 3.384755913453706, 3.591943025591578, 3.9618120688839595, 4.401562130669847, 6.413588792869549, 5.859902303841676, 5.045442478533841, 6.412341514998184, 8.00700039552188, 7.898149932610305, 6.74278132444887, 6.289763669515486, 7.4544687450244975, 9.858497551120264, 12.422506892273322, 14.117795349369835, 14.409100400750717, 13.34191185352605, 11.40479708195842, 9.308842343950422, 7.7789860456582, 7.402481103015506, 8.54540456794978, 11.329197029756763, 15.651250857269536, 21.232279662893266, 27.675449717957562, 34.52596784429265, 41.32373526819799, 47.6451030557859, 53.132406027182554, 57.51176390698267, 60.60071753386991, 62.307772474390525, 62.62602062211062, 61.62285174763297, 59.427469742066926, 56.21757761230135, 52.206246933147234, 47.62967394291678, 42.73626135358942, 37.777256458192234, 32.99901956148947, 28.63688575440651, 24.91050972545656, 22.020539668667727, 20.146445090789385, 19.445318166213962, 20.051474114263183, 22.076688868020156, 25.61092904019564, 30.72344767209788, 37.46413794784628, 45.86505495946375, 55.94203210398144]",51.245304,1,6400000
"[1.300246050079133, 0.8326325343008386, 1.0636102280781867, 1.4099030801565657, 1.52390790059617, 1.9423662253959941, 2.3800164164783975, 2.5645702547919753, 2.8860131813118417, 3.8737627692072607, 3.929108719835608, 4.236958202848524, 5.252224595305154, 7.24235477440192, 5.991600417080562, 5.3515816851029, 7.772858033134429, 10.072321882590888, 9.65549521455706, 7.550291317035259, 6.2634497712193875, 7.188724307294844, 9.954084548277997, 13.184239128025816, 15.506301806037492, 16.158231838829057, 15.1208231917542, 12.945020781735948, 10.468794783871447, 8.552726122904927, 7.893168297068312, 8.923935557535334, 11.792688992410683, 16.389406495877502, 22.40448147670826, 29.398201061197906, 36.86871963908041, 44.3106729770423, 51.26063051563667, 57.328501163577414, 62.215882912137985, 65.72337850895005, 67.74931289142117, 68.28228880376162, 67.38977243556143, 65.20453563541922, 61.91038062673817, 57.72819043662774, 52.90301257130802, 47.69260714837279, 42.357675218327145, 37.15382356171237, 32.32521090247322, 28.099748278000572, 24.685684542398985, 22.269388873298855, 21.01413915013994, 21.05973289597967, 22.52275203816396, 25.49733099400446, 30.05629733277642, 36.25257399632259, 44.12075079674464, 53.678750065166305]",51.245304,1,6500000
"[1.3320455106192963, 0.7867485321957085, 1.1191912106889188, 1.5303176207215243, 1.6859184052541478, 2.036276057971915, 2.5461204003005204, 2.5118310078685178, 3.205335890943182, 3.7454354984773874, 3.8128979689107707, 4.367000548149493, 5.138361447418117, 6.639104147646078, 5.965092127629604, 5.844981288354623, 7.9471309889417, 9.782600206503924, 9.349298925616639, 7.461543897242514, 6.137695809894385, 6.568711165257055, 8.544016073466855, 11.00304265199319, 12.82864385783415, 13.362781254227704, 12.549763026228328, 10.821389920636458, 8.873353485521642, 7.441749263079291, 7.1358879003815465, 8.343613098659807, 11.202081695372948, 15.616836014784194, 21.31015886136951, 27.882219469038805, 34.87275317608215, 41.815408173875, 48.28064849186765, 53.90592842132731, 58.41374371528905, 61.61925781048369, 63.42968782843875, 63.837704362961624, 62.91091181841215, 60.77915549967978, 57.621034132965235, 53.65063720016016, 49.105206615260336, 44.234156070619505, 39.289671902732486, 34.5189630032253, 30.158117144119775, 26.42744883686267, 23.528181289206966, 21.640284728302216, 20.921288999331065, 21.50589479786464, 23.506221153431053, 27.012543849528384, 32.09439817074668, 38.80193820714729, 47.16746293318803, 57.207035815496475]",51.245304,1,6600000
"[1.3488772468279062, 0.7559181263867287, 1.2319627366158508, 1.4775631473364363, 1.6922496790967991, 2.1656953179491705, 2.4994833341662663, 2.557932442406689, 3.0600168446718965, 4.006788276267798, 4.5069284290059946, 4.989088186829759, 5.111938541274274, 7.29593492778941, 6.183448520626168, 5.127607626175515, 7.248547741269415, 9.765500950976868, 9.861554610850876, 8.133184297204528, 6.879418969572059, 7.577694854490992, 10.052738670532616, 13.06954327430849, 15.287820388640306, 15.906971502789965, 14.855549915237065, 12.65589444878677, 10.150012804978886, 8.225371409626069, 7.612050916753502, 8.770857032065834, 11.862099585533093, 16.772364728066464, 23.17506917856292, 30.604478045319592, 38.5286311425686, 46.412267094769874, 53.765447268611766, 60.17690152032693, 65.33322967242448, 69.0262306658554, 71.15106409713295, 71.69792028590108, 70.7395801566747, 68.41682698332859, 64.92322311059353, 60.490343288904064, 55.374192015797775, 49.843236537932995, 44.1682596851976, 38.61407082343929, 33.432999337026445, 28.86002288183312, 25.10934244777243, 22.37219952253053, 20.8157303015383, 20.582662348677868, 21.79167610531904, 24.53827402717871, 28.89602167344449, 34.91804627707062, 42.63869823500098, 52.075299023259774]",51.245304,1,6700000
"[1.293298933605646, 0.7856962849662378, 0.9927422160856276, 1.4195827433499002, 1.6553955408151964, 2.5659404466785354, 2.6359074523258323, 2.5303625195184516, 3.169727422822943, 4.009443735941928, 4.266217218630088, 4.821872120299025, 5.362619970512221, 8.120949820357637, 6.715471719240501, 4.988427029734654, 6.936899997953369, 9.588434440861436, 9.651002874584545, 7.694942155189128, 6.257605705607098, 6.964918354566526, 9.616529183787529, 12.87336238380445, 15.307607121065567, 16.080465287457116, 15.119816564101368, 12.961723353396126, 10.460471149584826, 8.50919735234659, 7.838788143636567, 8.909954170554808, 11.885219155470686, 16.657077447352272, 22.908264484009425, 30.184473260858457, 37.9656373850176, 45.72735795301228, 52.988436454059276, 59.34361098223559, 64.48258677952134, 68.19753214786981, 70.38162845681214, 71.02124473496633, 70.18403455322128, 68.00485853717372, 64.67100953927294, 60.407814194125145, 55.46533357279879, 50.10659866718041, 44.597594076533674, 39.19903980441664, 34.159907756756, 29.71253674013111, 26.069168273878013, 23.419707200487256, 21.93050909457012, 21.74400538438141, 22.97899271919258, 25.73143232987915, 30.075625717605483, 36.06565344980882, 43.73698316735831, 53.10817053679525]",51.245304,1,6800000
"[1.3505040050402095, 0.785435817077706, 1.048988023340539, 1.415478213195691, 1.7109889291588305, 2.154430297496519, 2.458445562552095, 2.730020783097763, 3.220453230787732, 4.400955682839141, 4.761891911978841, 5.034388253486024, 5.347603547815468, 6.782246508732601, 5.567664938726992, 4.842715003032214, 6.889252934426852, 9.086417651453234, 9.148333772201402, 7.779774725089992, 6.974196916502772, 7.887782864565067, 10.260632522936769, 12.992629669551533, 14.949412399918554, 15.475990388403336, 14.532567317548292, 12.573407684974365, 10.3196715836335, 8.534164032070844, 7.852953529609312, 8.689419387184726, 11.203622818225533, 15.320066053350326, 20.775091681482113, 27.177582512562168, 34.07072038070091, 40.98685007382882, 47.49119829880207, 53.21301534660331, 57.86461724428118, 61.24993219674825, 63.264676788727726, 63.89038738982214, 63.18436845977093, 61.26731479385806, 58.310006498684196, 54.5201203162935, 50.12988156983139, 45.385013031433445, 40.53522452234375, 35.826327223368835, 31.49394300489234, 27.75870361140427, 24.82278919078731, 22.86763305937411, 22.052613406626886, 22.514557694631364, 24.36789773939813, 27.70532980630108, 32.59885227814886, 39.101072002348644, 47.24668825977544, 57.054079785701866]",51.245304,1,6900000
"[1.2633662782131887, 0.8148835353662949, 1.0149183771625883, 1.4105339500477498, 1.6446224899499, 2.1228308308824375, 2.313002214187225, 2.771455508328399, 2.760480509456968, 3.5959444139973304, 4.549134922353745, 4.605373149556467, 4.880714080078584, 6.964650361318837, 6.220698138665464, 5.532509801062589, 7.525333860307532, 9.699017140374524, 9.642413491303085, 8.02459892465031, 6.936761890608225, 7.638787815171709, 9.909574335297982, 12.632993750901509, 14.63768932301758, 15.23416375105939, 14.359864160982443, 12.459081763801207, 10.253389309455027, 8.512782410321797, 7.883467408910331, 8.788504473124654, 11.39467928708919, 15.62889790268902, 21.22531388131517, 27.78660441338556, 34.84682363124435, 41.92756111214839, 48.58290790260236, 54.4316403578334, 59.17702548586405, 62.61584092144818, 64.63876504313048, 65.2244136142953, 64.42914179312709, 62.37442249676023, 59.23324560643316, 55.216617179768704, 50.56090844740959, 45.51652756031697, 40.338167397099035, 35.27671748019794, 30.572810531479913, 26.451896193309192, 23.12068760035901, 20.764803158999538, 19.54741951306478, 19.608756889895957, 21.066230630487933, 24.015119543108632, 28.52962047701649, 34.66417758589731, 42.45499307698027, 51.92164316914155]",51.245304,1,7000000
"[1.3878921532995667, 0.8181087693090875, 1.1474551439896383, 1.341747190525099, 1.6154583921416394, 1.8608529454456104, 2.3321209631155937, 2.6375073792442367, 2.837602790867882, 3.6259840096331524, 4.151193657470989, 5.128082244648639, 5.298344839796617, 6.606685038409473, 5.760957632701365, 4.928484469192459, 6.541471933038412, 8.535473651748084, 8.59105586588876, 7.168723175385039, 6.217011269107143, 7.003538388205752, 9.36840868611797, 12.230940596781261, 14.416856302621989, 15.215048047881655, 14.541063304313305, 12.823834335378576, 10.7749845674928, 9.15684413896435, 8.608472743394698, 9.546471594807768, 12.133139089439798, 16.29424499120238, 21.766972048013574, 28.161227437619505, 35.02185375631642, 41.88371563418562, 48.31543076559863, 53.950370093447596, 58.50546923898018, 61.78951071662001, 63.70304360344239, 64.23219236901488, 63.43843015250943, 61.446077606345234, 58.42892377115453, 54.59700648257157, 50.184268659642015, 45.43753843219414, 40.607069036336334, 35.93871553362163, 31.667712917985003, 28.01394591271713, 25.17855654982045, 23.341714021505688, 22.66136594015028, 23.272795863438787, 25.28882468944257, 28.80051025400289, 33.87821795872656, 40.572953984503876, 48.917870588760806, 58.929869525233634]",51.245304,1,7100000
"[1.3497282373940325, 0.7256710447957402, 1.041160873874219, 1.5054754761951519, 1.8488751782875643, 2.321428152386032, 2.32122975763335, 2.273781713873131, 2.7783382905860994, 4.163479206220024, 4.681187910219156, 4.79005370988346, 5.259634543042869, 7.373441448815272, 6.107893032452858, 5.1641513967071795, 7.422974334409633, 9.820929485476562, 9.595869650101893, 7.6941846140427295, 6.7149936848915095, 8.147195801887026, 11.57526996229682, 15.455234160505885, 18.22632955355891, 19.016263600480524, 17.80998658346633, 15.257721616096317, 12.344656692176601, 10.078348921590749, 9.267963642262943, 10.410241714570693, 13.66538070090104, 18.894628170725536, 25.73172682746164, 33.66598288626755, 42.12173721682083, 50.52540192957909, 58.35619028260107, 65.18009221461163, 70.66872841568066, 74.60576298216063, 76.88388225573516, 77.49522256777722, 76.5177566965452, 74.09967144590206, 70.44327942391097, 65.78956049239018, 60.40404863060308, 54.564476210684106, 48.55035715201351, 42.63452456852412, 37.076526428843245, 32.117713212640545, 27.97781425799143, 24.85278559427095, 22.91371430188214, 22.306577153466566, 23.152670176592707, 25.54954770535081, 29.572332266366594, 35.275278812405595, 42.69349746362147, 51.84475753481416]",51.245304,1,7200000
"[1.3467593718631, 0.7485142239739158, 0.9974076243367843, 1.4193107879076694, 1.7661429451218584, 2.0599370881973065, 2.2636667688821506, 2.525310487491243, 3.3735727788679863, 4.128961751118304, 4.457092227507776, 4.96833301513113, 5.497753156131058, 7.825212070488811, 6.499559962459921, 5.0672047961438755, 6.925071321806361, 9.460350012058841, 9.763904219544472, 8.2644474389423, 7.210951966473093, 8.137386969416001, 10.925305849807788, 14.333129552653112, 16.956277839934764, 17.91000220986851, 17.05293968051851, 14.868423729289114, 12.19172166865693, 9.928874811408024, 8.844509310731047, 9.441480273193562, 11.923254069496656, 16.216414729476075, 22.02870718678793, 28.921846348410174, 36.38414506971991, 43.89374672892986, 50.96793764315697, 57.19739321694445, 62.26636794269798, 65.96101199491025, 68.1684578444338, 68.86931447252135, 68.12593002453026, 66.06837837450492, 62.87968612699065, 58.78140172066439, 54.02024789763547, 48.85630475953574, 43.55294329174321, 38.368562456074656, 33.550067559015346, 29.327953609252315, 25.912815275700595, 23.493086480463635, 22.23381064763449, 22.276251629994963, 23.738171094346434, 26.71461751253538, 31.279092636237927, 37.48498190213512, 45.3671546402164, 54.943657666944645]",51.245304,1,7300000
"[1.3844502213833874, 0.8712605143746721, 1.0911794022359216, 1.439427400871818, 2.03298752939202, 2.0149420059876286, 2.3876336822039366, 2.803832917419978, 3.2226747462982535, 3.648558413863383, 4.256646368616415, 5.088281866717233, 5.7550959779499715, 7.900464753664637, 6.813572597376941, 5.981426696743276, 8.246632571432533, 10.677000743057175, 10.527126464056977, 8.573218300006298, 7.262094510257701, 8.115646865657894, 10.908803276084317, 14.312257852778636, 16.894122951647653, 17.789458000528697, 16.893261552943923, 14.717918581759156, 12.110116045869468, 9.97013187318929, 9.045497093393857, 9.817528658710474, 12.469221703761031, 16.911091411490084, 22.840541692512534, 29.814553068461763, 37.321355799571876, 44.84237095732312, 51.90022920711438, 58.09190797780466, 63.108073750933315, 66.74081802518039, 68.882397509716, 69.51756716120543, 68.71181588478072, 66.5974148486136, 63.358758095518596, 59.218069484598956, 54.42219793081486, 49.23093572792263, 43.90707266626527, 38.70823568127413, 33.88045096316165, 29.65329310265296, 26.236444679922947, 23.817471567692717, 22.560617316798037, 22.60642889880839, 24.072041627452474, 27.051970180285384, 31.61927309161061, 37.82697838498304, 45.70967719269292, 55.28520970248675]",51.245304,1,7400000
"[1.2940601158118648, 0.7375599009594953, 1.1171420079780334, 1.375728820980846, 1.7720555938454101, 2.1319481694795477, 2.064208027745005, 2.9386063915143508, 3.036152564697207, 3.5497633258829775, 4.159964998477971, 4.953155834865084, 5.551438946536174, 7.220724006551513, 6.243581014217041, 5.762025765896287, 7.933453294433227, 10.044056775095841, 9.795563000713654, 8.025914633288727, 6.93620498767745, 7.805369586630093, 10.346935050674682, 13.341846597005794, 15.53480381593159, 16.2026366721981, 15.297645286361076, 13.306337185760718, 10.996310632926004, 9.171545821645521, 8.494264826868815, 9.387162541792073, 12.005683201181744, 16.260569606846996, 21.8700719666574, 28.424528078085558, 35.450770168129225, 42.46847245193082, 49.03442455344373, 54.7735748781915, 59.397573208811295, 62.712615919885714, 64.61886240578384, 65.10374119576959, 64.23126083720037, 62.1291071132803, 58.97493046108594, 54.98286026830822, 50.39095684062487, 45.45004110059276, 40.414129277088165, 35.53254115680013, 31.04363870210607, 27.170078558390017, 24.11541882102533, 22.061899855217042, 21.169214543298025, 21.574089871356218, 23.39051520687432, 26.710469918002257, 31.60502194296579, 38.125688011125135, 46.30596444587352, 56.16295423833033]",51.245304,1,7500000
"[1.3410665718653234, 0.7755128763097319, 1.0616474660474111, 1.2713308290793544, 1.673492605830817, 2.156128390000093, 2.359991758700926, 2.7519260669033643, 3.1521355327999796, 3.7785667670763288, 4.121909023622421, 4.883999386181931, 4.86782850579936, 6.333961774394412, 6.013959207935148, 5.677652178633124, 7.117135438486378, 8.455250536035523, 8.127750538914107, 6.956078481596478, 6.630101168723285, 7.955899306020063, 10.497899615674058, 13.171848331755088, 14.958315987946573, 15.317639957488954, 14.271898748808988, 12.276931310876703, 10.015431190771956, 8.198503910209444, 7.4182539486809995, 8.06288669080739, 10.288314803339505, 14.032451434635947, 19.05658772403613, 24.999816515658672, 31.435571901665988, 37.922844054682194, 44.0478166477366, 49.454224893146254, 53.862550753072256, 57.07931005486298, 58.99826962871767, 59.59560894942268, 58.92094883769538, 57.0859238309436, 54.25166008804111, 50.616195071008754, 46.40257413205503, 41.84810096488565, 37.19501036091726, 32.68267211106407, 28.541319275146, 24.987215526653998, 22.219127523715237, 20.415942313326585, 19.73526055521261, 20.312798792293236, 22.262444067376144, 25.676818803256907, 30.628230747480867, 37.16990031826969, 45.33737478325667, 55.1500546672113]",51.245304,1,7600000
"[1.1993517979635446, 0.7496680868972627, 1.061299117198683, 1.5385421438636175, 1.8139402711218169, 2.125877349183811, 2.2324494077286454, 2.8597976648648014, 3.237253437396841, 4.052526501041088, 3.997773484354387, 4.41137788911015, 4.407855042694858, 6.699367413473667, 6.138525875212951, 5.2628311375328245, 7.103638712441359, 9.285688799837832, 9.295286696561512, 7.801348360162652, 6.996583213934531, 8.186841542484652, 11.069651584154185, 14.369609901609808, 16.767702302947264, 17.49705472322422, 16.497231447658784, 14.270293476862093, 11.61806359547106, 9.386632464287848, 8.279589486582672, 8.75488007854588, 10.99468376126014, 14.927689131789334, 20.282256836194378, 26.652484409606753, 33.5641812357783, 40.53263139058432, 47.10803676454183, 52.9074743252379, 57.63412548713477, 61.085622270408486, 63.15381925093664, 63.818343919780176, 63.13606736848449, 61.22829726891106, 58.26711242082911, 54.46188731905741, 50.046726727550585, 45.26925767165221, 40.38101208507585, 35.62947358039437, 31.251749146637867, 27.469752520326093, 24.48674214062866, 22.48503542120797, 21.624716129482103, 22.04315775437431, 23.855198810445977, 27.153823022277972, 32.01121605218545, 38.48008934601146, 46.5951797686818, 56.37485036997611]",51.245304,1,7700000
"[1.256957842134144, 0.8348535087738661, 1.008138074570802, 1.5379113138997753, 1.7897312228553197, 2.265475468770815, 2.3531740602911735, 3.011404287266704, 3.0838291077695077, 3.964693984316532, 4.87081894925513, 5.020797180886788, 4.952333373308521, 6.957001743649354, 5.715158456344518, 4.7541706717384224, 7.028807180976402, 9.50241295177787, 9.385632557507119, 7.516553723005229, 6.336279144438311, 7.274577156696674, 10.046833127090755, 13.36372212274574, 15.894493448824145, 16.859255604838214, 16.173095855529755, 14.301448741018056, 12.005398795246654, 10.096090046056773, 9.25452342927164, 9.930106151508578, 12.308372183937633, 16.329166322887332, 21.735476386473724, 28.13597021656295, 35.06865365606303, 42.05749748067134, 48.657671863594125, 54.48790402625639, 59.250427717573274, 62.74014900845727, 64.84519289635222, 65.5411038442082, 64.88081090145546, 62.98215970046675, 60.014448872377784, 56.185045640039654, 51.7268284392731, 46.88692963848685, 41.917033221177206, 37.065317933824126, 32.57001932426378, 28.654506189750247, 25.52371997864326, 23.361802084898212, 22.330727248062146, 22.569766115794735, 24.195612275617965, 27.30302556821214, 31.96586196240611, 38.238379099653606, 46.15672474012441, 55.74053210795977]",51.245304,1,7800000
"[1.3871900564542357, 0.767705159099276, 1.243859838991831, 1.409416711440519, 1.8429096620422123, 2.225156200800437, 2.5046471359728972, 2.864511617436997, 3.2097042824406863, 4.679956559922479, 5.046244994494338, 5.3667754877465965, 5.136025016106166, 7.104833295261192, 6.5213021686096075, 5.921688548743697, 7.864695687292473, 9.855560663186196, 9.463629864870517, 7.437573115475795, 6.075845555477282, 6.814946893546759, 9.438905575717675, 12.674627526641451, 15.143549105802746, 16.0076086674067, 15.161741922400243, 13.101275465699716, 10.649655533350224, 8.68526357975885, 7.938816355197751, 8.880847887100268, 11.688968433130757, 16.27240452609195, 22.32995168501263, 29.421412856110063, 37.03829868920087, 44.66508860209499, 51.826832491902785, 58.1220847288191, 63.242203672034236, 66.97915508135426, 69.22438695711885, 69.96133008747849, 69.25380856124286, 67.23225262698905, 64.07918275999417, 60.01503347628161, 55.28503730576518, 50.14760485374713, 44.86441648092462, 39.692279035428385, 34.87668856344932, 30.646967472797638, 27.212803114081094, 24.761996134322462, 23.45922453148664, 23.44563772584491, 24.839110031432735, 27.735001588171738, 32.207294907478115, 38.309995189454746, 46.078701517834354, 55.53227335499709]",51.245304,1,7900000
"[1.3088407292431106, 0.7601405304386875, 1.1638113301740747, 1.4959858068152923, 1.8293525847701975, 2.2145083849964724, 2.709173107310706, 3.024074928440199, 2.6916613957068773, 4.106569710576402, 5.126039524265274, 5.46251184888986, 5.033137206868148, 7.17628228099467, 6.191358239938899, 5.222889769215108, 7.420331191642885, 9.814459223720569, 9.58347194768842, 7.649268698760672, 6.574140322426449, 7.793696994900248, 10.89369275425907, 14.413291639515705, 16.911614528909922, 17.60647244151416, 16.503415114964184, 14.203289528597448, 11.597907278408558, 9.590970978939122, 8.904763883051192, 9.981786242734245, 12.964767298967981, 17.730056329478188, 23.950376426816504, 31.167920722310566, 38.86470351838282, 46.522434864664575, 53.668379487010334, 59.90660062109532, 64.93582536897193, 68.55613898087223, 70.6670677458308, 71.25955995427613, 70.40409210520552, 68.23673696594606, 64.94461421251705, 60.751753723069946, 55.9060628796041, 50.66781287337498, 45.29984513221791, 40.05954186732295, 35.19249587597751, 30.92774486215239, 27.474395785958464, 25.019447296606742, 23.726616596318152, 23.735985886124546, 25.16429882214194, 28.105756163237068, 32.63317987280457, 38.79943488116915, 46.63901657401694, 56.16972928692077]",51.245304,1,8000000
"[1.2812225489490754, 0.7086408954674487, 1.0640622455623991, 1.3951007066494825, 1.6814884864552768, 2.133009683704603, 2.7106090548315724, 2.704742606667459, 2.8966619732631784, 3.5589309015352817, 4.254450964977891, 4.900151844048125, 4.832685722589096, 6.236773757661749, 5.750475263284388, 5.623220768036994, 7.8566699029501486, 9.954575569259909, 9.696410068684505, 7.925297487092015, 6.871128166494144, 7.850226142618724, 10.58012858572544, 13.800127215931928, 16.188582920928322, 16.964309295352756, 16.054009214068213, 13.957390836589667, 11.485353056449389, 9.499311961582904, 8.717213938613567, 9.604421045778846, 12.340433195768853, 16.84091544627138, 22.81277354182612, 29.82328676515008, 37.36941265087687, 44.9385175955599, 52.05608920068011, 58.31916000517696, 63.41625173933887, 67.13582011131076, 69.36567472629645, 70.08588771762697, 69.35747040357869, 67.30872635559578, 64.12077543994958, 60.01334523685267, 55.23157586228489, 50.03429535075432, 44.68399734312089, 39.43858596339099, 34.544836189651875, 30.233442345675407, 26.715483433733066, 24.180113751346017, 22.793283733461525, 22.69730372948462, 24.011078203966818, 26.830856467621597, 31.23136622557735, 37.26721640964252, 44.97447492695848, 54.372344504163266]",51.245304,1,8100000
"[1.3227731554360205, 0.7434988747324587, 1.0152832025707352, 1.461576723201164, 1.8265722058046765, 2.322546733323496, 2.655992890151961, 2.7459328947427286, 3.0909090449920043, 3.8515834032223517, 4.429290584626501, 4.8506910852644625, 4.744032056273694, 7.028607460333689, 6.4845853623242595, 5.763336320064361, 7.7176903613540855, 9.717945637420996, 9.281191733392472, 7.359693980630596, 6.418657284345594, 7.818453365154065, 11.089299650897548, 14.709211407174871, 17.183822454430402, 17.713326775041562, 16.333108516297838, 13.70991627428318, 10.814146311290381, 8.618376777549868, 7.889999284918573, 9.08839223521339, 12.347766236190274, 17.51734885474743, 24.232018875692393, 31.992498858228995, 40.24111493926439, 48.42518937412392, 56.04473117740873, 62.684207254987385, 68.0300416454598, 71.87641152905374, 74.12218021437407, 74.76167369969409, 73.8716530277862, 71.59638820101308, 68.13228373891602, 63.71308916547054, 58.59637340353869, 53.051657665744195, 47.35038459690428, 41.75774450488415, 36.52627264176769, 31.891064457685786, 28.066419084587363, 25.243706831117738, 23.590257446988826, 23.24907702507234, 24.33921859981191, 26.956651794430066, 31.175498163094325, 37.049519748985304, 44.613767937008326, 53.886317406467654]",51.245304,1,8200000
"[1.3100277186076443, 0.7900090025047791, 1.1982819127429, 1.3545161831306958, 1.7774678325857607, 2.390664430556893, 2.233858676196022, 2.622193581160643, 2.8927178862965572, 3.8178136528716036, 4.958838123933119, 4.869856457029046, 4.996800823469945, 7.307466952015497, 6.589464191723516, 6.010833151105467, 8.11713390953576, 10.102116040214078, 9.580462336933335, 7.530358724232472, 6.2949419643683315, 7.157340263033821, 9.754622958940395, 12.805862092419325, 15.044779291540058, 15.772449287395222, 14.9709503109363, 13.142363823530559, 11.050693547272648, 9.482027973604657, 9.074652337470713, 10.228559361585763, 13.08222873715822, 17.536841967480413, 23.308073793810188, 29.989095842339257, 37.11301444821264, 44.207363162927564, 50.836898622988755, 56.6336281731818, 61.31477224521047, 64.6903836336894, 66.66279404549745, 67.22011357976973, 66.42582156930762, 64.40617311017603, 61.33678628710401, 57.42942326060359, 52.91966421010838, 48.055910666897766, 43.089947340945244, 38.269135983695264, 33.83020455893735, 29.994522105665073, 26.964706223084544, 24.922388839038806, 24.02696063307557, 24.4151201108287, 26.201065899079712, 29.477187354091992, 34.315126869926935, 40.76710581840956, 48.8674238424782, 58.63405764261803]",51.245304,1,8300000
"[1.2362231051801411, 0.7701391714344658, 1.172515292436787, 1.3955706402578478, 1.6685674211139176, 2.095332787326228, 2.2138132823402, 2.5219439057146102, 3.123693786302398, 3.7576815904979814, 4.435807761781292, 5.426632433538426, 5.854615287282619, 7.252604291246755, 6.126140065614734, 5.542604138752434, 7.82549093957818, 10.116694381911145, 9.87520780734289, 7.986094672151947, 6.870472212374672, 7.936172815155533, 10.847598192117896, 14.22963046133077, 16.670794867999376, 17.36129304072172, 16.254980548702807, 13.9104567372964, 11.204440829135978, 9.053576316642676, 8.211606276490055, 9.158405534420567, 12.06931332191702, 16.841967976940143, 23.156733851926163, 30.550705696211303, 38.49089130071559, 46.43767174827309, 53.89416219233312, 60.440384612886284, 65.75328368148399, 69.61478178082946, 71.91053336575725, 72.62203787328819, 71.81449593508286, 69.62238729312924, 66.2343064096838, 61.87817212737561, 56.807562282825074, 51.289625511137444, 45.59479132797028, 39.988329928807865, 34.72369579790775, 30.03751406070321, 26.146025873514077, 23.24279049560738, 21.49743992263744, 21.055291408554307, 22.03763951505825, 24.54256928586117, 28.646153457830916, 34.40391773577973, 41.85247807532497, 51.01127205660826]",51.245304,1,8400000
"[1.2459660659069225, 0.7084639544417718, 1.158880149739575, 1.3557972506556981, 1.4871064508099312, 2.0131324595360978, 2.2506728610420303, 2.787845758526916, 2.8116905156246923, 3.2054094646104105, 4.299052935591406, 5.227027652144777, 5.517195368857564, 6.880583189796305, 6.082765863772293, 5.773586342256056, 7.8659749344418595, 9.808076538405487, 9.436310619706257, 7.620254970941124, 6.579905257494295, 7.625604872616235, 10.473536212605971, 13.845720711308415, 16.380077383460232, 17.244019059176345, 16.320865031061015, 14.088185756277962, 11.359092184855195, 9.016699011343306, 7.811737776665519, 8.245229030029465, 10.529176089276245, 14.605232379541595, 20.198677314339147, 26.88797278529414, 34.175299422072406, 41.54878675763175, 48.53165585193358, 54.71683513766558, 59.78780579438073, 63.52767173849642, 65.8189759374992, 66.63683275771037, 66.03770809864646, 64.14579880659224, 61.13853834313559, 57.23234771925534, 52.66939234086472, 47.7058105585938, 42.60165011389054, 37.61257907877005, 32.983319659137386, 28.942676666608126, 25.699988174787364, 23.44280552530853, 22.335606448783484, 22.519353017851866, 24.111721138844555, 27.207847108973738, 31.881457124115848, 38.186265948521594, 46.15755023757668, 55.81381963614833]",51.245304,1,8500000
"[1.3375434197969749, 0.7852773723506912, 1.034311178639481, 1.276359693570867, 1.6578160993230235, 1.9829025552519575, 1.8981097476713213, 2.9456997806034826, 3.0228633118611565, 3.6542365220742026, 4.710680225305589, 4.878472160022502, 4.961910051893127, 6.368678542888746, 5.534560344141829, 5.059271328950679, 6.970475587767708, 8.915351177742151, 8.782928018448843, 7.3325621546596365, 6.621620562282096, 7.832564553892284, 10.63137830399683, 13.775670895359886, 16.002251350348907, 16.599826237441704, 15.555146240376512, 13.406089267600228, 10.9765813893411, 9.119248150818608, 8.528386056465969, 9.63869135125303, 12.59878491280344, 17.298042158209945, 23.424299825731573, 30.53376675828644, 38.1197824935596, 45.672222496218716, 52.72355929262327, 58.88063271916069, 63.84313587178162, 67.4108922324707, 69.48242180646625, 70.04728816831387, 69.1744606088326, 66.99854625880593, 63.70533430335275, 59.51770246514925, 54.682593964896654, 49.45949302089374, 44.110609513312596, 38.89282332269762, 34.05132764858391, 29.814839010177383, 26.3922006687467, 23.970187951439293, 22.71232175013526, 22.75850499073227, 24.225312012108056, 27.206779508277396, 31.775567788956675, 37.98438110918734, 45.867554743456225, 55.44273376347296]",51.245304,1,8600000
"[1.318875253168561, 0.7454459099604723, 1.2133615989809876, 1.2934440841606745, 1.9853419257158231, 2.2025672424538314, 2.389113038285006, 2.5824603094005716, 2.922688773394691, 3.8992073812545036, 5.022345788649328, 5.176110181330885, 5.313876132292937, 7.5283106926239345, 6.053587064309847, 5.293749806483831, 8.232486216659817, 10.99105463410324, 10.437204764587806, 7.836122359141949, 6.266354060995805, 7.4813064605486765, 11.070083846000424, 15.341045505154836, 18.546013438645723, 19.653813461456053, 18.54633360987561, 15.828767318719695, 12.489635550850505, 9.574549934143052, 7.95187419611986, 8.186987610040003, 10.508998199909952, 14.841788714429486, 20.871323282087776, 28.126621756198503, 36.05875000142261, 44.10854972196731, 51.75883038673336, 58.57023027285568, 64.20210679487322, 68.42093727104574, 71.0991061558279, 72.20688622699423, 71.80009199941256, 70.00543763241184, 67.00516288439765, 63.02205496565689, 58.3056197508157, 53.11985279337558, 47.73282779803596, 42.4081503811868, 37.39820809417812, 32.93907323120379, 29.246872987783018, 26.51542344688038, 24.914922512711886, 24.59150663017035, 25.667492597825174, 28.24214581749483, 32.3928376615119, 38.17647574541221, 45.631110788324975, 54.777641854638745]",51.245304,1,8700000
"[1.3650747760804367, 0.7576263850285262, 1.0751543190433044, 1.4159053290095593, 1.7749032537258917, 2.0795010259673665, 2.1744955355524347, 2.908827664405514, 3.3794600990426096, 3.381007323900862, 5.004666738695023, 5.195110618084105, 5.301398352229611, 6.871867130237198, 6.031283105336657, 5.7944039700454155, 8.19327104466718, 10.41268851714588, 10.156124715088328, 8.305667102699607, 7.076459459509826, 7.76266616650026, 10.129195250739945, 13.021734361642105, 15.221082870482947, 15.995169934320352, 15.25661278610478, 13.447312906861695, 11.305157674353667, 9.626450889453137, 9.084350045509725, 10.122497656840928, 12.91830982532731, 17.398902216354845, 23.28987986234083, 30.179330867603653, 37.583591476437235, 45.00596181630905, 51.98361036737309, 58.12102015130951, 63.110447895267534, 66.74111558234654, 68.89943002787086, 69.56263489998229, 68.78811804558327, 66.70026216956958, 63.4763355542165, 59.33253367966876, 54.51093763595423, 49.2678673919876, 43.86388111914581, 38.55550223206181, 33.58863614688283, 29.193560063606764, 25.581322477073588, 22.94136657068336, 21.44018631317506, 21.220830423132508, 22.403083076642144, 25.08416807679929, 29.339842844199616, 35.225768409425186, 42.779060532983195, 52.01994450386265]",51.245304,1,8800000
"[1.29984730159234, 0.7239521417122222, 1.167639148037019, 1.4250005558463275, 1.6954870551885883, 2.0954284200585347, 2.47422244022428, 2.8896006201065663, 3.0331776081115986, 3.706015655072797, 4.667616642905004, 4.9031930709383635, 5.319327429830358, 7.303362727444143, 6.285079582060766, 5.549870047819314, 7.651668562935738, 9.82290847513458, 9.636888847061385, 7.955268037297385, 7.055810083883457, 8.246619648736347, 11.205297997497942, 14.634345857358323, 17.191198783743538, 18.088592182143806, 17.257821103795532, 15.209974975650926, 12.77052542477566, 10.815207152223765, 10.073168592381208, 11.016098095717812, 13.824484995358233, 18.41029623893144, 24.473400326894208, 31.572302161565116, 39.194949564591234, 46.82065039176935, 53.96857109444698, 60.23155659886839, 65.29614635790189, 68.95085480396713, 71.08527897388291, 71.68262235597707, 70.80797189696246, 68.59427603101193, 65.22754195787786, 60.93235982794628, 55.95850220013649, 50.56905244052049, 45.030286945890204, 39.603367665326516, 34.53778451122126, 30.0664120570469, 26.402001938286016, 23.734913215737155, 22.231880612886574, 22.035629394320246, 23.2651613984814, 26.016556179537055, 30.364152070601836, 36.36199270028925, 44.04544407789136, 53.43290522264493]",51.245304,1,8900000
"[1.2154737705138472, 0.7487418682447509, 1.033583835263486, 1.392846361024539, 1.8030893086351545, 2.0325653276281295, 2.173513660265077, 2.8680151739987725, 3.5575356296948115, 3.8568816161250914, 4.478683231048653, 5.3903587487703595, 5.7028257071545, 7.427139183477421, 6.439912863319718, 5.721833901804235, 7.782370454181338, 9.94420632620374, 9.697232338034546, 7.81425210454255, 6.635278953081273, 7.611565664928732, 10.515243627999089, 14.046201122196353, 16.792632898572364, 17.883616812499564, 17.18756836496621, 15.184264545773633, 12.694517163272819, 10.605870004093658, 9.666620748361451, 10.369011604362308, 12.912502141929705, 17.225371359965408, 23.021017365968863, 29.868900222556746, 37.26559305946325, 44.69689120327785, 51.68645900675181, 57.8297908070061, 62.81439084363658, 66.42825322410313, 68.55920205133327, 69.18766848044476, 68.3752256938573, 66.25081439779619, 62.99616496417754, 58.831515858456086, 54.002372693537374, 48.76776089354415, 43.39019864740682, 38.12745004337868, 33.22600227800512, 28.916135948574812, 25.40841435836272, 22.891398244967398, 21.530389486059956, 21.467015623325, 22.819482222079113, 25.683338992869785, 30.132625984419334, 36.221286470139844, 43.984752395806034, 53.44162584334865]",51.245304,1,9000000
"[1.4695664354189573, 0.8091669182290853, 1.0695328831058442, 1.3487789013390865, 1.742471985691939, 2.1446254974738665, 2.3483900236329474, 2.69400516948871, 3.212031761276227, 3.85566168825364, 4.418387857578917, 4.600414114291446, 5.168572756892278, 7.224859219912221, 6.531471906225379, 6.091414100094582, 8.207957685237467, 10.230258048305945, 9.81535590244707, 7.793927210852524, 6.454791438519041, 7.215524263654288, 9.892261184152868, 13.270845289037121, 16.003485092412603, 17.22627980283176, 16.762487266247856, 15.021744069380802, 12.758420801959273, 10.815598893747389, 9.924761580263487, 10.585361352841149, 13.01993778904833, 17.18691005344586, 22.829684178955986, 29.542870201902424, 36.84099718994506, 44.22014831864601, 51.20735148985699, 57.3959263232787, 62.46725987464316, 66.20081074282687, 68.47474713060149, 69.25973366217883, 68.60818591030797, 66.64095699010936, 63.53300926322413, 59.49922088562094, 54.78111792087293, 49.6350243587639, 44.32188802216784, 39.098865805384676, 34.21262891211997, 29.89426832412822, 26.355633328768285, 23.78691319743944, 22.355266961680485, 22.20431297167326, 23.45430411741819, 26.20283293912579, 30.525930971462316, 36.47944691705244, 44.100607559149296, 53.40968305864985]",51.245304,1,9100000
"[1.3566840284985897, 0.8239473500218158, 1.1301950604177515, 1.3435114050069752, 1.7996534426514497, 2.0198295885357083, 2.380198807403889, 2.655352595351456, 2.9704994933660345, 3.7461860732664487, 4.574282906235048, 4.789603591103103, 5.051797785414484, 7.12779672875099, 6.324602784052221, 5.802597157577032, 8.300157461880056, 10.6963416354202, 10.19828810458273, 7.865249963882423, 6.462799057213696, 7.603556970927664, 10.930378371856035, 14.898394153965015, 17.89869583550995, 18.98234208069045, 18.052098771286246, 15.690064543945933, 12.838342835940482, 10.488495452849401, 9.456699390893206, 10.262877672682805, 13.099515598510896, 17.863327029619818, 24.22237634656946, 31.696372171279474, 39.73463264353069, 47.78255624583872, 55.332430001610774, 61.957890389451244, 67.33349233749384, 71.2419391024375, 73.5718929748599, 74.30919198717127, 73.52394738402148, 71.35553575331953, 67.99702226548006, 63.680112090066075, 58.661352708674976, 53.210009281132905, 47.59780623193781, 42.09056272660739, 36.94163716114071, 32.387025289451614, 28.641918082779856, 25.898510159992597, 24.324850524090593, 24.064538783564576, 25.237087777448785, 27.938794451423334, 32.24398276285219, 38.20650385863868, 45.86139884893812, 55.2266476689955]",51.245304,1,9200000
"[1.3607177507455475, 0.7555147863225782, 1.0564574375100373, 1.3987171766561597, 1.7890817167589737, 1.9922992751717636, 2.209922748574458, 2.837364714168661, 3.127549647828892, 3.7570026223885087, 4.7091456380715195, 4.653446682639316, 4.964465118196186, 6.745834070546448, 5.874863000531097, 5.262672273443785, 7.2397802077097975, 9.320983335445852, 9.282446958344037, 7.894012884810661, 7.219081822676171, 8.421843825601627, 11.172590020199406, 14.26710724456902, 16.485985042251574, 17.13793000315981, 16.197280865504247, 14.167016579407814, 11.830414780295214, 10.00763593104598, 9.375855103133302, 10.368760631603495, 13.146762151514576, 17.618860028817092, 23.49550911672206, 30.354739169347468, 37.70846222654966, 45.06065866732666, 51.953166085081676, 57.997803464719794, 62.89555658370698, 66.44468838718963, 68.54013093249515, 69.16656868672408, 68.38740907029887, 66.33148611975238, 63.17894792821596, 59.14739556667198, 54.47900247613768, 49.42906294009767, 44.2561986887444, 39.2142896310259, 34.54608040933323, 30.478339981702376, 27.21840797630452, 24.951941250068774, 23.84167025672479, 24.026982116113835, 25.62416150935941, 28.72713858918713, 33.40861275089081, 39.72144081405041, 47.7001969130761, 57.36282858326071]",51.245304,1,9300000
"[1.3801166479214508, 0.7814683846158568, 1.142349136685194, 1.480758625726237, 1.757964101027371, 1.9797866256349381, 2.6485527502761537, 2.741437707260066, 2.7706494857375574, 3.80678084049099, 4.645298937398814, 5.1915630418203875, 5.416890991528094, 7.2897524480228775, 6.218546883676077, 5.542334659873746, 7.925452739729361, 10.264735026839547, 9.943931292530246, 8.13489538948695, 7.527305269083027, 9.509218041481294, 13.478060194973395, 17.735444395343755, 20.649167678089427, 21.348420570892216, 19.860136382795822, 16.888940727348064, 13.471505056318463, 10.659010089958489, 9.29670173883752, 9.911499302981735, 12.688967478058553, 17.51108241181856, 24.02727399905413, 31.737001346332534, 40.06899507570681, 48.44848416140565, 56.34852686543424, 63.324893648279996, 69.0359954544921, 73.2504043906974, 75.84486967943732, 76.79564220450202, 76.16558125271294, 74.08906632676651, 70.75626644319648, 66.39788333955856, 61.27111102636084, 55.64725181936759, 49.801197067772094, 44.00281190165094, 38.51014742231012, 33.56433025520517, 29.385938347117538, 26.172654667564505, 24.09798991884205, 23.310875802175254, 23.935947500800207, 26.074354635960557, 29.804961768986825, 35.18582103202153, 42.25581969751919, 51.036423878696084]",51.245304,1,9400000
"[1.3494788044985093, 0.7582027340800327, 1.1586160904070901, 1.2950043842831538, 1.7288135060598455, 2.2298506882073075, 2.186121342039047, 2.6072801014711926, 3.278869710189696, 3.9437865308257294, 4.9153239939595075, 5.247182182484465, 5.318800973913769, 6.995355493699215, 6.203756414003358, 5.960401874645624, 8.09884067559469, 9.785062238552825, 9.06181224458208, 7.179339361551912, 6.4725928994319775, 8.08539904878346, 11.489423244129252, 15.242313807964063, 17.941454361939385, 18.80790214058179, 17.82200620839095, 15.559301061790672, 12.906679901526651, 10.787441012650714, 9.960100833429902, 10.907879544273825, 13.80811545208104, 18.559272413828133, 24.841722905961408, 32.19219868177065, 40.07738522230502, 47.9576770464583, 55.33669038716347, 61.79545959156606, 67.01238395045243, 70.77116073527712, 72.95939878531696, 73.56059646935257, 72.64188363589088, 70.33951273723761, 66.84363612235182, 62.383483262078954, 57.21368437249309, 51.60218763369065, 45.81998623505772, 40.132702446193456, 34.79395936110228, 30.040396620351412, 26.088144520510948, 23.130552901431408, 21.336969939092718, 20.852375801932084, 21.79769271661072, 24.270613135915593, 28.34680913596619, 34.081407352213176, 41.51063371129325, 50.653550357922576]",51.245304,1,9500000
"[1.3785401240730033, 0.7331782271923863, 1.1721262006066544, 1.3468475620639477, 1.7052301251718829, 2.083159681510152, 2.138740919843413, 2.84666048395435, 2.76307591729774, 3.7724640480207383, 4.5355450277080624, 4.853209362920996, 5.134627352158713, 6.925579087425311, 5.918890141313339, 5.7098748030922355, 8.478372724712885, 10.837440312303501, 10.291668795641296, 8.132908461985325, 7.074690597332796, 8.557057651135151, 12.097535264189395, 16.119711831212435, 19.046545142710613, 19.97949607362809, 18.86146617815039, 16.295544900425007, 13.229348975684323, 10.65240122347587, 9.378236191352178, 9.92751616319314, 12.497957087676816, 16.995185812547035, 23.09817823300011, 30.337772954924027, 38.17320123689155, 46.05763244455971, 53.48855541455634, 60.042211263106914, 65.39340640391067, 69.32314060334053, 71.71687652111603, 72.55621050258382, 71.90637919743098, 69.90159550195966, 66.72974387072681, 62.61753462636923, 57.81684759942541, 52.59269714317592, 47.21302203285196, 41.94033763013772, 37.02517395371041, 32.70115138945935, 29.1815058337608, 26.65685851769274, 25.294025541274337, 25.23567266631062, 26.600637916942027, 29.484764890601543, 33.962111178143815, 40.08641743884425, 47.89274252819333, 57.39918809042156]",51.245304,1,9600000
"[1.3155380149866727, 0.8242712779997906, 1.1145171778566707, 1.3071858186791037, 1.7834319747237437, 2.3915948518955275, 2.417923663783722, 2.7623623418457224, 2.9679277679349667, 3.9611255769754172, 4.656948694925577, 4.7200245198474455, 5.339595502393203, 6.973610682004162, 5.982287589092036, 5.7735117286627275, 8.152370622011327, 10.16754672264319, 9.657391472159237, 7.676160710522613, 6.522818884271591, 7.470219914165583, 10.188078076979224, 13.410843864001258, 15.844961483192257, 16.742774781897165, 16.049880608983713, 14.263483991864367, 12.173670511744245, 10.610253604767076, 10.256650149771263, 11.546827054037882, 14.635651863856852, 19.422352882132614, 25.60542553891569, 32.75062986309562, 40.35872013571593, 47.92453154562954, 54.98320402682591, 61.142382827342466, 66.10123629088599, 69.65825466104155, 71.71026396775653, 72.24511930722223, 71.33030827555179, 69.09933007534829, 65.73730969274422, 61.466916316357604, 56.53531199381397, 51.202573709328604, 45.73181146439068, 40.38104173660358, 35.39676177110019, 31.009096331621368, 27.428345857669484, 24.842745453818683, 23.417241056057136, 23.29309707338744, 24.588164611409393, 27.397657933138625, 31.79530686617426, 37.834772890527404, 45.55123564331625, 54.96307396283059]",51.245304,1,9700000
"[1.3384119872306965, 0.7803017972829687, 1.2238081512281922, 1.3431726241356101, 1.7049957633050545, 2.149192618147842, 2.4270611433688405, 2.883395997950575, 2.7951691299135515, 3.8578388354882627, 4.364659676119943, 4.26290059449436, 4.535418248766479, 6.002406480598371, 5.484204322600093, 5.529395760623538, 7.810658473947748, 9.809314892949784, 9.530542353703533, 7.894384023817531, 7.030884395763236, 8.143101495826247, 10.915838321144243, 14.123573720596259, 16.497208389214222, 17.290121972839184, 16.437278091085858, 14.428534528176812, 12.058697164093402, 10.175240164863629, 9.487695407158357, 10.458262357485564, 13.266597212143553, 17.829749090439158, 23.855741964946983, 30.9119885684839, 38.49451089797927, 46.08897407572518, 53.218857661300454, 59.47932874961535, 64.5575335871925, 68.24125388687791, 70.41840710397425, 71.06992934912576, 70.25835255584656, 68.11401556123253, 64.82042966657679, 60.59991433577214, 55.70026173015265, 50.382894334243424, 44.912750232011234, 39.549960726357575, 34.54326650440633, 30.12504182152679, 26.50775184785202, 23.88164804559267, 22.41350321060714, 22.246195989258666, 23.498969928741236, 26.268211206630333, 30.628609803033264, 36.63458944525006, 44.321911148938796, 53.709372996401065]",51.245304,1,9800000
"[1.1976510491221979, 0.7561412164392212, 1.0900363695925068, 1.370564620964784, 1.5381316493741368, 2.2225732879179145, 2.266617767224548, 2.7187471154234206, 2.891873352856383, 3.925056574780825, 4.677842272768119, 5.154005036198891, 5.059916312760141, 6.685704379212329, 6.1456790361354985, 5.993578289037962, 8.231943445847374, 10.111969458124015, 9.497358519403917, 7.590141970718422, 6.876552906156288, 8.651040060993997, 12.404911412010618, 16.601531205162697, 19.70665367875013, 20.832211834056658, 19.895407261665298, 17.452954912024314, 14.405784687903715, 11.711948781297107, 10.175852122069806, 10.330898173602314, 12.404119904906672, 16.339843609979628, 21.858212493621238, 28.52827996288336, 35.841025339812624, 43.273179759141556, 50.33730869564074, 56.61691807132888, 61.78750004555492, 65.62562681199981, 68.00868968419107, 68.9079014585775, 68.3769236094328, 66.5380876521886, 63.56774798492466, 59.68189091861687, 55.1227634046538, 50.146988378421604, 45.015402972188674, 39.98468560543675, 35.30071934528557, 31.19356214797692, 27.87385020234773, 25.530440224036404, 24.3290931822966, 24.41200996348512, 25.89804455819107, 28.883439286119398, 33.442947043174364, 39.631225993349275, 47.48441151536751, 57.021787945928295]",51.245304,1,9900000
"[1.27838900264624, 0.7735683572145609, 1.0881944729728412, 1.3934081407564785, 1.710560058389532, 2.0081848786725756, 2.269290948092484, 2.758554513273981, 3.297920134796467, 3.346004990232698, 4.654123461178372, 5.224710361708878, 5.652156331527516, 7.245306369883297, 6.380677831828828, 6.059638077842865, 8.069653056770676, 9.699062643589546, 9.083707238373075, 7.429787735760625, 6.956794665413945, 8.721273104708315, 12.177970491479298, 15.919906489000754, 18.590984525776086, 19.438784130112314, 18.440944483764657, 16.148961034551665, 13.418971574684207, 11.149758979646036, 10.088987523805475, 10.724354763739889, 13.250562080757359, 17.591829810706006, 23.45782358418828, 30.41393738704975, 37.951885212266774, 45.55168500838222, 52.73046471083177, 59.07675276852872, 64.27104618697891, 68.09465498976824, 70.42933541102778, 71.2502694190162, 70.6147121366586, 68.64825174184811, 65.53020497032401, 61.47926563582386, 56.74016660884041, 51.57182152166277, 46.2371830479444, 40.99488489069872, 36.09261611771719, 31.762099607874056, 28.215501793146995, 25.643080294802655, 24.211872482419036, 24.06523583208315, 25.32306590240582, 28.082536566725977, 32.41922753216358, 38.3885245606969, 46.0271971604733, 55.355076227886464]",51.245304,1,10000000
